Price,Open,High,Low,Close,Adj Close,Volume,Dividends,Stock Splits
Ticker,MSFT,MSFT,MSFT,MSFT,MSFT,MSFT,MSFT,MSFT
Date,,,,,,,,
2015-01-02,46.65999984741211,47.41999816894531,46.540000915527344,46.7599983215332,39.60718536376953,27913900,0.0,0.0
2015-01-05,46.369998931884766,46.72999954223633,46.25,46.33000183105469,39.242958068847656,39673900,0.0,0.0
2015-01-06,46.380001068115234,46.75,45.540000915527344,45.650001525878906,38.66697311401367,36447900,0.0,0.0
2015-01-07,45.97999954223633,46.459999084472656,45.4900016784668,46.22999954223633,39.15825653076172,29114100,0.0,0.0
2015-01-08,46.75,47.75,46.720001220703125,47.59000015258789,40.31022644042969,29645200,0.0,0.0
2015-01-09,47.61000061035156,47.81999969482422,46.900001525878906,47.189998626708984,39.97140121459961,23944200,0.0,0.0
2015-01-12,47.41999816894531,47.540000915527344,46.36000061035156,46.599998474121094,39.47166442871094,23651900,0.0,0.0
2015-01-13,46.970001220703125,47.90999984741211,46.060001373291016,46.36000061035156,39.26836013793945,35270600,0.0,0.0
2015-01-14,45.959999084472656,46.2400016784668,45.619998931884766,45.959999084472656,38.929561614990234,29719600,0.0,0.0
2015-01-15,46.220001220703125,46.380001068115234,45.40999984741211,45.47999954223633,38.52297592163086,32750800,0.0,0.0
2015-01-16,45.310001373291016,46.279998779296875,45.16999816894531,46.2400016784668,39.166717529296875,35695300,0.0,0.0
2015-01-20,46.29999923706055,46.650001525878906,45.56999969482422,46.38999938964844,39.293766021728516,36161900,0.0,0.0
2015-01-21,45.939998626708984,46.13999938964844,45.47999954223633,45.91999816894531,38.89567565917969,39081100,0.0,0.0
2015-01-22,46.380001068115234,47.13999938964844,46.08000183105469,47.130001068115234,39.92058563232422,35898000,0.0,0.0
2015-01-23,47.36000061035156,47.38999938964844,46.79999923706055,47.18000030517578,39.96294403076172,26211600,0.0,0.0
2015-01-26,47.0,47.130001068115234,46.2400016784668,47.0099983215332,39.818939208984375,42525500,0.0,0.0
2015-01-27,42.95000076293945,43.20000076293945,42.11000061035156,42.65999984741211,36.13434982299805,169164000,0.0,0.0
2015-01-28,42.7400016784668,42.790000915527344,41.15999984741211,41.189998626708984,34.88921356201172,84507100,0.0,0.0
2015-01-29,40.93000030517578,42.119998931884766,40.790000915527344,42.0099983215332,35.58377456665039,63585300,0.0,0.0
2015-01-30,41.54999923706055,41.58000183105469,40.349998474121094,40.400001525878906,34.220062255859375,78004900,0.0,0.0
2015-02-02,40.59000015258789,41.369998931884766,40.22999954223633,41.279998779296875,34.965450286865234,50352500,0.0,0.0
2015-02-03,41.630001068115234,41.93000030517578,41.04999923706055,41.599998474121094,35.23649978637695,52082400,0.0,0.0
2015-02-04,41.939998626708984,42.209999084472656,41.36000061035156,41.84000015258789,35.439788818359375,41614800,0.0,0.0
2015-02-05,42.220001220703125,42.63999938964844,41.86000061035156,42.45000076293945,35.95648193359375,36548200,0.0,0.0
2015-02-06,42.68000030517578,42.790000915527344,42.150001525878906,42.40999984741211,35.92258834838867,34616600,0.0,0.0
2015-02-09,42.2400016784668,42.7400016784668,42.209999084472656,42.36000061035156,35.8802490234375,31381100,0.0,0.0
2015-02-10,42.7400016784668,42.77000045776367,42.18000030517578,42.599998474121094,36.083534240722656,29670700,0.0,0.0
2015-02-11,42.650001525878906,42.650001525878906,42.209999084472656,42.380001068115234,35.89719772338867,38262500,0.0,0.0
2015-02-12,42.65999984741211,43.09000015258789,42.5099983215332,43.09000015258789,36.49858093261719,33268800,0.0,0.0
2015-02-13,43.380001068115234,43.869998931884766,43.150001525878906,43.869998931884766,37.15925598144531,40264900,0.0,0.0
2015-02-17,43.970001220703125,44.0,43.189998626708984,43.58000183105469,37.17631149291992,33695700,0.31,0.0
2015-02-18,43.630001068115234,43.70000076293945,43.38999938964844,43.529998779296875,37.1336784362793,27111700,0.0,0.0
2015-02-19,43.18000030517578,43.529998779296875,43.04999923706055,43.5,37.10807800292969,27603400,0.0,0.0
2015-02-20,43.5099983215332,43.880001068115234,43.290000915527344,43.86000061035156,37.41518783569336,29721100,0.0,0.0
2015-02-23,43.70000076293945,44.189998626708984,43.650001525878906,44.150001525878906,37.66255569458008,32518800,0.0,0.0
2015-02-24,44.150001525878906,44.29999923706055,43.91999816894531,44.09000015258789,37.61137390136719,25271700,0.0,0.0
2015-02-25,43.95000076293945,44.09000015258789,43.79999923706055,43.9900016784668,37.52608108520508,29759800,0.0,0.0
2015-02-26,43.9900016784668,44.22999954223633,43.88999938964844,44.060001373291016,37.5858039855957,28957300,0.0,0.0
2015-02-27,44.130001068115234,44.20000076293945,43.65999984741211,43.849998474121094,37.406646728515625,33807700,0.0,0.0
2015-03-02,43.66999816894531,44.189998626708984,43.54999923706055,43.880001068115234,37.4322395324707,31924000,0.0,0.0
2015-03-03,43.560001373291016,43.83000183105469,43.09000015258789,43.279998779296875,36.920406341552734,31748600,0.0,0.0
2015-03-04,43.0099983215332,43.209999084472656,42.880001068115234,43.060001373291016,36.73273849487305,25748700,0.0,0.0
2015-03-05,43.06999969482422,43.2400016784668,42.81999969482422,43.11000061035156,36.77538299560547,23193500,0.0,0.0
2015-03-06,43.0,43.11000061035156,42.150001525878906,42.36000061035156,36.13559341430664,36248800,0.0,0.0
2015-03-09,42.189998626708984,43.130001068115234,42.189998626708984,42.849998474121094,36.553585052490234,32108000,0.0,0.0
2015-03-10,42.349998474121094,42.709999084472656,42.029998779296875,42.029998779296875,35.854068756103516,39159700,0.0,0.0
2015-03-11,42.310001373291016,42.369998931884766,41.84000015258789,41.97999954223633,35.81142807006836,32215300,0.0,0.0
2015-03-12,41.33000183105469,41.650001525878906,40.86000061035156,41.02000045776367,34.99249267578125,59992500,0.0,0.0
2015-03-13,40.70000076293945,41.470001220703125,40.61000061035156,41.380001068115234,35.29957580566406,58007700,0.0,0.0
2015-03-16,41.470001220703125,41.63999938964844,41.279998779296875,41.560001373291016,35.45313262939453,35273500,0.0,0.0
2015-03-17,41.369998931884766,41.83000183105469,41.150001525878906,41.70000076293945,35.57256317138672,31673400,0.0,0.0
2015-03-18,41.43000030517578,42.83000183105469,41.33000183105469,42.5,36.25502014160156,44194800,0.0,0.0
2015-03-19,42.2599983215332,42.59000015258789,42.220001220703125,42.290000915527344,36.07588577270508,33879100,0.0,0.0
2015-03-20,42.560001373291016,42.97999954223633,42.4900016784668,42.880001068115234,36.579185485839844,71904500,0.0,0.0
2015-03-23,42.880001068115234,43.130001068115234,42.779998779296875,42.86000061035156,36.562129974365234,26246100,0.0,0.0
2015-03-24,42.779998779296875,43.16999816894531,42.75,42.900001525878906,36.596248626708984,25513300,0.0,0.0
2015-03-25,42.91999816894531,42.93000030517578,41.439998626708984,41.459999084472656,35.36782455444336,43469900,0.0,0.0
2015-03-26,41.220001220703125,41.61000061035156,40.91999816894531,41.209999084472656,35.154571533203125,37495600,0.0,0.0
2015-03-27,41.119998931884766,41.43000030517578,40.83000183105469,40.970001220703125,34.94983673095703,34401400,0.0,0.0
2015-03-30,41.099998474121094,41.540000915527344,40.90999984741211,40.959999084472656,34.941307067871094,35049700,0.0,0.0
2015-03-31,40.779998779296875,41.029998779296875,40.540000915527344,40.65999984741211,34.685386657714844,34887200,0.0,0.0
2015-04-01,40.599998474121094,40.7599983215332,40.310001373291016,40.720001220703125,34.73657989501953,36865300,0.0,0.0
2015-04-02,40.65999984741211,40.7400016784668,40.119998931884766,40.290000915527344,34.36975860595703,37487500,0.0,0.0
2015-04-06,40.34000015258789,41.779998779296875,40.18000030517578,41.54999923706055,35.44461441040039,39223700,0.0,0.0
2015-04-07,41.61000061035156,41.90999984741211,41.310001373291016,41.529998779296875,35.42755126953125,28809400,0.0,0.0
2015-04-08,41.459999084472656,41.689998626708984,41.040000915527344,41.41999816894531,35.333702087402344,24753400,0.0,0.0
2015-04-09,41.25,41.619998931884766,41.25,41.47999954223633,35.3848991394043,25723900,0.0,0.0
2015-04-10,41.630001068115234,41.95000076293945,41.40999984741211,41.720001220703125,35.58962631225586,28022000,0.0,0.0
2015-04-13,41.400001525878906,42.060001373291016,41.38999938964844,41.7599983215332,35.623756408691406,30276700,0.0,0.0
2015-04-14,41.79999923706055,42.029998779296875,41.38999938964844,41.650001525878906,35.529911041259766,24244400,0.0,0.0
2015-04-15,41.7599983215332,42.459999084472656,41.68000030517578,42.2599983215332,36.05027389526367,27343600,0.0,0.0
2015-04-16,41.95000076293945,42.34000015258789,41.81999969482422,42.15999984741211,35.96498107910156,22509700,0.0,0.0
2015-04-17,41.66999816894531,41.7400016784668,41.15999984741211,41.619998931884766,35.50431442260742,42387600,0.0,0.0
2015-04-20,41.72999954223633,43.16999816894531,41.68000030517578,42.90999984741211,36.604774475097656,46057700,0.0,0.0
2015-04-21,43.0,43.150001525878906,42.529998779296875,42.63999938964844,36.37443923950195,26013800,0.0,0.0
2015-04-22,42.66999816894531,43.130001068115234,42.54999923706055,42.9900016784668,36.67300796508789,25064300,0.0,0.0
2015-04-23,42.88999938964844,43.61000061035156,42.79999923706055,43.34000015258789,36.97159194946289,46309500,0.0,0.0
2015-04-24,45.65999984741211,48.13999938964844,45.650001525878906,47.869998931884766,40.8359489440918,130933700,0.0,0.0
2015-04-27,47.22999954223633,48.130001068115234,47.220001220703125,48.029998779296875,40.97243118286133,59248200,0.0,0.0
2015-04-28,47.779998779296875,49.209999084472656,47.70000076293945,49.15999984741211,41.93638610839844,60730800,0.0,0.0
2015-04-29,48.720001220703125,49.310001373291016,48.5,49.060001373291016,41.85108184814453,47804600,0.0,0.0
2015-04-30,48.70000076293945,49.540000915527344,48.599998474121094,48.63999938964844,41.49281311035156,64725500,0.0,0.0
2015-05-01,48.58000183105469,48.880001068115234,48.400001525878906,48.65999984741211,41.50986862182617,38937300,0.0,0.0
2015-05-04,48.369998931884766,48.869998931884766,48.18000030517578,48.2400016784668,41.15157699584961,34039500,0.0,0.0
2015-05-05,47.81999969482422,48.15999984741211,47.310001373291016,47.599998474121094,40.60561752319336,50369200,0.0,0.0
2015-05-06,47.56999969482422,47.77000045776367,46.02000045776367,46.279998779296875,39.47957992553711,52433000,0.0,0.0
2015-05-07,46.27000045776367,47.09000015258789,46.15999984741211,46.70000076293945,39.83787155151367,32971700,0.0,0.0
2015-05-08,47.54999923706055,47.97999954223633,47.52000045776367,47.75,40.733585357666016,35364900,0.0,0.0
2015-05-11,47.54999923706055,47.90999984741211,47.369998931884766,47.369998931884766,40.40940856933594,24609400,0.0,0.0
2015-05-12,46.849998474121094,47.68000030517578,46.41999816894531,47.349998474121094,40.392337799072266,29928300,0.0,0.0
2015-05-13,48.189998626708984,48.31999969482422,47.56999969482422,47.630001068115234,40.6312255859375,34184600,0.0,0.0
2015-05-14,48.029998779296875,48.81999969482422,48.029998779296875,48.720001220703125,41.56105422973633,32980900,0.0,0.0
2015-05-15,48.869998931884766,48.90999984741211,48.04999923706055,48.29999923706055,41.202762603759766,28642700,0.0,0.0
2015-05-18,47.97999954223633,48.220001220703125,47.61000061035156,48.0099983215332,40.95537567138672,24136500,0.0,0.0
2015-05-19,47.560001373291016,47.810001373291016,47.18000030517578,47.58000183105469,40.852352142333984,28574800,0.31,0.0
2015-05-20,47.38999938964844,47.93000030517578,47.27000045776367,47.58000183105469,40.852352142333984,25047900,0.0,0.0
2015-05-21,47.279998779296875,47.599998474121094,47.0099983215332,47.41999816894531,40.7149543762207,22410700,0.0,0.0
2015-05-22,47.29999923706055,47.349998474121094,46.81999969482422,46.900001525878906,40.268489837646484,25720600,0.0,0.0
2015-05-26,46.83000183105469,46.880001068115234,46.189998626708984,46.59000015258789,40.002315521240234,29581900,0.0,0.0
2015-05-27,46.81999969482422,47.77000045776367,46.619998931884766,47.61000061035156,40.87810134887695,27335600,0.0,0.0
2015-05-28,47.5,48.02000045776367,47.38999938964844,47.45000076293945,40.740726470947266,19283700,0.0,0.0
2015-05-29,47.43000030517578,47.56999969482422,46.59000015258789,46.86000061035156,40.23414611816406,36519600,0.0,0.0
2015-06-01,47.060001373291016,47.77000045776367,46.619998931884766,47.22999954223633,40.55182647705078,28837300,0.0,0.0
2015-06-02,46.93000030517578,47.349998474121094,46.619998931884766,46.91999816894531,40.28565979003906,21498300,0.0,0.0
2015-06-03,47.369998931884766,47.7400016784668,46.81999969482422,46.849998474121094,40.2255744934082,28002200,0.0,0.0
2015-06-04,46.790000915527344,47.15999984741211,46.20000076293945,46.36000061035156,39.804832458496094,27745500,0.0,0.0
2015-06-05,46.310001373291016,46.52000045776367,45.84000015258789,46.13999938964844,39.615943908691406,25438100,0.0,0.0
2015-06-08,46.29999923706055,46.43000030517578,45.66999816894531,45.72999954223633,39.263912200927734,22121600,0.0,0.0
2015-06-09,45.7599983215332,45.939998626708984,45.459999084472656,45.650001525878906,39.195228576660156,24406100,0.0,0.0
2015-06-10,45.790000915527344,46.83000183105469,45.689998626708984,46.61000061035156,40.019508361816406,28417400,0.0,0.0
2015-06-11,46.65999984741211,46.91999816894531,46.130001068115234,46.439998626708984,39.873531341552734,27347800,0.0,0.0
2015-06-12,46.220001220703125,46.470001220703125,45.900001525878906,45.970001220703125,39.469993591308594,23931000,0.0,0.0
2015-06-15,45.45000076293945,45.650001525878906,45.02000045776367,45.47999954223633,39.04927062988281,33254500,0.0,0.0
2015-06-16,45.349998474121094,46.2400016784668,45.29999923706055,45.83000183105469,39.34978485107422,27070300,0.0,0.0
2015-06-17,45.72999954223633,46.06999969482422,45.36000061035156,45.970001220703125,39.469993591308594,28704100,0.0,0.0
2015-06-18,46.220001220703125,46.79999923706055,46.16999816894531,46.720001220703125,40.11393356323242,32658300,0.0,0.0
2015-06-19,46.790000915527344,46.83000183105469,45.9900016784668,46.099998474121094,39.581607818603516,63837000,0.0,0.0
2015-06-22,46.33000183105469,46.720001220703125,46.15999984741211,46.22999954223633,39.6932258605957,20318100,0.0,0.0
2015-06-23,46.130001068115234,46.279998779296875,45.619998931884766,45.90999984741211,39.41847229003906,25896500,0.0,0.0
2015-06-24,45.66999816894531,46.25,45.54999923706055,45.63999938964844,39.1866455078125,34890900,0.0,0.0
2015-06-25,46.029998779296875,46.060001373291016,45.5,45.650001525878906,39.195228576660156,20616000,0.0,0.0
2015-06-26,45.650001525878906,46.279998779296875,45.029998779296875,45.2599983215332,38.8603630065918,49835300,0.0,0.0
2015-06-29,45.040000915527344,45.22999954223633,44.36000061035156,44.369998931884766,38.096221923828125,34081700,0.0,0.0
2015-06-30,44.709999084472656,44.720001220703125,43.939998626708984,44.150001525878906,37.90732192993164,35945400,0.0,0.0
2015-07-01,44.459999084472656,45.22999954223633,44.099998474121094,44.45000076293945,38.164913177490234,28343900,0.0,0.0
2015-07-02,44.47999954223633,44.75,44.060001373291016,44.400001525878906,38.12198257446289,21752000,0.0,0.0
2015-07-06,43.959999084472656,44.47999954223633,43.95000076293945,44.38999938964844,38.113407135009766,23034000,0.0,0.0
2015-07-07,44.34000015258789,44.4900016784668,43.31999969482422,44.29999923706055,38.03610610961914,36435800,0.0,0.0
2015-07-08,44.439998626708984,44.900001525878906,44.029998779296875,44.2400016784668,37.9846076965332,39785900,0.0,0.0
2015-07-09,44.75,45.220001220703125,44.5,44.52000045776367,38.22501754760742,32424700,0.0,0.0
2015-07-10,45.0099983215332,45.13999938964844,44.56999969482422,44.61000061035156,38.30228805541992,25465800,0.0,0.0
2015-07-13,44.97999954223633,45.619998931884766,44.95000076293945,45.540000915527344,39.100791931152344,28178300,0.0,0.0
2015-07-14,45.45000076293945,45.959999084472656,45.310001373291016,45.619998931884766,39.169471740722656,22880300,0.0,0.0
2015-07-15,45.68000030517578,45.88999938964844,45.43000030517578,45.7599983215332,39.2896842956543,26629600,0.0,0.0
2015-07-16,46.0099983215332,46.689998626708984,45.970001220703125,46.65999984741211,40.062435150146484,26271700,0.0,0.0
2015-07-17,46.54999923706055,46.779998779296875,46.2599983215332,46.619998931884766,40.02809143066406,29467100,0.0,0.0
2015-07-20,46.650001525878906,47.130001068115234,46.439998626708984,46.91999816894531,40.28565979003906,30631900,0.0,0.0
2015-07-21,46.779998779296875,47.33000183105469,46.47999954223633,47.279998779296875,40.59476089477539,42781900,0.0,0.0
2015-07-22,45.439998626708984,46.93000030517578,45.20000076293945,45.540000915527344,39.100791931152344,59152400,0.0,0.0
2015-07-23,45.27000045776367,46.22999954223633,45.099998474121094,46.11000061035156,39.590187072753906,33934000,0.0,0.0
2015-07-24,45.90999984741211,46.31999969482422,45.79999923706055,45.939998626708984,39.4442253112793,32333200,0.0,0.0
2015-07-27,45.939998626708984,46.0099983215332,45.25,45.349998474121094,38.937652587890625,39701400,0.0,0.0
2015-07-28,45.58000183105469,45.63999938964844,44.790000915527344,45.34000015258789,38.929054260253906,34328900,0.0,0.0
2015-07-29,45.400001525878906,46.779998779296875,45.2599983215332,46.290000915527344,39.74474334716797,40945900,0.0,0.0
2015-07-30,46.2599983215332,47.400001525878906,45.93000030517578,46.880001068115234,40.25130844116211,39777900,0.0,0.0
2015-07-31,47.290000915527344,47.369998931884766,46.5,46.70000076293945,40.09677505493164,31201500,0.0,0.0
2015-08-03,46.97999954223633,47.0,46.45000076293945,46.810001373291016,40.19120788574219,24125900,0.0,0.0
2015-08-04,46.75,47.709999084472656,46.68000030517578,47.540000915527344,40.817996978759766,33403900,0.0,0.0
2015-08-05,47.97999954223633,48.40999984741211,47.540000915527344,47.58000183105469,40.852352142333984,26959700,0.0,0.0
2015-08-06,47.709999084472656,47.77000045776367,46.33000183105469,46.619998931884766,40.02809143066406,27368000,0.0,0.0
2015-08-07,46.38999938964844,46.779998779296875,46.2599983215332,46.7400016784668,40.131107330322266,19163000,0.0,0.0
2015-08-10,46.95000076293945,47.4900016784668,46.84000015258789,47.33000183105469,40.6376953125,23079900,0.0,0.0
2015-08-11,46.81999969482422,46.939998626708984,45.900001525878906,46.40999984741211,39.84775924682617,29237400,0.0,0.0
2015-08-12,46.189998626708984,46.900001525878906,45.709999084472656,46.7400016784668,40.131107330322266,30181400,0.0,0.0
2015-08-13,47.060001373291016,47.099998474121094,46.4900016784668,46.72999954223633,40.122528076171875,22627200,0.0,0.0
2015-08-14,46.529998779296875,47.099998474121094,46.52000045776367,47.0,40.354347229003906,21473400,0.0,0.0
2015-08-17,46.810001373291016,47.45000076293945,46.56999969482422,47.31999969482422,40.629112243652344,21099700,0.0,0.0
2015-08-18,46.84000015258789,47.43000030517578,46.70000076293945,47.27000045776367,40.853816986083984,23574100,0.31,0.0
2015-08-19,46.779998779296875,47.08000183105469,46.29999923706055,46.61000061035156,40.283409118652344,31485500,0.0,0.0
2015-08-20,46.06999969482422,46.470001220703125,45.65999984741211,45.65999984741211,39.462337493896484,36238200,0.0,0.0
2015-08-21,45.29999923706055,45.47999954223633,43.06999969482422,43.06999969482422,37.22391128540039,70053100,0.0,0.0
2015-08-24,40.45000076293945,42.689998626708984,39.720001220703125,41.68000030517578,36.02256774902344,88753700,0.0,0.0
2015-08-25,42.56999969482422,43.2400016784668,40.38999938964844,40.470001220703125,34.976802825927734,70616600,0.0,0.0
2015-08-26,42.0099983215332,42.84000015258789,41.060001373291016,42.709999084472656,36.91275405883789,63408000,0.0,0.0
2015-08-27,43.22999954223633,43.95000076293945,42.93000030517578,43.900001525878906,37.94124221801758,50943200,0.0,0.0
2015-08-28,43.400001525878906,44.150001525878906,43.38999938964844,43.93000030517578,37.96715545654297,28246700,0.0,0.0
2015-08-31,43.560001373291016,43.93000030517578,43.099998474121094,43.52000045776367,37.61281967163086,34441700,0.0,0.0
2015-09-01,42.16999816894531,42.59000015258789,41.65999984741211,41.81999969482422,36.143558502197266,49688900,0.0,0.0
2015-09-02,42.36000061035156,43.380001068115234,41.880001068115234,43.36000061035156,37.47453308105469,37671500,0.0,0.0
2015-09-03,43.40999984741211,43.97999954223633,43.279998779296875,43.5,37.59553146362305,28285200,0.0,0.0
2015-09-04,42.810001373291016,43.040000915527344,42.20000076293945,42.61000061035156,36.82634353637695,37138800,0.0,0.0
2015-09-08,43.29999923706055,44.0,43.20000076293945,43.88999938964844,37.932586669921875,32469800,0.0,0.0
2015-09-09,44.209999084472656,44.400001525878906,42.90999984741211,43.06999969482422,37.22391128540039,33469500,0.0,0.0
2015-09-10,43.119998931884766,43.790000915527344,42.75,43.290000915527344,37.41403579711914,31366600,0.0,0.0
2015-09-11,43.13999938964844,43.59000015258789,42.939998626708984,43.47999954223633,37.578243255615234,27132500,0.0,0.0
2015-09-14,43.43000030517578,43.439998626708984,42.86000061035156,43.040000915527344,37.19797134399414,23656000,0.0,0.0
2015-09-15,43.189998626708984,44.290000915527344,43.08000183105469,43.97999954223633,38.010379791259766,28882200,0.0,0.0
2015-09-16,43.970001220703125,44.380001068115234,43.84000015258789,44.29999923706055,38.28693771362305,23372200,0.0,0.0
2015-09-17,44.290000915527344,45.0,44.08000183105469,44.25,38.243736267089844,32768200,0.0,0.0
2015-09-18,43.5,43.9900016784668,43.33000183105469,43.47999954223633,37.578243255615234,63143700,0.0,0.0
2015-09-21,43.619998931884766,44.470001220703125,43.599998474121094,44.11000061035156,38.12273025512695,26177200,0.0,0.0
2015-09-22,43.380001068115234,44.04999923706055,43.310001373291016,43.900001525878906,37.94124221801758,28085900,0.0,0.0
2015-09-23,43.93000030517578,44.16999816894531,43.5099983215332,43.869998931884766,37.91530227661133,17145200,0.0,0.0
2015-09-24,43.45000076293945,44.130001068115234,43.27000045776367,43.90999984741211,37.94989013671875,27905600,0.0,0.0
2015-09-25,44.47999954223633,44.72999954223633,43.7599983215332,43.939998626708984,37.9758186340332,29384600,0.0,0.0
2015-09-28,43.83000183105469,44.09000015258789,43.209999084472656,43.290000915527344,37.41403579711914,27613800,0.0,0.0
2015-09-29,43.369998931884766,43.56999969482422,43.04999923706055,43.439998626708984,37.543678283691406,32763600,0.0,0.0
2015-09-30,43.880001068115234,44.29999923706055,43.65999984741211,44.2599983215332,38.25236892700195,34958900,0.0,0.0
2015-10-01,44.75,44.75,43.75,44.61000061035156,38.554866790771484,28657900,0.0,0.0
2015-10-02,44.27000045776367,45.56999969482422,43.91999816894531,45.56999969482422,39.38456726074219,41839000,0.0,0.0
2015-10-05,45.75,46.88999938964844,45.70000076293945,46.630001068115234,40.30068588256836,34369300,0.0,0.0
2015-10-06,46.33000183105469,47.18000030517578,46.220001220703125,46.75,40.40439224243164,27017200,0.0,0.0
2015-10-07,47.099998474121094,47.349998474121094,45.95000076293945,46.79999923706055,40.44761276245117,27711500,0.0,0.0
2015-10-08,46.560001373291016,47.52000045776367,46.5,47.45000076293945,41.00938034057617,33772700,0.0,0.0
2015-10-09,47.45000076293945,47.540000915527344,46.91999816894531,47.11000061035156,40.71552276611328,28600600,0.0,0.0
2015-10-12,46.97999954223633,47.06999969482422,46.5,47.0,40.62045669555664,19769100,0.0,0.0
2015-10-13,46.560001373291016,47.130001068115234,46.560001373291016,46.88999938964844,40.525386810302734,19987800,0.0,0.0
2015-10-14,46.650001525878906,47.099998474121094,46.529998779296875,46.68000030517578,40.343894958496094,24697800,0.0,0.0
2015-10-15,47.0099983215332,47.029998779296875,46.529998779296875,47.0099983215332,40.62911605834961,27189400,0.0,0.0
2015-10-16,47.02000045776367,47.540000915527344,46.900001525878906,47.5099983215332,41.061241149902344,26450300,0.0,0.0
2015-10-19,47.41999816894531,47.880001068115234,47.02000045776367,47.619998931884766,41.15631103515625,29387600,0.0,0.0
2015-10-20,47.439998626708984,47.810001373291016,47.02000045776367,47.77000045776367,41.28593826293945,30802200,0.0,0.0
2015-10-21,47.91999816894531,47.9900016784668,47.11000061035156,47.20000076293945,40.793312072753906,25144300,0.0,0.0
2015-10-22,47.529998779296875,48.95000076293945,47.09000015258789,48.029998779296875,41.510658264160156,56637100,0.0,0.0
2015-10-23,52.29999923706055,54.06999969482422,52.25,52.869998931884766,45.69370651245117,135227100,0.0,0.0
2015-10-26,52.529998779296875,54.31999969482422,52.5,54.25,46.88637924194336,64633300,0.0,0.0
2015-10-27,53.9900016784668,54.369998931884766,53.58000183105469,53.689998626708984,46.40239334106445,50999900,0.0,0.0
2015-10-28,53.540000915527344,53.97999954223633,52.86000061035156,53.97999954223633,46.653018951416016,47000800,0.0,0.0
2015-10-29,53.540000915527344,53.83000183105469,53.220001220703125,53.36000061035156,46.1171875,30202100,0.0,0.0
2015-10-30,53.31999969482422,53.9900016784668,52.619998931884766,52.63999938964844,45.49491882324219,46619800,0.0,0.0
2015-11-02,52.849998474121094,53.36000061035156,52.619998931884766,53.2400016784668,46.01348114013672,30285000,0.0,0.0
2015-11-03,52.93000030517578,54.38999938964844,52.900001525878906,54.150001525878906,46.799957275390625,36596900,0.0,0.0
2015-11-04,54.18000030517578,54.880001068115234,54.060001373291016,54.400001525878906,47.01603317260742,37087800,0.0,0.0
2015-11-05,54.4900016784668,54.70000076293945,54.0,54.380001068115234,46.99872970581055,31468500,0.0,0.0
2015-11-06,54.09000015258789,54.97999954223633,53.959999084472656,54.91999816894531,47.465450286865234,32851200,0.0,0.0
2015-11-09,54.54999923706055,54.869998931884766,53.560001373291016,54.15999984741211,46.8086051940918,32513100,0.0,0.0
2015-11-10,54.06999969482422,54.130001068115234,53.27000045776367,53.5099983215332,46.246829986572266,55283700,0.0,0.0
2015-11-11,53.70000076293945,54.20000076293945,53.459999084472656,53.650001525878906,46.367828369140625,36516300,0.0,0.0
2015-11-12,53.47999954223633,53.97999954223633,53.189998626708984,53.31999969482422,46.08262252807617,35361100,0.0,0.0
2015-11-13,53.06999969482422,53.290000915527344,52.529998779296875,52.84000015258789,45.66777038574219,36848200,0.0,0.0
2015-11-16,53.08000183105469,53.88999938964844,52.849998474121094,53.77000045776367,46.47153854370117,32165200,0.0,0.0
2015-11-17,53.16999816894531,53.529998779296875,52.849998474121094,52.970001220703125,46.08869552612305,31551300,0.36,0.0
2015-11-18,53.0,53.97999954223633,52.97999954223633,53.849998474121094,46.854373931884766,29710000,0.0,0.0
2015-11-19,53.9900016784668,54.65999984741211,53.779998779296875,53.939998626708984,46.932682037353516,28149200,0.0,0.0
2015-11-20,54.25,54.29999923706055,53.27000045776367,54.189998626708984,47.150203704833984,37147600,0.0,0.0
2015-11-23,54.25,54.459999084472656,53.75,54.189998626708984,47.150203704833984,28235900,0.0,0.0
2015-11-24,53.91999816894531,54.439998626708984,53.58000183105469,54.25,47.20240783691406,24600000,0.0,0.0
2015-11-25,54.09000015258789,54.22999954223633,53.689998626708984,53.689998626708984,46.71516036987305,21005100,0.0,0.0
2015-11-27,53.79999923706055,54.08000183105469,53.790000915527344,53.93000030517578,46.92397689819336,9009100,0.0,0.0
2015-11-30,54.540000915527344,54.959999084472656,54.0,54.349998474121094,47.2894172668457,56241400,0.0,0.0
2015-12-01,54.40999984741211,55.22999954223633,54.29999923706055,55.220001220703125,48.046409606933594,39952800,0.0,0.0
2015-12-02,55.31999969482422,55.959999084472656,55.060001373291016,55.209999084472656,48.037696838378906,47274900,0.0,0.0
2015-12-03,55.4900016784668,55.77000045776367,53.93000030517578,54.20000076293945,47.15891647338867,38627800,0.0,0.0
2015-12-04,54.119998931884766,56.22999954223633,54.099998474121094,55.90999984741211,48.646766662597656,43963700,0.0,0.0
2015-12-07,55.790000915527344,55.970001220703125,55.290000915527344,55.810001373291016,48.559757232666016,30709800,0.0,0.0
2015-12-08,55.470001220703125,56.099998474121094,54.9900016784668,55.790000915527344,48.5423583984375,32878000,0.0,0.0
2015-12-09,55.369998931884766,55.869998931884766,54.5099983215332,54.97999954223633,47.83757781982422,36373200,0.0,0.0
2015-12-10,55.38999938964844,55.65999984741211,55.0099983215332,55.27000045776367,48.08990478515625,31775800,0.0,0.0
2015-12-11,54.709999084472656,55.099998474121094,54.0099983215332,54.060001373291016,47.0370979309082,39549500,0.0,0.0
2015-12-14,54.33000183105469,55.209999084472656,53.68000030517578,55.13999938964844,47.97679138183594,46768900,0.0,0.0
2015-12-15,55.65999984741211,55.900001525878906,55.09000015258789,55.20000076293945,48.02900695800781,39843000,0.0,0.0
2015-12-16,55.540000915527344,56.25,54.7599983215332,56.130001068115234,48.83818817138672,37503300,0.0,0.0
2015-12-17,56.36000061035156,56.790000915527344,55.529998779296875,55.70000076293945,48.464046478271484,41280900,0.0,0.0
2015-12-18,55.77000045776367,56.0,54.029998779296875,54.130001068115234,47.097991943359375,84684200,0.0,0.0
2015-12-21,54.880001068115234,55.349998474121094,54.22999954223633,54.83000183105469,47.70707321166992,37246300,0.0,0.0
2015-12-22,54.9900016784668,55.47999954223633,54.5,55.349998474121094,48.15951156616211,28322200,0.0,0.0
2015-12-23,55.70000076293945,55.880001068115234,55.439998626708984,55.81999969482422,48.568458557128906,27279800,0.0,0.0
2015-12-24,55.86000061035156,55.959999084472656,55.43000030517578,55.66999816894531,48.43793869018555,9558500,0.0,0.0
2015-12-28,55.349998474121094,55.95000076293945,54.97999954223633,55.95000076293945,48.68155288696289,22458300,0.0,0.0
2015-12-29,56.290000915527344,56.849998474121094,56.060001373291016,56.54999923706055,49.2036247253418,27731400,0.0,0.0
2015-12-30,56.470001220703125,56.779998779296875,56.290000915527344,56.310001373291016,48.99479675292969,21704500,0.0,0.0
2015-12-31,56.040000915527344,56.189998626708984,55.41999816894531,55.47999954223633,48.27264404296875,27334100,0.0,0.0
2016-01-04,54.31999969482422,54.79999923706055,53.38999938964844,54.79999923706055,47.68096923828125,53778000,0.0,0.0
2016-01-05,54.93000030517578,55.38999938964844,54.540000915527344,55.04999923706055,47.89847946166992,34079700,0.0,0.0
2016-01-06,54.31999969482422,54.400001525878906,53.63999938964844,54.04999923706055,47.02839660644531,39518900,0.0,0.0
2016-01-07,52.70000076293945,53.4900016784668,52.06999969482422,52.16999816894531,45.39262390136719,56564900,0.0,0.0
2016-01-08,52.369998931884766,53.279998779296875,52.150001525878906,52.33000183105469,45.53185272216797,48754000,0.0,0.0
2016-01-11,52.5099983215332,52.849998474121094,51.459999084472656,52.29999923706055,45.5057373046875,36943800,0.0,0.0
2016-01-12,52.7599983215332,53.099998474121094,52.060001373291016,52.779998779296875,45.92338562011719,36095500,0.0,0.0
2016-01-13,53.79999923706055,54.06999969482422,51.29999923706055,51.63999938964844,44.93147659301758,66883600,0.0,0.0
2016-01-14,52.0,53.41999816894531,51.56999969482422,53.11000061035156,46.210514068603516,52381900,0.0,0.0
2016-01-15,51.310001373291016,51.970001220703125,50.34000015258789,50.9900016784668,44.36592102050781,71820700,0.0,0.0
2016-01-19,51.47999954223633,51.68000030517578,50.060001373291016,50.560001373291016,43.99177551269531,43564500,0.0,0.0
2016-01-20,49.97999954223633,51.380001068115234,49.099998474121094,50.790000915527344,44.1919059753418,63273000,0.0,0.0
2016-01-21,51.0,51.58000183105469,50.29999923706055,50.47999954223633,43.922176361083984,40191200,0.0,0.0
2016-01-22,51.40999984741211,52.33000183105469,51.2599983215332,52.290000915527344,45.497047424316406,37555800,0.0,0.0
2016-01-25,51.939998626708984,52.650001525878906,51.650001525878906,51.790000915527344,45.06199645996094,34707700,0.0,0.0
2016-01-26,51.790000915527344,52.439998626708984,51.54999923706055,52.16999816894531,45.39262390136719,28900800,0.0,0.0
2016-01-27,52.0099983215332,52.20000076293945,51.02000045776367,51.220001220703125,44.566036224365234,36775200,0.0,0.0
2016-01-28,51.86000061035156,52.209999084472656,51.25,52.060001373291016,45.296913146972656,62513800,0.0,0.0
2016-01-29,54.72999954223633,55.09000015258789,54.0,55.09000015258789,47.93328094482422,83611700,0.0,0.0
2016-02-01,54.880001068115234,55.09000015258789,54.5,54.709999084472656,47.602657318115234,44208500,0.0,0.0
2016-02-02,54.16999816894531,54.2599983215332,52.650001525878906,53.0,46.11479187011719,56313800,0.0,0.0
2016-02-03,53.25,53.38999938964844,51.2599983215332,52.15999984741211,45.38391876220703,57559800,0.0,0.0
2016-02-04,52.099998474121094,52.810001373291016,51.369998931884766,52.0,45.244712829589844,46987100,0.0,0.0
2016-02-05,51.939998626708984,52.0,49.560001373291016,50.15999984741211,43.64374542236328,62009000,0.0,0.0
2016-02-08,49.54999923706055,49.56999969482422,48.189998626708984,49.40999984741211,42.991180419921875,59290500,0.0,0.0
2016-02-09,49.02000045776367,50.2400016784668,48.66999816894531,49.279998779296875,42.87807083129883,46740500,0.0,0.0
2016-02-10,49.88999938964844,50.38999938964844,49.52000045776367,49.709999084472656,43.252197265625,38237000,0.0,0.0
2016-02-11,48.68000030517578,50.11000061035156,48.5099983215332,49.689998626708984,43.23479461669922,48878600,0.0,0.0
2016-02-12,50.25,50.68000030517578,49.75,50.5,43.939571380615234,34243300,0.0,0.0
2016-02-16,50.900001525878906,51.09000015258789,50.130001068115234,51.09000015258789,44.772090911865234,37291200,0.36,0.0
2016-02-17,51.4900016784668,52.77000045776367,51.45000076293945,52.41999816894531,45.9376220703125,40789000,0.0,0.0
2016-02-18,52.33000183105469,52.95000076293945,52.099998474121094,52.189998626708984,45.7360725402832,27176000,0.0,0.0
2016-02-19,51.970001220703125,52.279998779296875,51.529998779296875,51.81999969482422,45.41181182861328,33559100,0.0,0.0
2016-02-22,52.279998779296875,53.0,52.279998779296875,52.650001525878906,46.13919448852539,25008300,0.0,0.0
2016-02-23,52.34000015258789,52.369998931884766,50.97999954223633,51.18000030517578,44.8509635925293,28895300,0.0,0.0
2016-02-24,50.689998626708984,51.5,50.20000076293945,51.36000061035156,45.00870895385742,33014500,0.0,0.0
2016-02-25,51.72999954223633,52.099998474121094,50.61000061035156,52.099998474121094,45.65719985961914,26939500,0.0,0.0
2016-02-26,52.599998474121094,52.68000030517578,51.099998474121094,51.29999923706055,44.95612716674805,35975900,0.0,0.0
2016-02-29,51.349998474121094,51.650001525878906,50.65999984741211,50.880001068115234,44.58806610107422,31654000,0.0,0.0
2016-03-01,50.970001220703125,52.59000015258789,50.91999816894531,52.58000183105469,46.07784652709961,33024500,0.0,0.0
2016-03-02,52.40999984741211,52.959999084472656,52.15999984741211,52.95000076293945,46.40208053588867,29289900,0.0,0.0
2016-03-03,52.970001220703125,52.970001220703125,51.779998779296875,52.349998474121094,45.87628936767578,24427800,0.0,0.0
2016-03-04,52.400001525878906,52.45000076293945,51.709999084472656,52.029998779296875,45.59585189819336,33034200,0.0,0.0
2016-03-07,51.560001373291016,51.79999923706055,50.58000183105469,51.029998779296875,44.71950912475586,38407800,0.0,0.0
2016-03-08,50.79999923706055,52.130001068115234,50.599998474121094,51.650001525878906,45.26285171508789,33835100,0.0,0.0
2016-03-09,51.88999938964844,52.849998474121094,51.86000061035156,52.84000015258789,46.30568313598633,28251600,0.0,0.0
2016-03-10,52.93000030517578,52.939998626708984,51.15999984741211,52.04999923706055,45.61337661743164,38387800,0.0,0.0
2016-03-11,53.0,53.06999969482422,52.380001068115234,53.06999969482422,46.50725555419922,32275700,0.0,0.0
2016-03-14,52.709999084472656,53.59000015258789,52.630001068115234,53.16999816894531,46.59486770629883,24083600,0.0,0.0
2016-03-15,52.75,53.59000015258789,52.7400016784668,53.59000015258789,46.96293258666992,21104800,0.0,0.0
2016-03-16,53.45000076293945,54.599998474121094,53.400001525878906,54.349998474121094,47.628963470458984,31691700,0.0,0.0
2016-03-17,54.209999084472656,55.0,54.0,54.65999984741211,47.90060806274414,28223900,0.0,0.0
2016-03-18,54.91999816894531,54.970001220703125,53.45000076293945,53.4900016784668,46.87530517578125,67625500,0.0,0.0
2016-03-21,53.25,53.93000030517578,52.93000030517578,53.86000061035156,47.199562072753906,23925700,0.0,0.0
2016-03-22,53.61000061035156,54.25,53.459999084472656,54.06999969482422,47.38357162475586,23124100,0.0,0.0
2016-03-23,54.11000061035156,54.2400016784668,53.7400016784668,53.970001220703125,47.295936584472656,20129000,0.0,0.0
2016-03-24,53.84000015258789,54.33000183105469,53.72999954223633,54.209999084472656,47.50627517700195,19950000,0.0,0.0
2016-03-28,54.209999084472656,54.290000915527344,53.33000183105469,53.540000915527344,46.91912841796875,17025100,0.0,0.0
2016-03-29,53.65999984741211,54.86000061035156,53.45000076293945,54.709999084472656,47.944435119628906,23924300,0.0,0.0
2016-03-30,54.93000030517578,55.63999938964844,54.900001525878906,55.04999923706055,48.24239730834961,23008300,0.0,0.0
2016-03-31,54.95000076293945,55.59000015258789,54.86000061035156,55.22999954223633,48.40012741088867,26360500,0.0,0.0
2016-04-01,55.04999923706055,55.61000061035156,54.56999969482422,55.56999969482422,48.69807815551758,24399200,0.0,0.0
2016-04-04,55.43000030517578,55.65999984741211,55.0,55.43000030517578,48.57540512084961,18928800,0.0,0.0
2016-04-05,55.189998626708984,55.29999923706055,54.459999084472656,54.560001373291016,47.81298828125,19272300,0.0,0.0
2016-04-06,54.36000061035156,55.20000076293945,54.209999084472656,55.119998931884766,48.303741455078125,21188700,0.0,0.0
2016-04-07,54.869998931884766,54.90999984741211,54.22999954223633,54.459999084472656,47.725345611572266,19225100,0.0,0.0
2016-04-08,54.66999816894531,55.279998779296875,54.31999969482422,54.41999816894531,47.690303802490234,22167200,0.0,0.0
2016-04-11,54.4900016784668,55.150001525878906,54.29999923706055,54.310001373291016,47.593894958496094,21414200,0.0,0.0
2016-04-12,54.369998931884766,54.779998779296875,53.7599983215332,54.650001525878906,47.891849517822266,24944300,0.0,0.0
2016-04-13,55.119998931884766,55.439998626708984,54.88999938964844,55.349998474121094,48.505287170410156,20818000,0.0,0.0
2016-04-14,55.220001220703125,55.58000183105469,55.06999969482422,55.36000061035156,48.514060974121094,20877100,0.0,0.0
2016-04-15,55.29999923706055,55.91999816894531,55.11000061035156,55.650001525878906,48.76819610595703,28793800,0.0,0.0
2016-04-18,55.4900016784668,56.59000015258789,55.209999084472656,56.459999084472656,49.47802734375,23786000,0.0,0.0
2016-04-19,56.630001068115234,56.77000045776367,55.68000030517578,56.38999938964844,49.416683197021484,29596800,0.0,0.0
2016-04-20,56.290000915527344,56.5,55.4900016784668,55.59000015258789,48.715614318847656,36195700,0.0,0.0
2016-04-21,55.79999923706055,56.22999954223633,55.41999816894531,55.779998779296875,48.882110595703125,38909100,0.0,0.0
2016-04-22,51.90999984741211,52.43000030517578,50.77000045776367,51.779998779296875,45.37677764892578,126834100,0.0,0.0
2016-04-25,51.779998779296875,52.130001068115234,51.630001068115234,52.11000061035156,45.665958404541016,33226900,0.0,0.0
2016-04-26,52.2599983215332,52.349998474121094,51.09000015258789,51.439998626708984,45.07880783081055,33532600,0.0,0.0
2016-04-27,51.47999954223633,51.5,50.54999923706055,50.939998626708984,44.64064407348633,43369300,0.0,0.0
2016-04-28,50.619998931884766,50.77000045776367,49.560001373291016,49.900001525878906,43.729251861572266,43134800,0.0,0.0
2016-04-29,49.349998474121094,50.25,49.349998474121094,49.869998931884766,43.702964782714844,48411700,0.0,0.0
2016-05-02,50.0,50.75,49.779998779296875,50.61000061035156,44.3514518737793,33114500,0.0,0.0
2016-05-03,50.34000015258789,50.40999984741211,49.599998474121094,49.779998779296875,43.624088287353516,26460200,0.0,0.0
2016-05-04,49.84000015258789,50.060001373291016,49.459999084472656,49.869998931884766,43.702964782714844,24257600,0.0,0.0
2016-05-05,49.869998931884766,50.29999923706055,49.72999954223633,49.939998626708984,43.76430892944336,25390700,0.0,0.0
2016-05-06,49.91999816894531,50.38999938964844,49.65999984741211,50.38999938964844,44.15866470336914,24787300,0.0,0.0
2016-05-09,50.4900016784668,50.59000015258789,50.0,50.06999969482422,43.878211975097656,17951600,0.0,0.0
2016-05-10,50.33000183105469,51.099998474121094,50.189998626708984,51.02000045776367,44.710750579833984,22891000,0.0,0.0
2016-05-11,51.130001068115234,51.779998779296875,51.0,51.04999923706055,44.7370491027832,24039100,0.0,0.0
2016-05-12,51.20000076293945,51.810001373291016,50.91999816894531,51.5099983215332,45.140159606933594,24102800,0.0,0.0
2016-05-13,51.439998626708984,51.900001525878906,51.040000915527344,51.08000183105469,44.763328552246094,22592300,0.0,0.0
2016-05-16,50.79999923706055,51.959999084472656,50.75,51.83000183105469,45.42057418823242,20032000,0.0,0.0
2016-05-17,51.720001220703125,51.72999954223633,50.36000061035156,50.5099983215332,44.57341766357422,27803500,0.36,0.0
2016-05-18,50.47999954223633,51.13999938964844,50.29999923706055,50.810001373291016,44.83815383911133,24907500,0.0,0.0
2016-05-19,50.470001220703125,50.619998931884766,49.81999969482422,50.31999969482422,44.40574645996094,23842400,0.0,0.0
2016-05-20,50.47999954223633,51.220001220703125,50.400001525878906,50.619998931884766,44.67048645019531,23905800,0.0,0.0
2016-05-23,50.599998474121094,50.68000030517578,49.97999954223633,50.029998779296875,44.14982986450195,26118700,0.0,0.0
2016-05-24,50.70000076293945,51.709999084472656,50.400001525878906,51.59000015258789,45.52648162841797,34757900,0.0,0.0
2016-05-25,51.91999816894531,52.4900016784668,51.790000915527344,52.119998931884766,45.994178771972656,24040200,0.0,0.0
2016-05-26,51.93000030517578,51.97999954223633,51.36000061035156,51.88999938964844,45.79122543334961,24335200,0.0,0.0
2016-05-27,51.91999816894531,52.31999969482422,51.77000045776367,52.31999969482422,46.17068862915039,17721400,0.0,0.0
2016-05-31,52.2599983215332,53.0,52.08000183105469,53.0,46.77076721191406,37653100,0.0,0.0
2016-06-01,52.439998626708984,52.95000076293945,52.439998626708984,52.849998474121094,46.63838577270508,25324800,0.0,0.0
2016-06-02,52.63999938964844,52.7400016784668,51.84000015258789,52.47999954223633,46.31187057495117,22840800,0.0,0.0
2016-06-03,52.380001068115234,52.41999816894531,51.599998474121094,51.790000915527344,45.70297622680664,23368300,0.0,0.0
2016-06-06,51.9900016784668,52.349998474121094,51.88999938964844,52.130001068115234,46.00300216674805,18243300,0.0,0.0
2016-06-07,52.2400016784668,52.72999954223633,52.099998474121094,52.099998474121094,45.976539611816406,20866800,0.0,0.0
2016-06-08,52.02000045776367,52.439998626708984,51.869998931884766,52.040000915527344,45.9235954284668,21149400,0.0,0.0
2016-06-09,52.0,52.0,51.4900016784668,51.619998931884766,45.55295944213867,20305700,0.0,0.0
2016-06-10,51.04999923706055,52.04999923706055,51.040000915527344,51.47999954223633,45.429420471191406,25833200,0.0,0.0
2016-06-13,49.58000183105469,50.720001220703125,49.060001373291016,50.13999938964844,44.246910095214844,83217800,0.0,0.0
2016-06-14,49.900001525878906,50.099998474121094,49.56999969482422,49.83000183105469,43.97334289550781,42577100,0.0,0.0
2016-06-15,49.779998779296875,50.119998931884766,49.689998626708984,49.689998626708984,43.849788665771484,33757600,0.0,0.0
2016-06-16,49.52000045776367,50.470001220703125,49.5099983215332,50.38999938964844,44.467529296875,31188600,0.0,0.0
2016-06-17,50.40999984741211,50.43000030517578,49.81999969482422,50.130001068115234,44.238067626953125,45710500,0.0,0.0
2016-06-20,50.63999938964844,50.83000183105469,50.029998779296875,50.06999969482422,44.185115814208984,35607900,0.0,0.0
2016-06-21,50.20000076293945,51.43000030517578,50.15999984741211,51.189998626708984,45.173492431640625,34097800,0.0,0.0
2016-06-22,51.08000183105469,51.459999084472656,50.95000076293945,50.9900016784668,44.99699401855469,28816800,0.0,0.0
2016-06-23,51.279998779296875,52.060001373291016,51.150001525878906,51.90999984741211,45.808876037597656,29028800,0.0,0.0
2016-06-24,49.810001373291016,50.939998626708984,49.52000045776367,49.83000183105469,43.97334289550781,133503000,0.0,0.0
2016-06-27,49.099998474121094,49.150001525878906,48.040000915527344,48.43000030517578,42.737884521484375,50216300,0.0,0.0
2016-06-28,48.91999816894531,49.470001220703125,48.66999816894531,49.439998626708984,43.62917709350586,38140700,0.0,0.0
2016-06-29,49.90999984741211,50.720001220703125,49.79999923706055,50.540000915527344,44.59988784790039,31304000,0.0,0.0
2016-06-30,50.720001220703125,51.29999923706055,50.5,51.16999816894531,45.155845642089844,28527800,0.0,0.0
2016-07-01,51.130001068115234,51.720001220703125,51.06999969482422,51.15999984741211,45.14701461791992,21400400,0.0,0.0
2016-07-05,50.83000183105469,51.279998779296875,50.7400016784668,51.16999816894531,45.155845642089844,24806400,0.0,0.0
2016-07-06,50.779998779296875,51.540000915527344,50.38999938964844,51.380001068115234,45.34116744995117,28167500,0.0,0.0
2016-07-07,51.41999816894531,51.61000061035156,51.06999969482422,51.380001068115234,45.34116744995117,19585200,0.0,0.0
2016-07-08,51.72999954223633,52.36000061035156,51.54999923706055,52.29999923706055,46.153038024902344,28391000,0.0,0.0
2016-07-11,52.5,52.83000183105469,52.470001220703125,52.59000015258789,46.408935546875,22269200,0.0,0.0
2016-07-12,52.939998626708984,53.400001525878906,52.790000915527344,53.209999084472656,46.956077575683594,27317600,0.0,0.0
2016-07-13,53.560001373291016,53.86000061035156,53.18000030517578,53.5099983215332,47.2208137512207,25356800,0.0,0.0
2016-07-14,53.84000015258789,53.9900016784668,53.58000183105469,53.7400016784668,47.423789978027344,24545500,0.0,0.0
2016-07-15,53.95000076293945,54.0,53.209999084472656,53.70000076293945,47.38848876953125,32024400,0.0,0.0
2016-07-18,53.70000076293945,54.34000015258789,53.54999923706055,53.959999084472656,47.617923736572266,31433900,0.0,0.0
2016-07-19,53.709999084472656,53.900001525878906,52.93000030517578,53.09000015258789,46.85018539428711,53336500,0.0,0.0
2016-07-20,56.150001525878906,56.84000015258789,55.529998779296875,55.90999984741211,49.338741302490234,89893300,0.0,0.0
2016-07-21,55.97999954223633,56.22999954223633,55.7599983215332,55.79999923706055,49.24167251586914,32776700,0.0,0.0
2016-07-22,56.08000183105469,56.630001068115234,55.779998779296875,56.56999969482422,49.92116165161133,32157200,0.0,0.0
2016-07-25,56.470001220703125,56.7400016784668,56.2599983215332,56.72999954223633,50.06235885620117,25610600,0.0,0.0
2016-07-26,56.52000045776367,57.290000915527344,56.5099983215332,56.7599983215332,50.08882141113281,28079000,0.0,0.0
2016-07-27,56.61000061035156,56.79999923706055,56.11000061035156,56.189998626708984,49.5858268737793,32327500,0.0,0.0
2016-07-28,56.0,56.369998931884766,55.720001220703125,56.209999084472656,49.60347366333008,37550400,0.0,0.0
2016-07-29,56.2599983215332,56.7599983215332,56.04999923706055,56.68000030517578,50.018253326416016,30558700,0.0,0.0
2016-08-01,56.599998474121094,56.75,56.13999938964844,56.58000183105469,49.929996490478516,26003400,0.0,0.0
2016-08-02,56.849998474121094,56.900001525878906,56.310001373291016,56.58000183105469,49.929996490478516,35122000,0.0,0.0
2016-08-03,56.68000030517578,57.11000061035156,56.4900016784668,56.970001220703125,50.27415466308594,22075600,0.0,0.0
2016-08-04,56.79999923706055,57.52000045776367,56.66999816894531,57.38999938964844,50.6447868347168,26587700,0.0,0.0
2016-08-05,57.650001525878906,58.209999084472656,57.45000076293945,57.959999084472656,51.14780807495117,29335200,0.0,0.0
2016-08-08,58.060001373291016,58.09000015258789,57.779998779296875,58.060001373291016,51.23605728149414,19473500,0.0,0.0
2016-08-09,58.16999816894531,58.5,58.02000045776367,58.20000076293945,51.35959243774414,16920700,0.0,0.0
2016-08-10,58.15999984741211,58.31999969482422,57.81999969482422,58.02000045776367,51.200748443603516,15756900,0.0,0.0
2016-08-11,58.029998779296875,58.45000076293945,58.029998779296875,58.29999923706055,51.447845458984375,18162300,0.0,0.0
2016-08-12,58.029998779296875,58.189998626708984,57.619998931884766,57.939998626708984,51.130149841308594,21655200,0.0,0.0
2016-08-15,58.0099983215332,58.5,57.959999084472656,58.119998931884766,51.288997650146484,19283900,0.0,0.0
2016-08-16,57.61000061035156,57.619998931884766,57.27000045776367,57.439998626708984,51.004844665527344,20523500,0.36,0.0
2016-08-17,57.540000915527344,57.68000030517578,57.22999954223633,57.560001373291016,51.11139678955078,18856400,0.0,0.0
2016-08-18,57.41999816894531,57.70000076293945,57.27000045776367,57.599998474121094,51.14690399169922,14214300,0.0,0.0
2016-08-19,57.43000030517578,57.72999954223633,57.20000076293945,57.619998931884766,51.16466522216797,17271000,0.0,0.0
2016-08-22,57.599998474121094,57.75,57.2599983215332,57.66999816894531,51.20907974243164,15221900,0.0,0.0
2016-08-23,57.900001525878906,58.18000030517578,57.849998474121094,57.88999938964844,51.4044189453125,18732400,0.0,0.0
2016-08-24,57.79999923706055,58.040000915527344,57.720001220703125,57.95000076293945,51.45771408081055,18151500,0.0,0.0
2016-08-25,57.880001068115234,58.290000915527344,57.779998779296875,58.16999816894531,51.65306091308594,18552600,0.0,0.0
2016-08-26,58.279998779296875,58.70000076293945,57.689998626708984,58.029998779296875,51.52873611450195,20971200,0.0,0.0
2016-08-29,58.18000030517578,58.599998474121094,58.099998474121094,58.099998474121094,51.590904235839844,16417200,0.0,0.0
2016-08-30,57.97999954223633,58.189998626708984,57.61000061035156,57.88999938964844,51.4044189453125,16930200,0.0,0.0
2016-08-31,57.650001525878906,57.79999923706055,57.29999923706055,57.459999084472656,51.02260208129883,20860300,0.0,0.0
2016-09-01,57.0099983215332,57.81999969482422,57.0099983215332,57.59000015258789,51.138031005859375,26075400,0.0,0.0
2016-09-02,57.66999816894531,58.189998626708984,57.41999816894531,57.66999816894531,51.20907974243164,18900500,0.0,0.0
2016-09-06,57.779998779296875,57.79999923706055,57.209999084472656,57.61000061035156,51.15578842163086,16278400,0.0,0.0
2016-09-07,57.470001220703125,57.84000015258789,57.40999984741211,57.65999984741211,51.2001953125,17493400,0.0,0.0
2016-09-08,57.630001068115234,57.790000915527344,57.18000030517578,57.43000030517578,50.9959716796875,20146100,0.0,0.0
2016-09-09,56.790000915527344,57.52000045776367,56.209999084472656,56.209999084472656,49.91264724731445,35113900,0.0,0.0
2016-09-12,56.0,57.209999084472656,55.61000061035156,57.04999923706055,50.65853500366211,29303000,0.0,0.0
2016-09-13,56.5,56.650001525878906,56.04999923706055,56.529998779296875,50.19679260253906,30130200,0.0,0.0
2016-09-14,56.38999938964844,56.630001068115234,56.029998779296875,56.2599983215332,49.95703125,24062500,0.0,0.0
2016-09-15,56.150001525878906,57.349998474121094,55.97999954223633,57.189998626708984,50.78285217285156,26847000,0.0,0.0
2016-09-16,57.630001068115234,57.630001068115234,56.75,57.25,50.83612060546875,44607000,0.0,0.0
2016-09-19,57.27000045776367,57.75,56.849998474121094,56.93000030517578,50.551979064941406,20937100,0.0,0.0
2016-09-20,57.349998474121094,57.349998474121094,56.75,56.810001373291016,50.44541931152344,17384000,0.0,0.0
2016-09-21,57.5099983215332,57.849998474121094,57.08000183105469,57.7599983215332,51.28899383544922,33707300,0.0,0.0
2016-09-22,57.91999816894531,58.0,57.630001068115234,57.81999969482422,51.342262268066406,19822200,0.0,0.0
2016-09-23,57.869998931884766,57.90999984741211,57.380001068115234,57.43000030517578,50.9959716796875,19955300,0.0,0.0
2016-09-26,57.08000183105469,57.13999938964844,56.83000183105469,56.900001525878906,50.52532958984375,21688700,0.0,0.0
2016-09-27,56.93000030517578,58.060001373291016,56.68000030517578,57.95000076293945,51.45771408081055,28065100,0.0,0.0
2016-09-28,57.880001068115234,58.060001373291016,57.66999816894531,58.029998779296875,51.52873611450195,20536400,0.0,0.0
2016-09-29,57.810001373291016,58.16999816894531,57.209999084472656,57.400001525878906,50.96931076049805,25463500,0.0,0.0
2016-09-30,57.56999969482422,57.77000045776367,57.34000015258789,57.599998474121094,51.14690399169922,29910800,0.0,0.0
2016-10-03,57.40999984741211,57.54999923706055,57.060001373291016,57.41999816894531,50.98706817626953,19189500,0.0,0.0
2016-10-04,57.27000045776367,57.599998474121094,56.970001220703125,57.2400016784668,50.8272590637207,20085900,0.0,0.0
2016-10-05,57.290000915527344,57.959999084472656,57.2599983215332,57.63999938964844,51.182430267333984,16726400,0.0,0.0
2016-10-06,57.7400016784668,57.86000061035156,57.279998779296875,57.7400016784668,51.27122497558594,16212600,0.0,0.0
2016-10-07,57.849998474121094,57.97999954223633,57.41999816894531,57.79999923706055,51.32451629638672,20089000,0.0,0.0
2016-10-10,57.90999984741211,58.38999938964844,57.869998931884766,58.040000915527344,51.537620544433594,18196500,0.0,0.0
2016-10-11,57.88999938964844,58.02000045776367,56.88999938964844,57.189998626708984,50.78285217285156,26497400,0.0,0.0
2016-10-12,57.11000061035156,57.27000045776367,56.400001525878906,57.11000061035156,50.71182632446289,22177500,0.0,0.0
2016-10-13,56.70000076293945,57.29999923706055,56.31999969482422,56.91999816894531,50.543094635009766,25313700,0.0,0.0
2016-10-14,57.119998931884766,57.7400016784668,57.119998931884766,57.41999816894531,50.98706817626953,27402500,0.0,0.0
2016-10-17,57.36000061035156,57.459999084472656,56.869998931884766,57.220001220703125,50.80949783325195,23830000,0.0,0.0
2016-10-18,57.529998779296875,57.95000076293945,57.40999984741211,57.65999984741211,51.2001953125,19149500,0.0,0.0
2016-10-19,57.470001220703125,57.84000015258789,57.400001525878906,57.529998779296875,51.08476257324219,22878400,0.0,0.0
2016-10-20,57.5,57.52000045776367,56.65999984741211,57.25,50.83612060546875,49455600,0.0,0.0
2016-10-21,60.279998779296875,60.45000076293945,59.4900016784668,59.65999984741211,52.97611999511719,80032200,0.0,0.0
2016-10-24,59.939998626708984,61.0,59.93000030517578,61.0,54.166011810302734,54067000,0.0,0.0
2016-10-25,60.849998474121094,61.369998931884766,60.79999923706055,60.9900016784668,54.1571159362793,35137200,0.0,0.0
2016-10-26,60.810001373291016,61.20000076293945,60.470001220703125,60.630001068115234,53.83744812011719,29911600,0.0,0.0
2016-10-27,60.61000061035156,60.83000183105469,60.09000015258789,60.099998474121094,53.3668212890625,28479900,0.0,0.0
2016-10-28,60.0099983215332,60.52000045776367,59.58000183105469,59.869998931884766,53.162593841552734,33574700,0.0,0.0
2016-10-31,60.15999984741211,60.41999816894531,59.91999816894531,59.91999816894531,53.20699691772461,26434700,0.0,0.0
2016-11-01,59.970001220703125,60.02000045776367,59.25,59.79999923706055,53.100440979003906,24533000,0.0,0.0
2016-11-02,59.81999969482422,59.93000030517578,59.29999923706055,59.43000030517578,52.77190017700195,22147000,0.0,0.0
2016-11-03,59.529998779296875,59.63999938964844,59.11000061035156,59.209999084472656,52.576534271240234,21600400,0.0,0.0
2016-11-04,58.650001525878906,59.279998779296875,58.52000045776367,58.709999084472656,52.132564544677734,28697000,0.0,0.0
2016-11-07,59.779998779296875,60.52000045776367,59.779998779296875,60.41999816894531,53.65097427368164,31664800,0.0,0.0
2016-11-08,60.54999923706055,60.779998779296875,60.150001525878906,60.470001220703125,53.695377349853516,22935400,0.0,0.0
2016-11-09,60.0,60.59000015258789,59.20000076293945,60.16999816894531,53.42899703979492,49632500,0.0,0.0
2016-11-10,60.47999954223633,60.4900016784668,57.630001068115234,58.70000076293945,52.123680114746094,57822400,0.0,0.0
2016-11-11,58.22999954223633,59.119998931884766,58.0099983215332,59.02000045776367,52.40782165527344,38767800,0.0,0.0
2016-11-14,59.02000045776367,59.08000183105469,57.279998779296875,58.119998931884766,51.60866928100586,41328400,0.0,0.0
2016-11-15,58.33000183105469,59.4900016784668,58.31999969482422,58.869998931884766,52.62778854370117,35904100,0.39,0.0
2016-11-16,58.939998626708984,59.65999984741211,58.810001373291016,59.650001525878906,53.3250732421875,27332500,0.0,0.0
2016-11-17,60.40999984741211,60.95000076293945,59.970001220703125,60.63999938964844,54.21009826660156,32132700,0.0,0.0
2016-11-18,60.779998779296875,61.13999938964844,60.29999923706055,60.349998474121094,53.95085906982422,27686300,0.0,0.0
2016-11-21,60.5,60.970001220703125,60.41999816894531,60.86000061035156,54.406761169433594,19652600,0.0,0.0
2016-11-22,60.97999954223633,61.2599983215332,60.810001373291016,61.119998931884766,54.63919448852539,23206700,0.0,0.0
2016-11-23,61.0099983215332,61.099998474121094,60.25,60.400001525878906,53.99553298950195,21848900,0.0,0.0
2016-11-25,60.29999923706055,60.529998779296875,60.130001068115234,60.529998779296875,54.11176300048828,8409600,0.0,0.0
2016-11-28,60.34000015258789,61.02000045776367,60.209999084472656,60.61000061035156,54.18327713012695,20732600,0.0,0.0
2016-11-29,60.650001525878906,61.40999984741211,60.52000045776367,61.09000015258789,54.61239242553711,22366700,0.0,0.0
2016-11-30,60.86000061035156,61.18000030517578,60.220001220703125,60.2599983215332,53.870384216308594,34655400,0.0,0.0
2016-12-01,60.11000061035156,60.150001525878906,58.939998626708984,59.20000076293945,52.922767639160156,34542100,0.0,0.0
2016-12-02,59.08000183105469,59.470001220703125,58.79999923706055,59.25,52.96748733520508,25515700,0.0,0.0
2016-12-05,59.70000076293945,60.59000015258789,59.560001373291016,60.220001220703125,53.83462905883789,23552700,0.0,0.0
2016-12-06,60.43000030517578,60.459999084472656,59.79999923706055,59.95000076293945,53.59328079223633,19907000,0.0,0.0
2016-12-07,60.0099983215332,61.380001068115234,59.79999923706055,61.369998931884766,54.862701416015625,30809000,0.0,0.0
2016-12-08,61.29999923706055,61.58000183105469,60.84000015258789,61.0099983215332,54.540863037109375,21220800,0.0,0.0
2016-12-09,61.18000030517578,61.9900016784668,61.130001068115234,61.970001220703125,55.39906692504883,27349400,0.0,0.0
2016-12-12,61.81999969482422,62.29999923706055,61.720001220703125,62.16999816894531,55.577850341796875,20198100,0.0,0.0
2016-12-13,62.5,63.41999816894531,62.2400016784668,62.97999954223633,56.30198287963867,35718900,0.0,0.0
2016-12-14,63.0,63.45000076293945,62.529998779296875,62.68000030517578,56.033790588378906,30352700,0.0,0.0
2016-12-15,62.70000076293945,63.150001525878906,62.29999923706055,62.58000183105469,55.94438934326172,27669900,0.0,0.0
2016-12-16,62.95000076293945,62.95000076293945,62.119998931884766,62.29999923706055,55.69407653808594,42453100,0.0,0.0
2016-12-19,62.560001373291016,63.77000045776367,62.41999816894531,63.619998931884766,56.874122619628906,34338200,0.0,0.0
2016-12-20,63.689998626708984,63.79999923706055,63.029998779296875,63.540000915527344,56.8026008605957,26028400,0.0,0.0
2016-12-21,63.43000030517578,63.70000076293945,63.119998931884766,63.540000915527344,56.8026008605957,17096300,0.0,0.0
2016-12-22,63.84000015258789,64.0999984741211,63.40999984741211,63.54999923706055,56.81153106689453,22176600,0.0,0.0
2016-12-23,63.45000076293945,63.540000915527344,62.79999923706055,63.2400016784668,56.5344123840332,12403800,0.0,0.0
2016-12-27,63.209999084472656,64.06999969482422,63.209999084472656,63.279998779296875,56.57015609741211,11763200,0.0,0.0
2016-12-28,63.400001525878906,63.400001525878906,62.83000183105469,62.9900016784668,56.31092071533203,14653300,0.0,0.0
2016-12-29,62.86000061035156,63.20000076293945,62.72999954223633,62.900001525878906,56.23046875,10250600,0.0,0.0
2016-12-30,62.959999084472656,62.9900016784668,62.029998779296875,62.13999938964844,55.55103302001953,25579900,0.0,0.0
2017-01-03,62.790000915527344,62.84000015258789,62.130001068115234,62.58000183105469,55.94438934326172,20694100,0.0,0.0
2017-01-04,62.47999954223633,62.75,62.119998931884766,62.29999923706055,55.69407653808594,21340000,0.0,0.0
2017-01-05,62.189998626708984,62.65999984741211,62.029998779296875,62.29999923706055,55.69407653808594,24876000,0.0,0.0
2017-01-06,62.29999923706055,63.150001525878906,62.040000915527344,62.84000015258789,56.17681121826172,19922900,0.0,0.0
2017-01-09,62.7599983215332,63.08000183105469,62.540000915527344,62.63999938964844,55.99803924560547,20382700,0.0,0.0
2017-01-10,62.72999954223633,63.06999969482422,62.279998779296875,62.619998931884766,55.980140686035156,18593000,0.0,0.0
2017-01-11,62.61000061035156,63.22999954223633,62.43000030517578,63.189998626708984,56.48969650268555,21517300,0.0,0.0
2017-01-12,63.060001373291016,63.400001525878906,61.95000076293945,62.61000061035156,55.97120666503906,20968200,0.0,0.0
2017-01-13,62.619998931884766,62.869998931884766,62.349998474121094,62.70000076293945,56.051666259765625,19422300,0.0,0.0
2017-01-17,62.68000030517578,62.70000076293945,62.029998779296875,62.529998779296875,55.89969253540039,20664000,0.0,0.0
2017-01-18,62.66999816894531,62.70000076293945,62.119998931884766,62.5,55.87288284301758,19670100,0.0,0.0
2017-01-19,62.2400016784668,62.97999954223633,62.20000076293945,62.29999923706055,55.69407653808594,18451700,0.0,0.0
2017-01-20,62.66999816894531,62.81999969482422,62.369998931884766,62.7400016784668,56.08743667602539,30213500,0.0,0.0
2017-01-23,62.70000076293945,63.119998931884766,62.56999969482422,62.959999084472656,56.284095764160156,23097600,0.0,0.0
2017-01-24,63.20000076293945,63.7400016784668,62.939998626708984,63.52000045776367,56.78471374511719,24672900,0.0,0.0
2017-01-25,63.95000076293945,64.0999984741211,63.45000076293945,63.68000030517578,56.92775344848633,23672700,0.0,0.0
2017-01-26,64.12000274658203,64.54000091552734,63.54999923706055,64.2699966430664,57.45519256591797,43554600,0.0,0.0
2017-01-27,65.38999938964844,65.91000366210938,64.88999938964844,65.77999877929688,58.80506134033203,44818000,0.0,0.0
2017-01-30,65.69000244140625,65.79000091552734,64.80000305175781,65.12999725341797,58.224002838134766,31651400,0.0,0.0
2017-01-31,64.86000061035156,65.1500015258789,64.26000213623047,64.6500015258789,57.79489517211914,25270500,0.0,0.0
2017-02-01,64.36000061035156,64.62000274658203,63.470001220703125,63.58000183105469,56.83835983276367,39671500,0.0,0.0
2017-02-02,63.25,63.40999984741211,62.75,63.16999816894531,56.47182846069336,45827000,0.0,0.0
2017-02-03,63.5,63.70000076293945,63.06999969482422,63.68000030517578,56.92775344848633,30301800,0.0,0.0
2017-02-06,63.5,63.650001525878906,63.13999938964844,63.63999938964844,56.891990661621094,19796400,0.0,0.0
2017-02-07,63.7400016784668,63.779998779296875,63.22999954223633,63.43000030517578,56.704261779785156,20277200,0.0,0.0
2017-02-08,63.56999969482422,63.810001373291016,63.220001220703125,63.34000015258789,56.623802185058594,18096400,0.0,0.0
2017-02-09,63.52000045776367,64.44000244140625,63.31999969482422,64.05999755859375,57.26744842529297,22644400,0.0,0.0
2017-02-10,64.25,64.30000305175781,63.97999954223633,64.0,57.21382141113281,18170700,0.0,0.0
2017-02-13,64.23999786376953,64.86000061035156,64.12999725341797,64.72000122070312,57.85747528076172,22920100,0.0,0.0
2017-02-14,64.41000366210938,64.72000122070312,64.0199966430664,64.56999969482422,58.073341369628906,23108400,0.39,0.0
2017-02-15,64.5,64.56999969482422,64.16000366210938,64.52999877929688,58.03733825683594,17005200,0.0,0.0
2017-02-16,64.73999786376953,65.23999786376953,64.44000244140625,64.5199966430664,58.02836608886719,20546300,0.0,0.0
2017-02-17,64.47000122070312,64.69000244140625,64.30000305175781,64.62000274658203,58.11829376220703,21248800,0.0,0.0
2017-02-21,64.61000061035156,64.94999694824219,64.44999694824219,64.48999786376953,58.00137710571289,20655900,0.0,0.0
2017-02-22,64.33000183105469,64.38999938964844,64.05000305175781,64.36000061035156,57.884464263916016,19292700,0.0,0.0
2017-02-23,64.41999816894531,64.7300033569336,64.19000244140625,64.62000274658203,58.11829376220703,20273100,0.0,0.0
2017-02-24,64.52999877929688,64.80000305175781,64.13999938964844,64.62000274658203,58.11829376220703,21796800,0.0,0.0
2017-02-27,64.54000091552734,64.54000091552734,64.05000305175781,64.2300033569336,57.76753616333008,15871500,0.0,0.0
2017-02-28,64.08000183105469,64.19999694824219,63.7599983215332,63.97999954223633,57.54270935058594,23239800,0.0,0.0
2017-03-01,64.12999725341797,64.98999786376953,64.0199966430664,64.94000244140625,58.406097412109375,26937500,0.0,0.0
2017-03-02,64.69000244140625,64.75,63.880001068115234,64.01000213623047,57.569679260253906,24539600,0.0,0.0
2017-03-03,63.9900016784668,64.27999877929688,63.619998931884766,64.25,57.785518646240234,18135900,0.0,0.0
2017-03-06,63.970001220703125,64.55999755859375,63.810001373291016,64.2699966430664,57.80351638793945,18750300,0.0,0.0
2017-03-07,64.19000244140625,64.77999877929688,64.19000244140625,64.4000015258789,57.920440673828125,18521000,0.0,0.0
2017-03-08,64.26000213623047,65.08000183105469,64.25,64.98999786376953,58.451072692871094,21510900,0.0,0.0
2017-03-09,65.19000244140625,65.19999694824219,64.4800033569336,64.7300033569336,58.21723556518555,19846800,0.0,0.0
2017-03-10,65.11000061035156,65.26000213623047,64.75,64.93000030517578,58.3971061706543,19538200,0.0,0.0
2017-03-13,65.01000213623047,65.19000244140625,64.56999969482422,64.70999908447266,58.199249267578125,20100000,0.0,0.0
2017-03-14,64.52999877929688,64.55000305175781,64.1500015258789,64.41000366210938,57.92942810058594,14280200,0.0,0.0
2017-03-15,64.55000305175781,64.91999816894531,64.25,64.75,58.2352180480957,24833800,0.0,0.0
2017-03-16,64.75,64.76000213623047,64.30000305175781,64.63999938964844,58.13628387451172,20674300,0.0,0.0
2017-03-17,64.91000366210938,65.23999786376953,64.68000030517578,64.87000274658203,58.34314727783203,49219700,0.0,0.0
2017-03-20,64.91000366210938,65.18000030517578,64.72000122070312,64.93000030517578,58.3971061706543,14598100,0.0,0.0
2017-03-21,65.19000244140625,65.5,64.12999725341797,64.20999908447266,57.74954605102539,26640500,0.0,0.0
2017-03-22,64.12000274658203,65.13999938964844,64.12000274658203,65.02999877929688,58.48705291748047,20680000,0.0,0.0
2017-03-23,64.94000244140625,65.23999786376953,64.7699966430664,64.87000274658203,58.34314727783203,19269200,0.0,0.0
2017-03-24,65.36000061035156,65.44999694824219,64.76000213623047,64.9800033569336,58.44209289550781,22617100,0.0,0.0
2017-03-27,64.62999725341797,65.22000122070312,64.3499984741211,65.0999984741211,58.550010681152344,18614700,0.0,0.0
2017-03-28,64.95999908447266,65.47000122070312,64.6500015258789,65.29000091552734,58.72088623046875,20080400,0.0,0.0
2017-03-29,65.12000274658203,65.5,64.94999694824219,65.47000122070312,58.882774353027344,13618400,0.0,0.0
2017-03-30,65.41999816894531,65.9800033569336,65.36000061035156,65.70999908447266,59.0986328125,15122800,0.0,0.0
2017-03-31,65.6500015258789,66.19000244140625,65.44999694824219,65.86000061035156,59.23354721069336,21040300,0.0,0.0
2017-04-03,65.80999755859375,65.94000244140625,65.19000244140625,65.55000305175781,58.95473098754883,20400900,0.0,0.0
2017-04-04,65.38999938964844,65.80999755859375,65.27999877929688,65.7300033569336,59.11661911010742,12997400,0.0,0.0
2017-04-05,66.30000305175781,66.3499984741211,65.44000244140625,65.55999755859375,58.96372604370117,21448600,0.0,0.0
2017-04-06,65.5999984741211,66.05999755859375,65.4800033569336,65.7300033569336,59.11661911010742,18103500,0.0,0.0
2017-04-07,65.8499984741211,65.95999908447266,65.44000244140625,65.68000030517578,59.071651458740234,14108500,0.0,0.0
2017-04-10,65.61000061035156,65.81999969482422,65.36000061035156,65.52999877929688,58.936737060546875,17952700,0.0,0.0
2017-04-11,65.5999984741211,65.61000061035156,64.8499984741211,65.4800033569336,58.891780853271484,18791500,0.0,0.0
2017-04-12,65.41999816894531,65.51000213623047,65.11000061035156,65.2300033569336,58.66693878173828,17108500,0.0,0.0
2017-04-13,65.29000091552734,65.86000061035156,64.94999694824219,64.94999694824219,58.415096282958984,17896500,0.0,0.0
2017-04-17,65.04000091552734,65.48999786376953,65.01000213623047,65.4800033569336,58.891780853271484,16689300,0.0,0.0
2017-04-18,65.33000183105469,65.70999908447266,65.16000366210938,65.38999938964844,58.81082534790039,15155600,0.0,0.0
2017-04-19,65.6500015258789,65.75,64.88999938964844,65.04000091552734,58.49604797363281,26992800,0.0,0.0
2017-04-20,65.45999908447266,65.75,65.13999938964844,65.5,58.909767150878906,22299500,0.0,0.0
2017-04-21,65.66999816894531,66.69999694824219,65.44999694824219,66.4000015258789,59.71921157836914,32522600,0.0,0.0
2017-04-24,67.4800033569336,67.66000366210938,67.0999984741211,67.52999877929688,60.735511779785156,29770000,0.0,0.0
2017-04-25,67.9000015258789,68.04000091552734,67.5999984741211,67.91999816894531,61.086280822753906,30242700,0.0,0.0
2017-04-26,68.08000183105469,68.30999755859375,67.62000274658203,67.83000183105469,61.005340576171875,26190800,0.0,0.0
2017-04-27,68.1500015258789,68.37999725341797,67.58000183105469,68.2699966430664,61.40106964111328,34971000,0.0,0.0
2017-04-28,68.91000366210938,69.13999938964844,67.69000244140625,68.45999908447266,61.57194519042969,39548800,0.0,0.0
2017-05-01,68.68000030517578,69.55000305175781,68.5,69.41000366210938,62.42638397216797,31954400,0.0,0.0
2017-05-02,69.70999908447266,69.70999908447266,69.12999725341797,69.30000305175781,62.32744216918945,23906100,0.0,0.0
2017-05-03,69.37999725341797,69.37999725341797,68.70999908447266,69.08000183105469,62.12956619262695,28928000,0.0,0.0
2017-05-04,69.02999877929688,69.08000183105469,68.63999938964844,68.80999755859375,61.886714935302734,21749400,0.0,0.0
2017-05-05,68.9000015258789,69.02999877929688,68.48999786376953,69.0,62.0576171875,19128800,0.0,0.0
2017-05-08,68.97000122070312,69.05000305175781,68.41999816894531,68.94000244140625,62.00364685058594,18566100,0.0,0.0
2017-05-09,68.86000061035156,69.27999877929688,68.68000030517578,69.04000091552734,62.09357452392578,22858400,0.0,0.0
2017-05-10,68.98999786376953,69.55999755859375,68.91999816894531,69.30999755859375,62.336421966552734,17977800,0.0,0.0
2017-05-11,68.36000061035156,68.7300033569336,68.12000274658203,68.45999908447266,61.57194519042969,28789400,0.0,0.0
2017-05-12,68.61000061035156,68.61000061035156,68.04000091552734,68.37999725341797,61.49997329711914,18714100,0.0,0.0
2017-05-15,68.13999938964844,68.4800033569336,67.56999969482422,68.43000030517578,61.54495620727539,31530300,0.0,0.0
2017-05-16,68.2300033569336,69.44000244140625,68.16000366210938,69.41000366210938,62.784202575683594,34956000,0.39,0.0
2017-05-17,68.88999938964844,69.0999984741211,67.43000030517578,67.4800033569336,61.03842544555664,30548800,0.0,0.0
2017-05-18,67.4000015258789,68.12999725341797,67.13999938964844,67.70999908447266,61.2464599609375,25201300,0.0,0.0
2017-05-19,67.5,68.0999984741211,67.43000030517578,67.69000244140625,61.228355407714844,26961100,0.0,0.0
2017-05-22,67.88999938964844,68.5,67.5,68.44999694824219,61.91581344604492,16237600,0.0,0.0
2017-05-23,68.72000122070312,68.75,68.37999725341797,68.68000030517578,62.12385177612305,15425800,0.0,0.0
2017-05-24,68.87000274658203,68.87999725341797,68.44999694824219,68.7699966430664,62.20526885986328,14593900,0.0,0.0
2017-05-25,68.97000122070312,69.87999725341797,68.91000366210938,69.62000274658203,62.97414016723633,21854100,0.0,0.0
2017-05-26,69.80000305175781,70.22000122070312,69.5199966430664,69.95999908447266,63.28164291381836,19827900,0.0,0.0
2017-05-30,69.79000091552734,70.41000366210938,69.7699966430664,70.41000366210938,63.68872833251953,17072800,0.0,0.0
2017-05-31,70.52999877929688,70.73999786376953,69.80999755859375,69.83999633789062,63.17313766479492,30436400,0.0,0.0
2017-06-01,70.23999786376953,70.61000061035156,69.44999694824219,70.0999984741211,63.408321380615234,21603600,0.0,0.0
2017-06-02,70.44000244140625,71.86000061035156,70.23999786376953,71.76000213623047,64.90985870361328,34770300,0.0,0.0
2017-06-05,71.97000122070312,72.88999938964844,71.80999755859375,72.27999877929688,65.38023376464844,33316800,0.0,0.0
2017-06-06,72.30000305175781,72.62000274658203,72.2699966430664,72.5199966430664,65.5972900390625,31511100,0.0,0.0
2017-06-07,72.63999938964844,72.7699966430664,71.94999694824219,72.38999938964844,65.47972106933594,22301800,0.0,0.0
2017-06-08,72.51000213623047,72.5199966430664,71.5,71.94999694824219,65.08170318603516,24588300,0.0,0.0
2017-06-09,72.04000091552734,72.08000183105469,68.58999633789062,70.31999969482422,63.60734176635742,49187400,0.0,0.0
2017-06-12,69.25,69.94000244140625,68.12999725341797,69.77999877929688,63.118865966796875,47761700,0.0,0.0
2017-06-13,70.0199966430664,70.81999969482422,69.95999908447266,70.6500015258789,63.90581130981445,25258600,0.0,0.0
2017-06-14,70.91000366210938,71.0999984741211,69.43000030517578,70.2699966430664,63.56208801269531,25510700,0.0,0.0
2017-06-15,69.2699966430664,70.20999908447266,68.80000305175781,69.9000015258789,63.2274055480957,26068700,0.0,0.0
2017-06-16,69.7300033569336,70.02999877929688,69.22000122070312,70.0,63.3178596496582,48345100,0.0,0.0
2017-06-19,70.5,70.94000244140625,70.3499984741211,70.87000274658203,64.10482788085938,23798300,0.0,0.0
2017-06-20,70.81999969482422,70.87000274658203,69.87000274658203,69.91000366210938,63.236427307128906,21512200,0.0,0.0
2017-06-21,70.20999908447266,70.62000274658203,69.94000244140625,70.2699966430664,63.56208801269531,19891100,0.0,0.0
2017-06-22,70.54000091552734,70.58999633789062,69.70999908447266,70.26000213623047,63.55303955078125,22965700,0.0,0.0
2017-06-23,70.08999633789062,71.25,69.91999816894531,71.20999908447266,64.412353515625,27617300,0.0,0.0
2017-06-26,71.4000015258789,71.70999908447266,70.44000244140625,70.52999877929688,63.797264099121094,19607000,0.0,0.0
2017-06-27,70.11000061035156,70.18000030517578,69.18000030517578,69.20999908447266,62.603275299072266,25215100,0.0,0.0
2017-06-28,69.20999908447266,69.83999633789062,68.79000091552734,69.80000305175781,63.136966705322266,25806200,0.0,0.0
2017-06-29,69.37999725341797,69.48999786376953,68.08999633789062,68.48999786376953,61.95199966430664,28918700,0.0,0.0
2017-06-30,68.77999877929688,69.37999725341797,68.73999786376953,68.93000030517578,62.350006103515625,24161100,0.0,0.0
2017-07-03,69.33000183105469,69.5999984741211,68.0199966430664,68.16999816894531,61.66254806518555,16165500,0.0,0.0
2017-07-05,68.26000213623047,69.44000244140625,68.22000122070312,69.08000183105469,62.485694885253906,21176300,0.0,0.0
2017-07-06,68.2699966430664,68.77999877929688,68.12000274658203,68.56999969482422,62.02436065673828,21117600,0.0,0.0
2017-07-07,68.69999694824219,69.83999633789062,68.69999694824219,69.45999908447266,62.82941818237305,16878300,0.0,0.0
2017-07-10,69.45999908447266,70.25,69.19999694824219,69.9800033569336,63.29975509643555,15014500,0.0,0.0
2017-07-11,70.0,70.68000030517578,69.75,69.98999786376953,63.308834075927734,17460000,0.0,0.0
2017-07-12,70.69000244140625,71.27999877929688,70.55000305175781,71.1500015258789,64.35807800292969,17750900,0.0,0.0
2017-07-13,71.5,72.04000091552734,71.30999755859375,71.7699966430664,64.91889953613281,20269800,0.0,0.0
2017-07-14,72.23999786376953,73.2699966430664,71.95999908447266,72.77999877929688,65.83248901367188,25868100,0.0,0.0
2017-07-17,72.80000305175781,73.44999694824219,72.72000122070312,73.3499984741211,66.34808349609375,21803900,0.0,0.0
2017-07-18,73.08999633789062,73.38999938964844,72.66000366210938,73.30000305175781,66.30284118652344,26435300,0.0,0.0
2017-07-19,73.5,74.04000091552734,73.44999694824219,73.86000061035156,66.80938720703125,22416200,0.0,0.0
2017-07-20,74.18000030517578,74.30000305175781,73.27999877929688,74.22000122070312,67.13502502441406,42361000,0.0,0.0
2017-07-21,73.44999694824219,74.29000091552734,73.16999816894531,73.79000091552734,66.74608612060547,46717100,0.0,0.0
2017-07-24,73.52999877929688,73.75,73.12999725341797,73.5999984741211,66.5742416381836,21394800,0.0,0.0
2017-07-25,73.80000305175781,74.30999755859375,73.5,74.19000244140625,67.10789489746094,22018700,0.0,0.0
2017-07-26,74.33999633789062,74.37999725341797,73.80999755859375,74.05000305175781,66.98126983642578,16252200,0.0,0.0
2017-07-27,73.76000213623047,74.41999816894531,72.31999969482422,73.16000366210938,66.17620086669922,36844200,0.0,0.0
2017-07-28,72.66999816894531,73.30999755859375,72.54000091552734,73.04000091552734,66.06769561767578,18306700,0.0,0.0
2017-07-31,73.30000305175781,73.44000244140625,72.41000366210938,72.69999694824219,65.7601089477539,23600100,0.0,0.0
2017-08-01,73.0999984741211,73.41999816894531,72.48999786376953,72.58000183105469,65.65157318115234,22132300,0.0,0.0
2017-08-02,72.55000305175781,72.55999755859375,71.44000244140625,72.26000213623047,65.36212921142578,26499200,0.0,0.0
2017-08-03,72.19000244140625,72.44000244140625,71.8499984741211,72.1500015258789,65.26262664794922,18214400,0.0,0.0
2017-08-04,72.4000015258789,73.04000091552734,72.23999786376953,72.68000030517578,65.7420425415039,22579000,0.0,0.0
2017-08-07,72.80000305175781,72.9000015258789,72.26000213623047,72.4000015258789,65.48875427246094,18705700,0.0,0.0
2017-08-08,72.08999633789062,73.12999725341797,71.75,72.79000091552734,65.84151458740234,22044600,0.0,0.0
2017-08-09,72.25,72.51000213623047,72.05000305175781,72.47000122070312,65.55207061767578,22213400,0.0,0.0
2017-08-10,71.9000015258789,72.19000244140625,71.3499984741211,71.41000366210938,64.59329223632812,24734500,0.0,0.0
2017-08-11,71.61000061035156,72.69999694824219,71.27999877929688,72.5,65.5792007446289,21443700,0.0,0.0
2017-08-14,73.05999755859375,73.72000122070312,72.94999694824219,73.58999633789062,66.56517028808594,20096600,0.0,0.0
2017-08-15,73.58999633789062,73.58999633789062,73.04000091552734,73.22000122070312,66.5833511352539,19181400,0.39,0.0
2017-08-16,73.33999633789062,74.0999984741211,73.16999816894531,73.6500015258789,66.97438049316406,18150400,0.0,0.0
2017-08-17,73.58000183105469,73.87000274658203,72.4000015258789,72.4000015258789,65.8376693725586,22977500,0.0,0.0
2017-08-18,72.2699966430664,72.83999633789062,71.93000030517578,72.48999786376953,65.91949462890625,18761500,0.0,0.0
2017-08-21,72.47000122070312,72.4800033569336,71.69999694824219,72.1500015258789,65.6103286743164,17734800,0.0,0.0
2017-08-22,72.3499984741211,73.23999786376953,72.3499984741211,73.16000366210938,66.52880096435547,14343700,0.0,0.0
2017-08-23,72.95999908447266,73.1500015258789,72.52999877929688,72.72000122070312,66.128662109375,13766500,0.0,0.0
2017-08-24,72.73999786376953,72.86000061035156,72.06999969482422,72.69000244140625,66.10140228271484,17098300,0.0,0.0
2017-08-25,72.86000061035156,73.3499984741211,72.4800033569336,72.81999969482422,66.2196044921875,12794300,0.0,0.0
2017-08-28,73.05999755859375,73.08999633789062,72.55000305175781,72.83000183105469,66.22870635986328,14569700,0.0,0.0
2017-08-29,72.25,73.16000366210938,72.05000305175781,73.05000305175781,66.42877197265625,11478400,0.0,0.0
2017-08-30,73.01000213623047,74.20999908447266,72.83000183105469,74.01000213623047,67.3017349243164,16897800,0.0,0.0
2017-08-31,74.02999877929688,74.95999908447266,73.80000305175781,74.7699966430664,67.99288177490234,27652800,0.0,0.0
2017-09-01,74.70999908447266,74.73999786376953,73.63999938964844,73.94000244140625,67.23809051513672,21736200,0.0,0.0
2017-09-05,73.33999633789062,73.88999938964844,72.9800033569336,73.61000061035156,66.93799591064453,21556000,0.0,0.0
2017-09-06,73.73999786376953,74.04000091552734,73.3499984741211,73.4000015258789,66.74698638916016,16535800,0.0,0.0
2017-09-07,73.68000030517578,74.5999984741211,73.5999984741211,74.33999633789062,67.60182189941406,17471200,0.0,0.0
2017-09-08,74.33000183105469,74.44000244140625,73.83999633789062,73.9800033569336,67.27446746826172,14703800,0.0,0.0
2017-09-11,74.30999755859375,74.94000244140625,74.30999755859375,74.76000213623047,67.9837646484375,17910400,0.0,0.0
2017-09-12,74.76000213623047,75.23999786376953,74.37000274658203,74.68000030517578,67.91102600097656,14394900,0.0,0.0
2017-09-13,74.93000030517578,75.2300033569336,74.55000305175781,75.20999908447266,68.39297485351562,13380800,0.0,0.0
2017-09-14,75.0,75.48999786376953,74.5199966430664,74.7699966430664,67.99288177490234,15733900,0.0,0.0
2017-09-15,74.83000183105469,75.38999938964844,74.06999969482422,75.30999755859375,68.48391723632812,38578400,0.0,0.0
2017-09-18,75.2300033569336,75.97000122070312,75.04000091552734,75.16000366210938,68.34750366210938,23307000,0.0,0.0
2017-09-19,75.20999908447266,75.70999908447266,75.01000213623047,75.44000244140625,68.60213470458984,16093300,0.0,0.0
2017-09-20,75.3499984741211,75.55000305175781,74.30999755859375,74.94000244140625,68.1474609375,21587900,0.0,0.0
2017-09-21,75.11000061035156,75.23999786376953,74.11000061035156,74.20999908447266,67.48360443115234,19186100,0.0,0.0
2017-09-22,73.98999786376953,74.51000213623047,73.8499984741211,74.41000366210938,67.66548156738281,14111400,0.0,0.0
2017-09-25,74.08999633789062,74.25,72.91999816894531,73.26000213623047,66.61971282958984,24149200,0.0,0.0
2017-09-26,73.66999816894531,73.80999755859375,72.98999786376953,73.26000213623047,66.61971282958984,18019600,0.0,0.0
2017-09-27,73.55000305175781,74.16999816894531,73.16999816894531,73.8499984741211,67.1562271118164,19565100,0.0,0.0
2017-09-28,73.54000091552734,73.97000122070312,73.30999755859375,73.87000274658203,67.17443084716797,10883800,0.0,0.0
2017-09-29,73.94000244140625,74.54000091552734,73.87999725341797,74.48999786376953,67.73825073242188,17079100,0.0,0.0
2017-10-02,74.70999908447266,75.01000213623047,74.30000305175781,74.61000061035156,67.84735107421875,15304800,0.0,0.0
2017-10-03,74.66999816894531,74.87999725341797,74.19000244140625,74.26000213623047,67.52908325195312,12190400,0.0,0.0
2017-10-04,74.08999633789062,74.72000122070312,73.70999908447266,74.69000244140625,67.92011260986328,13317700,0.0,0.0
2017-10-05,75.22000122070312,76.12000274658203,74.95999908447266,75.97000122070312,69.0840835571289,21195300,0.0,0.0
2017-10-06,75.66999816894531,76.02999877929688,75.54000091552734,76.0,69.11137390136719,13959800,0.0,0.0
2017-10-09,75.97000122070312,76.55000305175781,75.86000061035156,76.29000091552734,69.37507629394531,11386500,0.0,0.0
2017-10-10,76.33000183105469,76.62999725341797,76.13999938964844,76.29000091552734,69.37507629394531,13944500,0.0,0.0
2017-10-11,76.36000061035156,76.45999908447266,75.94999694824219,76.41999816894531,69.49331665039062,15388900,0.0,0.0
2017-10-12,76.48999786376953,77.29000091552734,76.37000274658203,77.12000274658203,70.1298599243164,16876500,0.0,0.0
2017-10-13,77.58999633789062,77.87000274658203,77.29000091552734,77.48999786376953,70.46633911132812,15335700,0.0,0.0
2017-10-16,77.41999816894531,77.80999755859375,77.3499984741211,77.6500015258789,70.61182403564453,12380100,0.0,0.0
2017-10-17,77.47000122070312,77.62000274658203,77.25,77.58999633789062,70.5572509765625,16824000,0.0,0.0
2017-10-18,77.66999816894531,77.8499984741211,77.37000274658203,77.61000061035156,70.5754623413086,13300700,0.0,0.0
2017-10-19,77.56999969482422,77.93000030517578,77.3499984741211,77.91000366210938,70.84823608398438,15092800,0.0,0.0
2017-10-20,78.31999969482422,78.97000122070312,78.22000122070312,78.80999755859375,71.66667938232422,22866400,0.0,0.0
2017-10-23,78.98999786376953,79.33999633789062,78.76000213623047,78.83000183105469,71.68488311767578,20627200,0.0,0.0
2017-10-24,78.9000015258789,79.19999694824219,78.45999908447266,78.86000061035156,71.71215057373047,17517200,0.0,0.0
2017-10-25,78.58000183105469,79.0999984741211,78.01000213623047,78.62999725341797,71.50296783447266,20410800,0.0,0.0
2017-10-26,79.19999694824219,79.41999816894531,78.75,78.76000213623047,71.6211929321289,32120700,0.0,0.0
2017-10-27,84.37000274658203,86.19999694824219,83.61000061035156,83.80999755859375,76.21348571777344,71066700,0.0,0.0
2017-10-30,83.69999694824219,84.33000183105469,83.11000061035156,83.88999938964844,76.28622436523438,31756700,0.0,0.0
2017-10-31,84.36000061035156,84.36000061035156,83.11000061035156,83.18000030517578,75.64054870605469,27086600,0.0,0.0
2017-11-01,83.68000030517578,83.76000213623047,82.87999725341797,83.18000030517578,75.64054870605469,22307400,0.0,0.0
2017-11-02,83.3499984741211,84.45999908447266,83.12000274658203,84.05000305175781,76.4317398071289,23992900,0.0,0.0
2017-11-03,84.08000183105469,84.54000091552734,83.4000015258789,84.13999938964844,76.5135498046875,17633500,0.0,0.0
2017-11-06,84.19999694824219,84.69999694824219,84.08000183105469,84.47000122070312,76.81364440917969,19860900,0.0,0.0
2017-11-07,84.7699966430664,84.9000015258789,83.93000030517578,84.2699966430664,76.63179016113281,17939700,0.0,0.0
2017-11-08,84.13999938964844,84.61000061035156,83.83000183105469,84.55999755859375,76.89549255371094,18034200,0.0,0.0
2017-11-09,84.11000061035156,84.2699966430664,82.9000015258789,84.08999633789062,76.46810150146484,21178400,0.0,0.0
2017-11-10,83.79000091552734,84.0999984741211,83.2300033569336,83.87000274658203,76.26803588867188,19397800,0.0,0.0
2017-11-13,83.66000366210938,83.94000244140625,83.45999908447266,83.93000030517578,76.32259368896484,14196900,0.0,0.0
2017-11-14,83.5,84.0999984741211,82.9800033569336,84.05000305175781,76.4317398071289,18801300,0.0,0.0
2017-11-15,83.47000122070312,83.69000244140625,82.69000244140625,82.9800033569336,75.83769226074219,19383100,0.42,0.0
2017-11-16,83.0999984741211,83.41999816894531,82.94000244140625,83.19999694824219,76.03872680664062,20962800,0.0,0.0
2017-11-17,83.12000274658203,83.12000274658203,82.23999786376953,82.4000015258789,75.30757904052734,22079000,0.0,0.0
2017-11-20,82.4000015258789,82.58999633789062,82.25,82.52999877929688,75.4263687133789,16315000,0.0,0.0
2017-11-21,82.73999786376953,83.83999633789062,82.73999786376953,83.72000122070312,76.51396942138672,21237500,0.0,0.0
2017-11-22,83.83000183105469,83.9000015258789,83.04000091552734,83.11000061035156,75.95649719238281,20553100,0.0,0.0
2017-11-24,83.01000213623047,83.43000030517578,82.77999877929688,83.26000213623047,76.09356689453125,7425600,0.0,0.0
2017-11-27,83.30999755859375,83.9800033569336,83.30000305175781,83.87000274658203,76.65106201171875,18265200,0.0,0.0
2017-11-28,84.06999969482422,85.05999755859375,84.0199966430664,84.87999725341797,77.57414245605469,21926000,0.0,0.0
2017-11-29,84.70999908447266,84.91999816894531,83.18000030517578,83.33999633789062,76.16669464111328,27381100,0.0,0.0
2017-11-30,83.51000213623047,84.5199966430664,83.33999633789062,84.16999816894531,76.92523956298828,33054600,0.0,0.0
2017-12-01,83.5999984741211,84.80999755859375,83.22000122070312,84.26000213623047,77.00749969482422,29532100,0.0,0.0
2017-12-04,84.41999816894531,84.43000030517578,80.69999694824219,81.08000183105469,74.1012191772461,39094900,0.0,0.0
2017-12-05,81.33999633789062,82.68000030517578,80.9800033569336,81.58999633789062,74.56731414794922,26152300,0.0,0.0
2017-12-06,81.55000305175781,83.13999938964844,81.43000030517578,82.77999877929688,75.65486907958984,26162100,0.0,0.0
2017-12-07,82.54000091552734,82.80000305175781,82.0,82.48999786376953,75.38983154296875,23184500,0.0,0.0
2017-12-08,83.62999725341797,84.58000183105469,83.33000183105469,84.16000366210938,76.91612243652344,24489100,0.0,0.0
2017-12-11,84.29000091552734,85.37000274658203,84.12000274658203,85.2300033569336,77.89401245117188,22857900,0.0,0.0
2017-12-12,85.30999755859375,86.05000305175781,85.08000183105469,85.58000183105469,78.21389770507812,23924100,0.0,0.0
2017-12-13,85.73999786376953,86.0,85.16999816894531,85.3499984741211,78.00365447998047,22062700,0.0,0.0
2017-12-14,85.43000030517578,85.87000274658203,84.52999877929688,84.69000244140625,77.40047454833984,19306000,0.0,0.0
2017-12-15,85.26000213623047,87.08999633789062,84.87999725341797,86.8499984741211,79.37457275390625,53936700,0.0,0.0
2017-12-18,87.12000274658203,87.5,86.2300033569336,86.37999725341797,78.94502258300781,22283800,0.0,0.0
2017-12-19,86.3499984741211,86.3499984741211,85.2699966430664,85.83000183105469,78.4423828125,23524800,0.0,0.0
2017-12-20,86.19999694824219,86.30000305175781,84.70999908447266,85.5199966430664,78.1590347290039,23674900,0.0,0.0
2017-12-21,86.05000305175781,86.0999984741211,85.4000015258789,85.5,78.1407699584961,17990700,0.0,0.0
2017-12-22,85.4000015258789,85.62999725341797,84.91999816894531,85.51000213623047,78.14990997314453,14145800,0.0,0.0
2017-12-26,85.30999755859375,85.52999877929688,85.02999877929688,85.4000015258789,78.04938507080078,9891200,0.0,0.0
2017-12-27,85.6500015258789,85.9800033569336,85.22000122070312,85.70999908447266,78.33268737792969,14678000,0.0,0.0
2017-12-28,85.9000015258789,85.93000030517578,85.55000305175781,85.72000122070312,78.34182739257812,10594300,0.0,0.0
2017-12-29,85.62999725341797,86.05000305175781,85.5,85.54000091552734,78.17733001708984,18717400,0.0,0.0
2018-01-02,86.12999725341797,86.30999755859375,85.5,85.94999694824219,78.5520248413086,22483800,0.0,0.0
2018-01-03,86.05999755859375,86.51000213623047,85.97000122070312,86.3499984741211,78.91759490966797,26061400,0.0,0.0
2018-01-04,86.58999633789062,87.66000366210938,86.56999969482422,87.11000061035156,79.61221313476562,21912000,0.0,0.0
2018-01-05,87.66000366210938,88.41000366210938,87.43000030517578,88.19000244140625,80.59922790527344,23407100,0.0,0.0
2018-01-08,88.19999694824219,88.58000183105469,87.5999984741211,88.27999877929688,80.68147277832031,22113000,0.0,0.0
2018-01-09,88.6500015258789,88.7300033569336,87.86000061035156,88.22000122070312,80.62662506103516,19484300,0.0,0.0
2018-01-10,87.86000061035156,88.19000244140625,87.41000366210938,87.81999969482422,80.26107788085938,18652200,0.0,0.0
2018-01-11,88.12999725341797,88.12999725341797,87.23999786376953,88.08000183105469,80.49869537353516,17808900,0.0,0.0
2018-01-12,88.66999816894531,89.77999877929688,88.44999694824219,89.5999984741211,81.88784790039062,24271500,0.0,0.0
2018-01-16,90.0999984741211,90.79000091552734,88.01000213623047,88.3499984741211,80.74546813964844,36599700,0.0,0.0
2018-01-17,89.08000183105469,90.27999877929688,88.75,90.13999938964844,82.38140106201172,25621200,0.0,0.0
2018-01-18,89.80000305175781,90.66999816894531,89.66000366210938,90.0999984741211,82.34484100341797,24159700,0.0,0.0
2018-01-19,90.13999938964844,90.61000061035156,89.66000366210938,90.0,82.25342559814453,36875000,0.0,0.0
2018-01-22,90.0,91.62000274658203,89.73999786376953,91.61000061035156,83.72484588623047,23601600,0.0,0.0
2018-01-23,91.9000015258789,92.30000305175781,91.54000091552734,91.9000015258789,83.98989868164062,23412800,0.0,0.0
2018-01-24,92.55000305175781,93.43000030517578,91.58000183105469,91.81999969482422,83.91680145263672,33277500,0.0,0.0
2018-01-25,92.47000122070312,93.23999786376953,91.93000030517578,92.33000183105469,84.38288879394531,26383200,0.0,0.0
2018-01-26,93.12000274658203,94.05999755859375,92.58000183105469,94.05999755859375,85.9639663696289,29172200,0.0,0.0
2018-01-29,95.13999938964844,95.44999694824219,93.72000122070312,93.91999816894531,85.83604431152344,31569900,0.0,0.0
2018-01-30,93.30000305175781,93.66000366210938,92.0999984741211,92.73999786376953,84.75759887695312,38635100,0.0,0.0
2018-01-31,93.75,95.4000015258789,93.51000213623047,95.01000213623047,86.83221435546875,48756300,0.0,0.0
2018-02-01,94.79000091552734,96.06999969482422,93.58000183105469,94.26000213623047,86.14677429199219,47227900,0.0,0.0
2018-02-02,93.63999938964844,93.97000122070312,91.5,91.77999877929688,83.88023376464844,47867800,0.0,0.0
2018-02-05,90.55999755859375,93.23999786376953,88.0,88.0,80.42558288574219,51031500,0.0,0.0
2018-02-06,86.88999938964844,91.4800033569336,85.25,91.33000183105469,83.46895599365234,67998600,0.0,0.0
2018-02-07,90.48999786376953,91.7699966430664,89.19999694824219,89.61000061035156,81.8969955444336,41107600,0.0,0.0
2018-02-08,89.70999908447266,89.87999725341797,84.76000213623047,85.01000213623047,77.69294738769531,55628700,0.0,0.0
2018-02-09,86.30000305175781,88.93000030517578,83.83000183105469,88.18000030517578,80.59009552001953,63499100,0.0,0.0
2018-02-12,88.73999786376953,89.77999877929688,87.93000030517578,89.12999725341797,81.45832824707031,35720300,0.0,0.0
2018-02-13,88.93000030517578,90.0,87.80000305175781,89.83000183105469,82.09809112548828,26407700,0.0,0.0
2018-02-14,88.51000213623047,90.98999786376953,88.41000366210938,90.80999755859375,83.38355255126953,34960900,0.42,0.0
2018-02-15,91.20999908447266,92.72000122070312,90.62000274658203,92.66000366210938,85.08231353759766,27823900,0.0,0.0
2018-02-16,92.44999694824219,93.5,91.80000305175781,92.0,84.47624969482422,30596900,0.0,0.0
2018-02-20,91.4800033569336,93.05999755859375,91.01000213623047,92.72000122070312,85.1373519897461,30911700,0.0,0.0
2018-02-21,92.9800033569336,93.36000061035156,91.48999786376953,91.48999786376953,84.00801086425781,26922500,0.0,0.0
2018-02-22,92.05000305175781,92.7300033569336,91.36000061035156,91.7300033569336,84.22834014892578,24392800,0.0,0.0
2018-02-23,93.5999984741211,94.06999969482422,92.36000061035156,94.05999755859375,86.36779022216797,26329200,0.0,0.0
2018-02-26,94.4000015258789,95.44999694824219,94.25,95.41999816894531,87.6165771484375,30199800,0.0,0.0
2018-02-27,95.73999786376953,95.83999633789062,94.19999694824219,94.19999694824219,86.49633026123047,25869100,0.0,0.0
2018-02-28,94.83999633789062,95.70999908447266,93.62999725341797,93.7699966430664,86.10150909423828,31167300,0.0,0.0
2018-03-01,93.98999786376953,94.56999969482422,91.83999633789062,92.8499984741211,85.25674438476562,37135600,0.0,0.0
2018-03-02,91.58000183105469,93.1500015258789,90.86000061035156,93.05000305175781,85.4404067993164,32830400,0.0,0.0
2018-03-05,92.33999633789062,94.2699966430664,92.26000213623047,93.63999938964844,85.98212432861328,23901600,0.0,0.0
2018-03-06,94.33999633789062,94.48999786376953,92.94000244140625,93.31999969482422,85.68832397460938,22175800,0.0,0.0
2018-03-07,93.16000366210938,93.94000244140625,92.43000030517578,93.86000061035156,86.18414306640625,26716100,0.0,0.0
2018-03-08,94.2699966430664,95.0999984741211,93.7699966430664,94.43000030517578,86.7075424194336,25887800,0.0,0.0
2018-03-09,95.29000091552734,96.54000091552734,95.0,96.54000091552734,88.64496612548828,36937300,0.0,0.0
2018-03-12,96.5,97.20999908447266,96.04000091552734,96.7699966430664,88.85614776611328,26073700,0.0,0.0
2018-03-13,97.0,97.23999786376953,93.97000122070312,94.41000366210938,86.6891860961914,35387800,0.0,0.0
2018-03-14,95.12000274658203,95.41000366210938,93.5,93.8499984741211,86.17498779296875,32132000,0.0,0.0
2018-03-15,93.52999877929688,94.58000183105469,92.83000183105469,94.18000030517578,86.47796630859375,27611000,0.0,0.0
2018-03-16,94.68000030517578,95.37999725341797,93.91999816894531,94.5999984741211,86.86363220214844,49081300,0.0,0.0
2018-03-19,93.73999786376953,93.9000015258789,92.11000061035156,92.88999938964844,85.29346466064453,33344100,0.0,0.0
2018-03-20,93.05000305175781,93.7699966430664,93.0,93.12999725341797,85.51384735107422,23075200,0.0,0.0
2018-03-21,92.93000030517578,94.05000305175781,92.20999908447266,92.4800033569336,84.91703796386719,24457100,0.0,0.0
2018-03-22,91.2699966430664,91.75,89.66000366210938,89.79000091552734,82.4469985961914,38604700,0.0,0.0
2018-03-23,89.5,90.45999908447266,87.08000183105469,87.18000030517578,80.05043029785156,44068900,0.0,0.0
2018-03-26,90.61000061035156,94.0,90.4000015258789,93.77999877929688,86.1107177734375,56396800,0.0,0.0
2018-03-27,94.94000244140625,95.13999938964844,88.51000213623047,89.47000122070312,82.15316772460938,56569000,0.0,0.0
2018-03-28,89.81999969482422,91.2300033569336,88.87000274658203,89.38999938964844,82.07968139648438,52501100,0.0,0.0
2018-03-29,90.18000030517578,92.29000091552734,88.4000015258789,91.2699966430664,83.80596160888672,45867500,0.0,0.0
2018-04-02,90.47000122070312,90.87999725341797,87.51000213623047,88.5199966430664,81.2808609008789,48515400,0.0,0.0
2018-04-03,89.58000183105469,90.05000305175781,87.88999938964844,89.70999908447266,82.37351989746094,37213800,0.0,0.0
2018-04-04,87.8499984741211,92.76000213623047,87.7300033569336,92.33000183105469,84.779296875,35560000,0.0,0.0
2018-04-05,92.44000244140625,93.06999969482422,91.4000015258789,92.37999725341797,84.82516479492188,29771900,0.0,0.0
2018-04-06,91.48999786376953,92.45999908447266,89.4800033569336,90.2300033569336,82.85103607177734,38026000,0.0,0.0
2018-04-09,91.04000091552734,93.16999816894531,90.62000274658203,90.7699966430664,83.34684753417969,31533900,0.0,0.0
2018-04-10,92.38999938964844,93.27999877929688,91.63999938964844,92.87999725341797,85.2842788696289,26812000,0.0,0.0
2018-04-11,92.01000213623047,93.29000091552734,91.4800033569336,91.86000061035156,84.34770965576172,24872100,0.0,0.0
2018-04-12,92.43000030517578,94.16000366210938,92.43000030517578,93.58000183105469,85.92705535888672,26758900,0.0,0.0
2018-04-13,94.05000305175781,94.18000030517578,92.44000244140625,93.08000183105469,85.46793365478516,23346100,0.0,0.0
2018-04-16,94.06999969482422,94.66000366210938,93.41999816894531,94.16999816894531,86.46880340576172,20288100,0.0,0.0
2018-04-17,95.0,96.54000091552734,94.87999725341797,96.06999969482422,88.21343231201172,26771000,0.0,0.0
2018-04-18,96.22000122070312,96.72000122070312,95.5199966430664,96.44000244140625,88.55316925048828,21043300,0.0,0.0
2018-04-19,96.44000244140625,97.06999969482422,95.33999633789062,96.11000061035156,88.2501449584961,23552500,0.0,0.0
2018-04-20,95.91000366210938,96.11000061035156,94.05000305175781,95.0,87.23091888427734,31154400,0.0,0.0
2018-04-23,95.73999786376953,96.29000091552734,94.62999725341797,95.3499984741211,87.55228424072266,22331800,0.0,0.0
2018-04-24,96.23999786376953,96.47000122070312,92.41000366210938,93.12000274658203,85.50466918945312,34524800,0.0,0.0
2018-04-25,93.30000305175781,93.30000305175781,90.27999877929688,92.30999755859375,84.76091766357422,33729300,0.0,0.0
2018-04-26,93.55000305175781,95.1500015258789,93.0999984741211,94.26000213623047,86.55145263671875,42529000,0.0,0.0
2018-04-27,97.5999984741211,97.9000015258789,93.91000366210938,95.81999969482422,87.98387145996094,48272800,0.0,0.0
2018-04-30,96.33000183105469,96.4000015258789,93.1500015258789,93.5199966430664,85.8719711303711,41523600,0.0,0.0
2018-05-01,93.20999908447266,95.29000091552734,92.79000091552734,95.0,87.23091888427734,31408900,0.0,0.0
2018-05-02,94.98999786376953,95.16999816894531,93.19000244140625,93.51000213623047,85.8627700805664,27471000,0.0,0.0
2018-05-03,92.95999908447266,94.93000030517578,92.44999694824219,94.06999969482422,86.3769760131836,31142500,0.0,0.0
2018-05-04,93.31999969482422,95.37000274658203,92.91999816894531,95.16000366210938,87.37784576416016,22531300,0.0,0.0
2018-05-07,95.16999816894531,96.70999908447266,95.0999984741211,96.22000122070312,88.35113525390625,24242000,0.0,0.0
2018-05-08,95.8499984741211,96.16000366210938,95.05999755859375,95.80999755859375,87.97467041015625,23484600,0.0,0.0
2018-05-09,96.01000213623047,96.97000122070312,95.05000305175781,96.94000244140625,89.01223754882812,27327400,0.0,0.0
2018-05-10,97.45999908447266,97.94999694824219,97.05000305175781,97.91000366210938,89.90293884277344,22388100,0.0,0.0
2018-05-11,97.80000305175781,97.87000274658203,97.04000091552734,97.69999694824219,89.71012878417969,16778300,0.0,0.0
2018-05-14,97.91999816894531,98.69000244140625,97.30999755859375,98.02999877929688,90.01316833496094,19454100,0.0,0.0
2018-05-15,97.23999786376953,97.8499984741211,96.33999633789062,97.31999969482422,89.36117553710938,24594000,0.0,0.0
2018-05-16,97.36000061035156,97.4000015258789,96.62000274658203,97.1500015258789,89.59172821044922,17384700,0.42,0.0
2018-05-17,96.76000213623047,97.54000091552734,95.83000183105469,96.18000030517578,88.69721221923828,17246700,0.0,0.0
2018-05-18,96.01000213623047,96.93000030517578,96.01000213623047,96.36000061035156,88.86319732666016,17865800,0.0,0.0
2018-05-21,97.0,98.01000213623047,96.80000305175781,97.5999984741211,90.0067367553711,19422500,0.0,0.0
2018-05-22,97.68000030517578,98.16999816894531,97.19999694824219,97.5,89.91451263427734,15441200,0.0,0.0
2018-05-23,96.70999908447266,98.7300033569336,96.31999969482422,98.66000366210938,90.98426055908203,21251200,0.0,0.0
2018-05-24,98.7300033569336,98.94000244140625,96.80999755859375,98.30999755859375,90.6614761352539,26649300,0.0,0.0
2018-05-25,98.30000305175781,98.9800033569336,97.86000061035156,98.36000061035156,90.70763397216797,18363900,0.0,0.0
2018-05-29,97.83999633789062,98.87999725341797,97.2300033569336,98.01000213623047,90.38484191894531,28671000,0.0,0.0
2018-05-30,98.30999755859375,99.25,97.91000366210938,98.94999694824219,91.251708984375,22158500,0.0,0.0
2018-05-31,99.29000091552734,99.98999786376953,98.61000061035156,98.83999633789062,91.15026092529297,34140900,0.0,0.0
2018-06-01,99.27999877929688,100.86000061035156,99.16999816894531,100.79000091552734,92.94853210449219,28655600,0.0,0.0
2018-06-04,101.26000213623047,101.86000061035156,100.8499984741211,101.66999816894531,93.76008605957031,27281600,0.0,0.0
2018-06-05,102.0,102.33000183105469,101.52999877929688,102.19000244140625,94.23963928222656,23514400,0.0,0.0
2018-06-06,102.4800033569336,102.5999984741211,101.9000015258789,102.48999786376953,94.51626586914062,21122900,0.0,0.0
2018-06-07,102.6500015258789,102.69000244140625,100.37999725341797,100.87999725341797,93.03150939941406,28232200,0.0,0.0
2018-06-08,101.08999633789062,101.94999694824219,100.54000091552734,101.62999725341797,93.72318267822266,22165100,0.0,0.0
2018-06-11,101.01000213623047,101.58999633789062,100.66999816894531,101.05000305175781,93.18832397460938,23490900,0.0,0.0
2018-06-12,101.0999984741211,101.44999694824219,100.75,101.30999755859375,93.42809295654297,18325200,0.0,0.0
2018-06-13,101.72000122070312,102.01000213623047,100.55999755859375,100.8499984741211,93.0038833618164,29492900,0.0,0.0
2018-06-14,101.6500015258789,102.02999877929688,101.0,101.41999816894531,93.52953338623047,25691800,0.0,0.0
2018-06-15,101.51000213623047,101.52999877929688,100.06999969482422,100.12999725341797,92.33989715576172,65738600,0.0,0.0
2018-06-18,100.01000213623047,101.11000061035156,99.41999816894531,100.86000061035156,93.01309967041016,23586000,0.0,0.0
2018-06-19,99.6500015258789,101.0,99.5,100.86000061035156,93.01309967041016,28653100,0.0,0.0
2018-06-20,101.37000274658203,102.5199966430664,101.12000274658203,101.87000274658203,93.94451904296875,26180800,0.0,0.0
2018-06-21,102.08000183105469,102.45999908447266,100.87999725341797,101.13999938964844,93.2713394165039,23198200,0.0,0.0
2018-06-22,100.41000366210938,100.7699966430664,99.62999725341797,100.41000366210938,92.59812927246094,38923100,0.0,0.0
2018-06-25,100.0,100.11000061035156,97.30000305175781,98.38999938964844,90.73524475097656,35433300,0.0,0.0
2018-06-26,98.81999969482422,100.08000183105469,98.75,99.08000183105469,91.3715591430664,26897200,0.0,0.0
2018-06-27,99.58000183105469,100.0199966430664,97.4000015258789,97.54000091552734,89.95140075683594,31298400,0.0,0.0
2018-06-28,97.37999725341797,99.11000061035156,97.26000213623047,98.62999725341797,90.95659637451172,26650700,0.0,0.0
2018-06-29,98.93000030517578,99.91000366210938,98.33000183105469,98.61000061035156,90.93817138671875,28053200,0.0,0.0
2018-07-02,98.0999984741211,100.05999755859375,98.0,100.01000213623047,92.22924041748047,19564500,0.0,0.0
2018-07-03,100.4800033569336,100.62999725341797,98.94000244140625,99.05000305175781,91.34391784667969,14670300,0.0,0.0
2018-07-05,99.5,99.91999816894531,99.02999877929688,99.76000213623047,91.99871063232422,18977400,0.0,0.0
2018-07-06,99.88999938964844,101.43000030517578,99.66999816894531,101.16000366210938,93.28977966308594,19234600,0.0,0.0
2018-07-09,101.6500015258789,102.25,101.25,101.8499984741211,93.92607879638672,18212000,0.0,0.0
2018-07-10,102.0,102.51000213623047,101.86000061035156,102.12000274658203,94.17506408691406,19293100,0.0,0.0
2018-07-11,101.1500015258789,102.33999633789062,101.0999984741211,101.9800033569336,94.04595184326172,19644600,0.0,0.0
2018-07-12,102.7699966430664,104.41000366210938,102.7300033569336,104.19000244140625,96.08402252197266,24335900,0.0,0.0
2018-07-13,104.37000274658203,105.5999984741211,104.08999633789062,105.43000030517578,97.22755432128906,24635200,0.0,0.0
2018-07-16,105.4000015258789,105.81999969482422,104.5199966430664,104.91000366210938,96.7480239868164,21786900,0.0,0.0
2018-07-17,104.61000061035156,106.5,104.31999969482422,105.94999694824219,97.70711517333984,25901700,0.0,0.0
2018-07-18,105.94000244140625,106.05000305175781,104.72000122070312,105.12000274658203,96.94168090820312,29493900,0.0,0.0
2018-07-19,104.93000030517578,105.30999755859375,103.88999938964844,104.4000015258789,96.27767181396484,40171600,0.0,0.0
2018-07-20,108.08000183105469,108.19999694824219,106.08000183105469,106.2699966430664,98.0022201538086,56004000,0.0,0.0
2018-07-23,106.30000305175781,108.13999938964844,106.12999725341797,107.97000122070312,99.56995391845703,29707000,0.0,0.0
2018-07-24,108.56999969482422,108.81999969482422,107.26000213623047,107.66000366210938,99.2840805053711,26316600,0.0,0.0
2018-07-25,107.95999908447266,111.1500015258789,107.5999984741211,110.83000183105469,102.20746612548828,30702100,0.0,0.0
2018-07-26,110.73999786376953,111.0,109.5,109.62000274658203,101.09159088134766,31372100,0.0,0.0
2018-07-27,110.18000030517578,110.18000030517578,106.13999938964844,107.68000030517578,99.302490234375,37005300,0.0,0.0
2018-07-30,107.19000244140625,107.52999877929688,104.76000213623047,105.37000274658203,97.17222595214844,34668300,0.0,0.0
2018-07-31,106.48999786376953,106.72000122070312,105.37999725341797,106.08000183105469,97.82698822021484,27655200,0.0,0.0
2018-08-01,106.02999877929688,106.44999694824219,105.41999816894531,106.27999877929688,98.01142120361328,23628700,0.0,0.0
2018-08-02,105.4000015258789,108.08999633789062,104.83999633789062,107.56999969482422,99.20108032226562,26104300,0.0,0.0
2018-08-03,107.80000305175781,108.05000305175781,106.81999969482422,108.04000091552734,99.63450622558594,18659600,0.0,0.0
2018-08-06,108.12000274658203,108.41999816894531,107.55999755859375,108.12999725341797,99.71748352050781,20265900,0.0,0.0
2018-08-07,108.55999755859375,109.0999984741211,108.16999816894531,108.87999725341797,100.40913391113281,16080200,0.0,0.0
2018-08-08,109.33000183105469,109.75,108.76000213623047,109.48999786376953,100.9717025756836,15487500,0.0,0.0
2018-08-09,109.70999908447266,110.16000366210938,109.5999984741211,109.66999816894531,101.13770294189453,13677200,0.0,0.0
2018-08-10,109.41999816894531,109.69000244140625,108.37999725341797,109.0,100.51981353759766,18183700,0.0,0.0
2018-08-13,109.23999786376953,109.58000183105469,108.0999984741211,108.20999908447266,99.79126739501953,18472500,0.0,0.0
2018-08-14,108.55999755859375,109.75,108.04000091552734,109.55999755859375,101.03623962402344,16788300,0.0,0.0
2018-08-15,108.48999786376953,108.98999786376953,106.81999969482422,107.66000366210938,99.66613006591797,29982800,0.42,0.0
2018-08-16,108.30000305175781,108.86000061035156,107.30000305175781,107.63999938964844,99.64762878417969,21384300,0.0,0.0
2018-08-17,107.36000061035156,107.9000015258789,106.69000244140625,107.58000183105469,99.59208679199219,18061500,0.0,0.0
2018-08-20,107.51000213623047,107.9000015258789,106.4800033569336,106.87000274658203,98.93480682373047,17914200,0.0,0.0
2018-08-21,106.91999816894531,107.3499984741211,105.8499984741211,105.9800033569336,98.11088562011719,22881900,0.0,0.0
2018-08-22,105.8499984741211,107.33999633789062,105.77999877929688,107.05999755859375,99.11068725585938,18000600,0.0,0.0
2018-08-23,107.1500015258789,108.18000030517578,106.87000274658203,107.55999755859375,99.57355499267578,18167700,0.0,0.0
2018-08-24,107.66999816894531,108.55999755859375,107.55999755859375,108.4000015258789,100.35121154785156,17234000,0.0,0.0
2018-08-27,109.2699966430664,109.63999938964844,108.51000213623047,109.5999984741211,101.46207427978516,19662300,0.0,0.0
2018-08-28,109.94000244140625,110.5,109.79000091552734,110.26000213623047,102.07308959960938,19151500,0.0,0.0
2018-08-29,110.44999694824219,112.02999877929688,110.2699966430664,112.0199966430664,103.70238494873047,20818000,0.0,0.0
2018-08-30,111.66999816894531,112.61000061035156,111.44000244140625,111.94999694824219,103.63760375976562,22798700,0.0,0.0
2018-08-31,111.69000244140625,112.77999877929688,111.5199966430664,112.33000183105469,103.98941040039062,23222700,0.0,0.0
2018-09-04,110.8499984741211,111.95999908447266,110.22000122070312,111.70999908447266,103.41543579101562,22634600,0.0,0.0
2018-09-05,111.01000213623047,111.41999816894531,108.0999984741211,108.48999786376953,100.43451690673828,32872400,0.0,0.0
2018-09-06,108.25,108.98999786376953,107.51000213623047,108.73999786376953,100.66594696044922,23477600,0.0,0.0
2018-09-07,108.2300033569336,108.72000122070312,107.2300033569336,108.20999908447266,100.17532348632812,22498600,0.0,0.0
2018-09-10,108.83999633789062,109.63999938964844,108.36000061035156,109.37999725341797,101.25841522216797,20727900,0.0,0.0
2018-09-11,108.9000015258789,111.58999633789062,108.88999938964844,111.23999786376953,102.98031616210938,24301800,0.0,0.0
2018-09-12,111.43000030517578,111.8499984741211,110.51000213623047,111.70999908447266,103.41543579101562,18891100,0.0,0.0
2018-09-13,112.12000274658203,113.7300033569336,112.12000274658203,112.91000366210938,104.52630615234375,26055600,0.0,0.0
2018-09-14,113.36000061035156,113.7300033569336,112.44000244140625,113.37000274658203,104.9521713256836,19122300,0.0,0.0
2018-09-17,113.69000244140625,113.69999694824219,111.86000061035156,112.13999938964844,103.8134994506836,20736500,0.0,0.0
2018-09-18,112.19000244140625,113.69999694824219,111.72000122070312,113.20999908447266,104.80404663085938,22170900,0.0,0.0
2018-09-19,113.05000305175781,113.31999969482422,111.04000091552734,111.69999694824219,103.4061508178711,21728400,0.0,0.0
2018-09-20,112.27999877929688,113.80000305175781,111.93000030517578,113.56999969482422,105.1373291015625,23714500,0.0,0.0
2018-09-21,114.0,115.29000091552734,113.51000213623047,114.26000213623047,105.77606964111328,71229700,0.0,0.0
2018-09-24,113.02999877929688,114.9000015258789,112.22000122070312,114.66999816894531,106.1556167602539,27334500,0.0,0.0
2018-09-25,114.80000305175781,115.0999984741211,113.75,114.44999694824219,105.95195007324219,22668000,0.0,0.0
2018-09-26,114.47000122070312,115.05999755859375,113.73999786376953,113.9800033569336,105.51687622070312,19352000,0.0,0.0
2018-09-27,114.77999877929688,114.91000366210938,114.19999694824219,114.41000366210938,105.91494750976562,19091300,0.0,0.0
2018-09-28,114.19000244140625,114.56999969482422,113.68000030517578,114.37000274658203,105.87792205810547,21647800,0.0,0.0
2018-10-01,114.75,115.68000030517578,114.7300033569336,115.61000061035156,107.02583312988281,18883100,0.0,0.0
2018-10-02,115.30000305175781,115.83999633789062,114.44000244140625,115.1500015258789,106.59998321533203,20787200,0.0,0.0
2018-10-03,115.41999816894531,116.18000030517578,114.93000030517578,115.16999816894531,106.6185073852539,16648000,0.0,0.0
2018-10-04,114.61000061035156,114.76000213623047,111.62999725341797,112.79000091552734,104.41522979736328,34821700,0.0,0.0
2018-10-05,112.62999725341797,113.16999816894531,110.63999938964844,112.12999725341797,103.80423736572266,29068900,0.0,0.0
2018-10-08,111.66000366210938,112.02999877929688,109.33999633789062,110.8499984741211,102.61927795410156,29640600,0.0,0.0
2018-10-09,111.13999938964844,113.08000183105469,110.80000305175781,112.26000213623047,103.92456817626953,26198600,0.0,0.0
2018-10-10,111.23999786376953,111.5,105.79000091552734,106.16000366210938,98.27752685546875,61376300,0.0,0.0
2018-10-11,105.3499984741211,108.93000030517578,104.19999694824219,105.91000366210938,98.04607391357422,63904300,0.0,0.0
2018-10-12,109.01000213623047,111.23999786376953,107.12000274658203,109.56999969482422,101.4343032836914,47742100,0.0,0.0
2018-10-15,108.91000366210938,109.4800033569336,106.94999694824219,107.5999984741211,99.61058807373047,32068100,0.0,0.0
2018-10-16,109.54000091552734,111.41000366210938,108.94999694824219,111.0,102.75814056396484,31610200,0.0,0.0
2018-10-17,111.68000030517578,111.80999755859375,109.55000305175781,110.70999908447266,102.48966217041016,26548200,0.0,0.0
2018-10-18,110.0999984741211,110.52999877929688,107.83000183105469,108.5,100.44375610351562,32506200,0.0,0.0
2018-10-19,108.93000030517578,110.86000061035156,108.20999908447266,108.66000366210938,100.5918960571289,32785500,0.0,0.0
2018-10-22,109.31999969482422,110.54000091552734,108.23999786376953,109.62999725341797,101.48982238769531,26545600,0.0,0.0
2018-10-23,107.7699966430664,108.97000122070312,105.11000061035156,108.0999984741211,100.07347106933594,43770400,0.0,0.0
2018-10-24,108.41000366210938,108.48999786376953,101.58999633789062,102.31999969482422,94.72265625,63897800,0.0,0.0
2018-10-25,106.55000305175781,109.2699966430664,106.1500015258789,108.30000305175781,100.25859832763672,61646800,0.0,0.0
2018-10-26,105.69000244140625,108.75,104.76000213623047,106.95999908447266,99.01814270019531,55523100,0.0,0.0
2018-10-29,108.11000061035156,108.69999694824219,101.62999725341797,103.8499984741211,96.13904571533203,55162000,0.0,0.0
2018-10-30,103.66000366210938,104.37999725341797,100.11000061035156,103.7300033569336,96.02796173095703,65350900,0.0,0.0
2018-10-31,105.44000244140625,108.13999938964844,105.38999938964844,106.80999755859375,98.87926483154297,51062400,0.0,0.0
2018-11-01,107.05000305175781,107.31999969482422,105.52999877929688,105.91999816894531,98.05533599853516,33384200,0.0,0.0
2018-11-02,106.4800033569336,107.31999969482422,104.9800033569336,106.16000366210938,98.27752685546875,37680200,0.0,0.0
2018-11-05,106.37000274658203,107.73999786376953,105.9000015258789,107.51000213623047,99.52729034423828,27922100,0.0,0.0
2018-11-06,107.37999725341797,108.83999633789062,106.27999877929688,107.72000122070312,99.72168731689453,24340200,0.0,0.0
2018-11-07,109.44000244140625,112.23999786376953,109.4000015258789,111.95999908447266,103.64683532714844,37901700,0.0,0.0
2018-11-08,111.80000305175781,112.20999908447266,110.91000366210938,111.75,103.45246124267578,25644100,0.0,0.0
2018-11-09,110.8499984741211,111.44999694824219,108.76000213623047,109.56999969482422,101.4343032836914,32039200,0.0,0.0
2018-11-12,109.41999816894531,109.95999908447266,106.0999984741211,106.87000274658203,98.93480682373047,33621800,0.0,0.0
2018-11-13,107.55000305175781,108.73999786376953,106.63999938964844,106.94000244140625,98.9996109008789,35374600,0.0,0.0
2018-11-14,108.0999984741211,108.26000213623047,104.47000122070312,104.97000122070312,97.59568786621094,39495100,0.46,0.0
2018-11-15,104.98999786376953,107.80000305175781,103.91000366210938,107.27999877929688,99.743408203125,38505200,0.0,0.0
2018-11-16,107.08000183105469,108.87999725341797,106.80000305175781,108.29000091552734,100.68244934082031,33502100,0.0,0.0
2018-11-19,108.2699966430664,108.55999755859375,103.55000305175781,104.62000274658203,97.270263671875,44773900,0.0,0.0
2018-11-20,101.80000305175781,102.97000122070312,99.3499984741211,101.70999908447266,94.5647201538086,64052500,0.0,0.0
2018-11-21,103.5999984741211,104.43000030517578,102.23999786376953,103.11000061035156,95.86636352539062,28130600,0.0,0.0
2018-11-23,102.16999816894531,103.80999755859375,102.0,103.06999969482422,95.82917785644531,13823100,0.0,0.0
2018-11-26,104.79000091552734,106.62999725341797,104.58000183105469,106.47000122070312,98.99031829833984,32336200,0.0,0.0
2018-11-27,106.2699966430664,107.33000183105469,105.36000061035156,107.13999938964844,99.61324310302734,29124500,0.0,0.0
2018-11-28,107.88999938964844,111.33000183105469,107.86000061035156,111.12000274658203,103.3136215209961,46788500,0.0,0.0
2018-11-29,110.33000183105469,111.12000274658203,109.02999877929688,110.19000244140625,102.44895935058594,28123200,0.0,0.0
2018-11-30,110.69999694824219,110.97000122070312,109.36000061035156,110.88999938964844,103.09980010986328,33665600,0.0,0.0
2018-12-03,113.0,113.41999816894531,110.7300033569336,112.08999633789062,104.21549987792969,34732800,0.0,0.0
2018-12-04,111.94000244140625,112.63999938964844,108.20999908447266,108.5199966430664,100.89627838134766,45197000,0.0,0.0
2018-12-06,105.81999969482422,109.23999786376953,105.0,109.19000244140625,101.51922607421875,49107400,0.0,0.0
2018-12-07,108.37999725341797,109.44999694824219,104.30000305175781,104.81999969482422,97.4561996459961,45044900,0.0,0.0
2018-12-10,104.80000305175781,107.9800033569336,103.88999938964844,107.58999633789062,100.0316162109375,40801500,0.0,0.0
2018-12-11,109.80000305175781,110.94999694824219,107.44000244140625,108.58999633789062,100.96134185791016,42381900,0.0,0.0
2018-12-12,110.88999938964844,111.2699966430664,109.04000091552734,109.08000183105469,101.41697692871094,36183000,0.0,0.0
2018-12-13,109.58000183105469,110.87000274658203,108.62999725341797,109.44999694824219,101.76094055175781,31333400,0.0,0.0
2018-12-14,108.25,109.26000213623047,105.5,106.02999877929688,98.58123779296875,47043100,0.0,0.0
2018-12-17,105.41000366210938,105.80000305175781,101.70999908447266,102.88999938964844,95.66179656982422,56957300,0.0,0.0
2018-12-18,103.75,104.51000213623047,102.5199966430664,103.97000122070312,96.66592407226562,49319200,0.0,0.0
2018-12-19,103.6500015258789,106.87999725341797,101.3499984741211,103.69000244140625,96.40560913085938,68198200,0.0,0.0
2018-12-20,103.05000305175781,104.30999755859375,98.77999877929688,101.51000213623047,94.37873840332031,70334200,0.0,0.0
2018-12-21,101.62999725341797,103.0,97.45999908447266,98.2300033569336,91.32917785644531,111242100,0.0,0.0
2018-12-24,97.68000030517578,97.97000122070312,93.9800033569336,94.12999725341797,87.51720428466797,43935200,0.0,0.0
2018-12-26,95.13999938964844,100.69000244140625,93.95999908447266,100.55999755859375,93.49551391601562,51634800,0.0,0.0
2018-12-27,99.30000305175781,101.19000244140625,96.4000015258789,101.18000030517578,94.0719223022461,49498500,0.0,0.0
2018-12-28,102.08999633789062,102.41000366210938,99.5199966430664,100.38999938964844,93.33741760253906,38196300,0.0,0.0
2018-12-31,101.29000091552734,102.4000015258789,100.44000244140625,101.56999969482422,94.43452453613281,33173800,0.0,0.0
2019-01-02,99.55000305175781,101.75,98.94000244140625,101.12000274658203,94.01614379882812,35329300,0.0,0.0
2019-01-03,100.0999984741211,100.19000244140625,97.19999694824219,97.4000015258789,90.55747985839844,42579100,0.0,0.0
2019-01-04,99.72000122070312,102.51000213623047,98.93000030517578,101.93000030517578,94.76923370361328,44060600,0.0,0.0
2019-01-07,101.63999938964844,103.2699966430664,100.9800033569336,102.05999755859375,94.89012145996094,35656100,0.0,0.0
2019-01-08,103.04000091552734,103.97000122070312,101.70999908447266,102.80000305175781,95.57813262939453,31514400,0.0,0.0
2019-01-09,103.86000061035156,104.87999725341797,103.23999786376953,104.2699966430664,96.9448471069336,32280800,0.0,0.0
2019-01-10,103.22000122070312,103.75,102.37999725341797,103.5999984741211,96.3219223022461,30067600,0.0,0.0
2019-01-11,103.19000244140625,103.44000244140625,101.63999938964844,102.80000305175781,95.57813262939453,28314200,0.0,0.0
2019-01-14,101.9000015258789,102.87000274658203,101.26000213623047,102.05000305175781,94.88084411621094,28437100,0.0,0.0
2019-01-15,102.51000213623047,105.05000305175781,101.87999725341797,105.01000213623047,97.63287353515625,31587600,0.0,0.0
2019-01-16,105.26000213623047,106.26000213623047,104.95999908447266,105.37999725341797,97.97687530517578,29853900,0.0,0.0
2019-01-17,105.0,106.62999725341797,104.76000213623047,106.12000274658203,98.66490173339844,28393000,0.0,0.0
2019-01-18,107.45999908447266,107.9000015258789,105.91000366210938,107.70999908447266,100.14320373535156,37427600,0.0,0.0
2019-01-22,106.75,107.0999984741211,104.86000061035156,105.68000030517578,98.25578308105469,32371300,0.0,0.0
2019-01-23,106.12000274658203,107.04000091552734,105.33999633789062,106.70999908447266,99.21343994140625,25874300,0.0,0.0
2019-01-24,106.86000061035156,107.0,105.33999633789062,106.19999694824219,98.73926544189453,23164800,0.0,0.0
2019-01-25,107.23999786376953,107.87999725341797,106.19999694824219,107.16999816894531,99.64112091064453,31225600,0.0,0.0
2019-01-28,106.26000213623047,106.4800033569336,104.66000366210938,105.08000183105469,97.69795989990234,29476700,0.0,0.0
2019-01-29,104.87999725341797,104.97000122070312,102.16999816894531,102.94000244140625,95.70829772949219,31490500,0.0,0.0
2019-01-30,104.62000274658203,106.37999725341797,104.33000183105469,106.37999725341797,98.90663146972656,49471900,0.0,0.0
2019-01-31,103.80000305175781,105.22000122070312,103.18000030517578,104.43000030517578,97.09361267089844,55636400,0.0,0.0
2019-02-01,103.77999877929688,104.0999984741211,102.3499984741211,102.77999877929688,95.55952453613281,35535700,0.0,0.0
2019-02-04,102.87000274658203,105.80000305175781,102.7699966430664,105.73999786376953,98.31158447265625,31315100,0.0,0.0
2019-02-05,106.05999755859375,107.2699966430664,105.95999908447266,107.22000122070312,99.6876220703125,27325400,0.0,0.0
2019-02-06,107.0,107.0,105.52999877929688,106.02999877929688,98.58123779296875,20609800,0.0,0.0
2019-02-07,105.19000244140625,105.58999633789062,104.29000091552734,105.2699966430664,97.87460327148438,29760700,0.0,0.0
2019-02-08,104.38999938964844,105.77999877929688,104.26000213623047,105.66999816894531,98.24652099609375,21461100,0.0,0.0
2019-02-11,106.19999694824219,106.58000183105469,104.97000122070312,105.25,97.85600280761719,18914100,0.0,0.0
2019-02-12,106.13999938964844,107.13999938964844,105.4800033569336,106.88999938964844,99.38081359863281,25056600,0.0,0.0
2019-02-13,107.5,107.77999877929688,106.70999908447266,106.80999755859375,99.3064193725586,18394900,0.0,0.0
2019-02-14,106.30999755859375,107.29000091552734,105.66000366210938,106.9000015258789,99.39009857177734,21784700,0.0,0.0
2019-02-15,107.91000366210938,108.30000305175781,107.36000061035156,108.22000122070312,100.61735534667969,26606900,0.0,0.0
2019-02-19,107.79000091552734,108.66000366210938,107.77999877929688,108.16999816894531,100.57087707519531,18038500,0.0,0.0
2019-02-20,107.86000061035156,107.94000244140625,106.29000091552734,107.1500015258789,100.04798889160156,21607700,0.46,0.0
2019-02-21,106.9000015258789,109.4800033569336,106.87000274658203,109.41000366210938,102.15821075439453,29063200,0.0,0.0
2019-02-22,110.05000305175781,111.19999694824219,109.81999969482422,110.97000122070312,103.61478424072266,27763200,0.0,0.0
2019-02-25,111.76000213623047,112.18000030517578,111.26000213623047,111.58999633789062,104.1937026977539,23750600,0.0,0.0
2019-02-26,111.26000213623047,113.23999786376953,111.16999816894531,112.36000061035156,104.91265869140625,21536700,0.0,0.0
2019-02-27,111.69000244140625,112.36000061035156,110.87999725341797,112.16999816894531,104.73526000976562,21487100,0.0,0.0
2019-02-28,112.04000091552734,112.87999725341797,111.7300033569336,112.02999877929688,104.6045150756836,29083900,0.0,0.0
2019-03-01,112.88999938964844,113.0199966430664,111.66999816894531,112.52999877929688,105.07138061523438,23501200,0.0,0.0
2019-03-04,113.0199966430664,113.25,110.80000305175781,112.26000213623047,104.81926727294922,26608000,0.0,0.0
2019-03-05,112.25,112.38999938964844,111.2300033569336,111.69999694824219,104.29640197753906,19538300,0.0,0.0
2019-03-06,111.87000274658203,112.66000366210938,111.43000030517578,111.75,104.34310150146484,17687000,0.0,0.0
2019-03-07,111.4000015258789,111.55000305175781,109.87000274658203,110.38999938964844,103.0732421875,25339000,0.0,0.0
2019-03-08,109.16000366210938,110.70999908447266,108.80000305175781,110.51000213623047,103.1852798461914,22818400,0.0,0.0
2019-03-11,110.98999786376953,112.94999694824219,110.9800033569336,112.83000183105469,105.35151672363281,26491600,0.0,0.0
2019-03-12,112.81999969482422,113.98999786376953,112.6500015258789,113.62000274658203,106.08915710449219,26132700,0.0,0.0
2019-03-13,114.12999725341797,115.0,113.77999877929688,114.5,106.91082763671875,35513800,0.0,0.0
2019-03-14,114.54000091552734,115.19999694824219,114.33000183105469,114.58999633789062,106.99486541748047,30763400,0.0,0.0
2019-03-15,115.33999633789062,117.25,114.58999633789062,115.91000366210938,108.22737121582031,54681100,0.0,0.0
2019-03-18,116.16999816894531,117.61000061035156,116.05000305175781,117.56999969482422,109.77734375,31207600,0.0,0.0
2019-03-19,118.08999633789062,118.44000244140625,116.98999786376953,117.6500015258789,109.85201263427734,37588700,0.0,0.0
2019-03-20,117.38999938964844,118.75,116.70999908447266,117.5199966430664,109.73065185546875,28113300,0.0,0.0
2019-03-21,117.13999938964844,120.81999969482422,117.08999633789062,120.22000122070312,112.25169372558594,29854400,0.0,0.0
2019-03-22,119.5,119.58999633789062,117.04000091552734,117.05000305175781,109.29179382324219,33624500,0.0,0.0
2019-03-25,116.55999755859375,118.01000213623047,116.31999969482422,117.66000366210938,109.86138916015625,27067100,0.0,0.0
2019-03-26,118.62000274658203,118.70999908447266,116.8499984741211,117.91000366210938,110.09481048583984,26097700,0.0,0.0
2019-03-27,117.87999725341797,118.20999908447266,115.5199966430664,116.7699966430664,109.0303726196289,22733400,0.0,0.0
2019-03-28,117.44000244140625,117.58000183105469,116.12999725341797,116.93000030517578,109.17977142333984,18334800,0.0,0.0
2019-03-29,118.06999969482422,118.31999969482422,116.95999908447266,117.94000244140625,110.12284088134766,25399800,0.0,0.0
2019-04-01,118.94999694824219,119.11000061035156,118.0999984741211,119.0199966430664,111.13121795654297,22789100,0.0,0.0
2019-04-02,119.05999755859375,119.4800033569336,118.5199966430664,119.19000244140625,111.28997802734375,18142300,0.0,0.0
2019-04-03,119.86000061035156,120.43000030517578,119.1500015258789,119.97000122070312,112.01828002929688,22860700,0.0,0.0
2019-04-04,120.0999984741211,120.2300033569336,118.37999725341797,119.36000061035156,111.44871520996094,20112800,0.0,0.0
2019-04-05,119.38999938964844,120.2300033569336,119.37000274658203,119.88999938964844,111.9435806274414,15826200,0.0,0.0
2019-04-08,119.80999755859375,120.0199966430664,118.63999938964844,119.93000030517578,111.98090362548828,15116200,0.0,0.0
2019-04-09,118.62999725341797,119.54000091552734,118.58000183105469,119.27999877929688,111.37401580810547,17612000,0.0,0.0
2019-04-10,119.76000213623047,120.3499984741211,119.54000091552734,120.19000244140625,112.22367858886719,16477200,0.0,0.0
2019-04-11,120.54000091552734,120.8499984741211,119.91999816894531,120.33000183105469,112.35440826416016,14209100,0.0,0.0
2019-04-12,120.63999938964844,120.9800033569336,120.37000274658203,120.94999694824219,112.93331909179688,19745100,0.0,0.0
2019-04-15,120.94000244140625,121.58000183105469,120.56999969482422,121.05000305175781,113.0267105102539,15792600,0.0,0.0
2019-04-16,121.63999938964844,121.6500015258789,120.0999984741211,120.7699966430664,112.76525115966797,14071800,0.0,0.0
2019-04-17,121.23999786376953,121.8499984741211,120.54000091552734,121.7699966430664,113.698974609375,19300900,0.0,0.0
2019-04-18,122.19000244140625,123.5199966430664,121.30000305175781,123.37000274658203,115.19290161132812,27991000,0.0,0.0
2019-04-22,122.62000274658203,124.0,122.56999969482422,123.76000213623047,115.55706024169922,15648700,0.0,0.0
2019-04-23,124.0999984741211,125.58000183105469,123.83000183105469,125.44000244140625,117.12571716308594,24025500,0.0,0.0
2019-04-24,125.79000091552734,125.8499984741211,124.5199966430664,125.01000213623047,116.72419738769531,31257000,0.0,0.0
2019-04-25,130.05999755859375,131.3699951171875,128.8300018310547,129.14999389648438,120.58979797363281,38033900,0.0,0.0
2019-04-26,129.6999969482422,130.52000427246094,129.02000427246094,129.88999938964844,121.28074645996094,23654900,0.0,0.0
2019-04-29,129.89999389648438,130.17999267578125,129.35000610351562,129.77000427246094,121.16870880126953,16324200,0.0,0.0
2019-04-30,129.80999755859375,130.6999969482422,129.38999938964844,130.60000610351562,121.94369506835938,24166500,0.0,0.0
2019-05-01,130.52999877929688,130.64999389648438,127.69999694824219,127.87999725341797,119.40399932861328,26821700,0.0,0.0
2019-05-02,127.9800033569336,128.0,125.5199966430664,126.20999908447266,117.84468078613281,27350200,0.0,0.0
2019-05-03,127.36000061035156,129.42999267578125,127.25,128.89999389648438,120.35636901855469,24911100,0.0,0.0
2019-05-06,126.38999938964844,128.55999755859375,126.11000061035156,128.14999389648438,119.65608978271484,24239800,0.0,0.0
2019-05-07,126.45999908447266,127.18000030517578,124.22000122070312,125.5199966430664,117.20040893554688,36017700,0.0,0.0
2019-05-08,125.44000244140625,126.37000274658203,124.75,125.51000213623047,117.19107055664062,28419000,0.0,0.0
2019-05-09,124.29000091552734,125.79000091552734,123.56999969482422,125.5,117.18173217773438,27235800,0.0,0.0
2019-05-10,124.91000366210938,127.93000030517578,123.81999969482422,127.12999725341797,118.70368194580078,30915100,0.0,0.0
2019-05-13,124.11000061035156,125.55000305175781,123.04000091552734,123.3499984741211,115.17425537109375,33944900,0.0,0.0
2019-05-14,123.87000274658203,125.87999725341797,123.69999694824219,124.7300033569336,116.4627685546875,25266300,0.0,0.0
2019-05-15,124.26000213623047,126.70999908447266,123.69999694824219,126.0199966430664,118.10285186767578,24722700,0.46,0.0
2019-05-16,126.75,129.3800048828125,126.45999908447266,128.92999267578125,120.82998657226562,30112200,0.0,0.0
2019-05-17,128.30999755859375,130.4600067138672,127.91999816894531,128.07000732421875,120.02403259277344,25770500,0.0,0.0
2019-05-20,126.5199966430664,127.58999633789062,125.76000213623047,126.22000122070312,118.29024505615234,23706900,0.0,0.0
2019-05-21,127.43000030517578,127.52999877929688,126.58000183105469,126.9000015258789,118.92756652832031,15293300,0.0,0.0
2019-05-22,126.62000274658203,128.24000549316406,126.5199966430664,127.66999816894531,119.64917755126953,15396500,0.0,0.0
2019-05-23,126.19999694824219,126.29000091552734,124.73999786376953,126.18000030517578,118.25276947021484,23603800,0.0,0.0
2019-05-24,126.91000366210938,127.41999816894531,125.97000122070312,126.23999786376953,118.30899810791016,14123400,0.0,0.0
2019-05-28,126.9800033569336,128.0,126.05000305175781,126.16000366210938,118.23406219482422,23128400,0.0,0.0
2019-05-29,125.37999725341797,125.38999938964844,124.04000091552734,124.94000244140625,117.09069061279297,22763100,0.0,0.0
2019-05-30,125.26000213623047,125.76000213623047,124.77999877929688,125.7300033569336,117.83106231689453,16829600,0.0,0.0
2019-05-31,124.2300033569336,124.62000274658203,123.31999969482422,123.68000030517578,115.90985107421875,26646800,0.0,0.0
2019-06-03,123.8499984741211,124.37000274658203,119.01000213623047,119.83999633789062,112.31108856201172,37983600,0.0,0.0
2019-06-04,121.27999877929688,123.27999877929688,120.6500015258789,123.16000366210938,115.42250061035156,29382600,0.0,0.0
2019-06-05,124.94999694824219,125.87000274658203,124.20999908447266,125.83000183105469,117.92477416992188,24926100,0.0,0.0
2019-06-06,126.44000244140625,127.97000122070312,125.5999984741211,127.81999969482422,119.78974914550781,21459000,0.0,0.0
2019-06-07,129.19000244140625,132.25,128.25999450683594,131.39999389648438,123.1447982788086,33885600,0.0,0.0
2019-06-10,132.39999389648438,134.0800018310547,132.0,132.60000610351562,124.26945495605469,26477100,0.0,0.0
2019-06-11,133.8800048828125,134.24000549316406,131.27999877929688,132.10000610351562,123.80084991455078,23913700,0.0,0.0
2019-06-12,131.39999389648438,131.97000122070312,130.7100067138672,131.49000549316406,123.22919464111328,17092500,0.0,0.0
2019-06-13,131.97999572753906,133.0,131.55999755859375,132.32000732421875,124.00701904296875,17200800,0.0,0.0
2019-06-14,132.25999450683594,133.7899932861328,131.63999938964844,132.4499969482422,124.12884521484375,17821700,0.0,0.0
2019-06-17,132.6300048828125,133.72999572753906,132.52999877929688,132.85000610351562,124.50376892089844,14517800,0.0,0.0
2019-06-18,134.19000244140625,135.24000549316406,133.57000732421875,135.16000366210938,126.66861724853516,25934500,0.0,0.0
2019-06-19,135.0,135.92999267578125,133.80999755859375,135.69000244140625,127.1653060913086,23744400,0.0,0.0
2019-06-20,137.4499969482422,137.66000366210938,135.72000122070312,136.9499969482422,128.34617614746094,33042600,0.0,0.0
2019-06-21,136.5800018310547,137.72999572753906,136.4600067138672,136.97000122070312,128.36488342285156,36727900,0.0,0.0
2019-06-24,137.0,138.39999389648438,137.0,137.77999877929688,129.12399291992188,20628800,0.0,0.0
2019-06-25,137.25,137.58999633789062,132.72999572753906,133.42999267578125,125.04727935791016,33327400,0.0,0.0
2019-06-26,134.35000610351562,135.74000549316406,133.60000610351562,133.92999267578125,125.5158462524414,23657700,0.0,0.0
2019-06-27,134.13999938964844,134.7100067138672,133.50999450683594,134.14999389648438,125.72209167480469,16557500,0.0,0.0
2019-06-28,134.57000732421875,134.60000610351562,133.16000366210938,133.9600067138672,125.54399871826172,30043000,0.0,0.0
2019-07-01,136.6300048828125,136.6999969482422,134.97000122070312,135.67999267578125,127.15589904785156,22613500,0.0,0.0
2019-07-02,136.1199951171875,136.58999633789062,135.33999633789062,136.5800018310547,127.99938201904297,15237800,0.0,0.0
2019-07-03,136.8000030517578,137.74000549316406,136.2899932861328,137.4600067138672,128.82408142089844,13629300,0.0,0.0
2019-07-05,135.94000244140625,137.3300018310547,135.72000122070312,137.05999755859375,128.44924926757812,18141100,0.0,0.0
2019-07-08,136.39999389648438,137.10000610351562,135.3699951171875,136.9600067138672,128.3555450439453,16779700,0.0,0.0
2019-07-09,136.0,136.97000122070312,135.8000030517578,136.4600067138672,127.8869857788086,19953100,0.0,0.0
2019-07-10,137.1300048828125,138.5800018310547,137.02000427246094,137.85000610351562,129.1896514892578,24204400,0.0,0.0
2019-07-11,138.1999969482422,139.22000122070312,137.8699951171875,138.39999389648438,129.70506286621094,22327900,0.0,0.0
2019-07-12,138.85000610351562,139.1300048828125,138.00999450683594,138.89999389648438,130.1736602783203,18936800,0.0,0.0
2019-07-15,139.44000244140625,139.5399932861328,138.4600067138672,138.89999389648438,130.1736602783203,16651500,0.0,0.0
2019-07-16,138.9600067138672,139.0500030517578,136.52000427246094,137.0800018310547,128.46798706054688,22726100,0.0,0.0
2019-07-17,137.6999969482422,137.92999267578125,136.22000122070312,136.27000427246094,127.70892333984375,20211000,0.0,0.0
2019-07-18,135.5500030517578,136.6199951171875,134.6699981689453,136.4199981689453,127.84945678710938,30381800,0.0,0.0
2019-07-19,140.22000122070312,140.6699981689453,136.4499969482422,136.6199951171875,128.036865234375,48992400,0.0,0.0
2019-07-22,137.41000366210938,139.19000244140625,137.3300018310547,138.42999267578125,129.73318481445312,25074900,0.0,0.0
2019-07-23,139.75999450683594,139.99000549316406,138.02999877929688,139.2899932861328,130.53912353515625,18034600,0.0,0.0
2019-07-24,138.89999389648438,140.74000549316406,138.85000610351562,140.72000122070312,131.87930297851562,20738300,0.0,0.0
2019-07-25,140.42999267578125,140.61000061035156,139.32000732421875,140.19000244140625,131.38262939453125,18356900,0.0,0.0
2019-07-26,140.3699951171875,141.67999267578125,140.3000030517578,141.33999633789062,132.46035766601562,19037600,0.0,0.0
2019-07-29,141.5,141.50999450683594,139.3699951171875,141.02999877929688,132.16983032226562,16605900,0.0,0.0
2019-07-30,140.13999938964844,141.22000122070312,139.8000030517578,140.35000610351562,131.5325927734375,16846500,0.0,0.0
2019-07-31,140.3300018310547,140.49000549316406,135.0800018310547,136.27000427246094,127.70892333984375,38598800,0.0,0.0
2019-08-01,137.0,140.94000244140625,136.92999267578125,138.05999755859375,129.3863983154297,40557500,0.0,0.0
2019-08-02,138.08999633789062,138.32000732421875,135.25999450683594,136.89999389648438,128.29930114746094,30791600,0.0,0.0
2019-08-05,133.3000030517578,133.92999267578125,130.77999877929688,132.2100067138672,123.90393829345703,42749600,0.0,0.0
2019-08-06,133.8000030517578,135.67999267578125,133.2100067138672,134.69000244140625,126.22811889648438,32696700,0.0,0.0
2019-08-07,133.7899932861328,135.64999389648438,131.8300018310547,135.27999877929688,126.7811050415039,33414500,0.0,0.0
2019-08-08,136.60000610351562,138.99000549316406,135.92999267578125,138.88999938964844,130.1642608642578,27496500,0.0,0.0
2019-08-09,138.61000061035156,139.3800048828125,136.4600067138672,137.7100067138672,129.0583953857422,23466700,0.0,0.0
2019-08-12,137.07000732421875,137.86000061035156,135.24000549316406,135.7899932861328,127.25907897949219,20484300,0.0,0.0
2019-08-13,136.0500030517578,138.8000030517578,135.0,138.60000610351562,129.8925323486328,25154600,0.0,0.0
2019-08-14,136.36000061035156,136.9199981689453,133.6699981689453,133.97999572753906,125.98085021972656,32527300,0.46,0.0
2019-08-15,134.38999938964844,134.5800018310547,132.25,133.67999267578125,125.69876098632812,28074400,0.0,0.0
2019-08-16,134.8800048828125,136.4600067138672,134.72000122070312,136.1300048828125,128.00250244140625,24449100,0.0,0.0
2019-08-19,137.85000610351562,138.5500030517578,136.88999938964844,138.41000366210938,130.14634704589844,24355700,0.0,0.0
2019-08-20,138.2100067138672,138.7100067138672,137.24000549316406,137.25999450683594,129.06500244140625,21170800,0.0,0.0
2019-08-21,138.5500030517578,139.49000549316406,138.0,138.7899932861328,130.50367736816406,14970300,0.0,0.0
2019-08-22,138.66000366210938,139.1999969482422,136.2899932861328,137.77999877929688,129.55398559570312,18697000,0.0,0.0
2019-08-23,137.19000244140625,138.35000610351562,132.8000030517578,133.38999938964844,125.42608642578125,38508600,0.0,0.0
2019-08-26,134.99000549316406,135.55999755859375,133.89999389648438,135.4499969482422,127.3630599975586,20312600,0.0,0.0
2019-08-27,136.38999938964844,136.72000122070312,134.66000366210938,135.74000549316406,127.63578033447266,23102100,0.0,0.0
2019-08-28,134.8800048828125,135.75999450683594,133.5500030517578,135.55999755859375,127.4665298461914,17393300,0.0,0.0
2019-08-29,137.25,138.44000244140625,136.91000366210938,138.1199951171875,129.87367248535156,20168700,0.0,0.0
2019-08-30,139.14999389648438,139.17999267578125,136.27000427246094,137.86000061035156,129.62924194335938,23940100,0.0,0.0
2019-09-03,136.61000061035156,137.1999969482422,135.6999969482422,136.0399932861328,127.91787719726562,18869300,0.0,0.0
2019-09-04,137.3000030517578,137.69000244140625,136.47999572753906,137.6300048828125,129.41297912597656,17995900,0.0,0.0
2019-09-05,139.11000061035156,140.3800048828125,138.75999450683594,140.0500030517578,131.68853759765625,26101800,0.0,0.0
2019-09-06,140.02999877929688,140.17999267578125,138.1999969482422,139.10000610351562,130.79519653320312,20824500,0.0,0.0
2019-09-09,139.58999633789062,139.75,136.4600067138672,137.52000427246094,129.30950927734375,25773900,0.0,0.0
2019-09-10,136.8000030517578,136.88999938964844,134.50999450683594,136.0800018310547,127.9554672241211,28903400,0.0,0.0
2019-09-11,135.91000366210938,136.27000427246094,135.08999633789062,136.1199951171875,127.99308776855469,24726100,0.0,0.0
2019-09-12,137.85000610351562,138.4199981689453,136.8699951171875,137.52000427246094,129.30950927734375,27010000,0.0,0.0
2019-09-13,137.77999877929688,138.05999755859375,136.57000732421875,137.32000732421875,129.12147521972656,23363100,0.0,0.0
2019-09-16,135.8300018310547,136.6999969482422,135.66000366210938,136.3300018310547,128.1905517578125,16731400,0.0,0.0
2019-09-17,136.9600067138672,137.52000427246094,136.42999267578125,137.38999938964844,129.187255859375,17814200,0.0,0.0
2019-09-18,137.36000061035156,138.6699981689453,136.52999877929688,138.52000427246094,130.24984741210938,23982100,0.0,0.0
2019-09-19,140.3000030517578,142.3699951171875,140.07000732421875,141.07000732421875,132.6475830078125,35772100,0.0,0.0
2019-09-20,141.00999450683594,141.64999389648438,138.25,139.44000244140625,131.11485290527344,39167300,0.0,0.0
2019-09-23,139.22999572753906,139.6300048828125,138.44000244140625,139.13999938964844,130.8328094482422,17139300,0.0,0.0
2019-09-24,140.36000061035156,140.69000244140625,136.8800048828125,137.3800048828125,129.1778106689453,29773200,0.0,0.0
2019-09-25,137.5,139.9600067138672,136.02999877929688,139.36000061035156,131.0396270751953,21382000,0.0,0.0
2019-09-26,139.44000244140625,140.17999267578125,138.44000244140625,139.5399932861328,131.20889282226562,17456600,0.0,0.0
2019-09-27,140.14999389648438,140.36000061035156,136.64999389648438,137.72999572753906,129.5069580078125,22477700,0.0,0.0
2019-09-30,138.0500030517578,139.22000122070312,137.77999877929688,139.02999877929688,130.72935485839844,17280900,0.0,0.0
2019-10-01,139.66000366210938,140.25,137.0,137.07000732421875,128.8863525390625,21466600,0.0,0.0
2019-10-02,136.25,136.3699951171875,133.5800018310547,134.64999389648438,126.61087036132812,30521700,0.0,0.0
2019-10-03,134.9499969482422,136.75,133.22000122070312,136.27999877929688,128.14352416992188,24132900,0.0,0.0
2019-10-04,136.75,138.25,136.4199981689453,138.1199951171875,129.87367248535156,22897700,0.0,0.0
2019-10-07,137.13999938964844,138.17999267578125,137.02000427246094,137.1199951171875,128.9333953857422,15303700,0.0,0.0
2019-10-08,137.0800018310547,137.75999450683594,135.6199951171875,135.6699981689453,127.56997680664062,25550500,0.0,0.0
2019-10-09,137.4600067138672,138.6999969482422,136.97000122070312,138.24000549316406,129.98654174804688,19749900,0.0,0.0
2019-10-10,138.49000549316406,139.6699981689453,138.25,139.10000610351562,130.79519653320312,17654600,0.0,0.0
2019-10-11,140.1199951171875,141.02999877929688,139.5,139.67999267578125,131.34054565429688,25446000,0.0,0.0
2019-10-14,139.69000244140625,140.2899932861328,139.52000427246094,139.5500030517578,131.2183380126953,13304300,0.0,0.0
2019-10-15,140.05999755859375,141.7899932861328,139.80999755859375,141.57000732421875,133.11773681640625,19695700,0.0,0.0
2019-10-16,140.7899932861328,140.99000549316406,139.52999877929688,140.41000366210938,132.02699279785156,20751600,0.0,0.0
2019-10-17,140.9499969482422,141.4199981689453,139.02000427246094,139.69000244140625,131.34996032714844,21460600,0.0,0.0
2019-10-18,139.75999450683594,140.0,136.55999755859375,137.41000366210938,129.2060546875,32273500,0.0,0.0
2019-10-21,138.4499969482422,138.5,137.00999450683594,138.42999267578125,130.1652069091797,20078200,0.0,0.0
2019-10-22,138.97000122070312,140.00999450683594,136.25999450683594,136.3699951171875,128.22816467285156,27431000,0.0,0.0
2019-10-23,136.8800048828125,137.4499969482422,135.61000061035156,137.24000549316406,129.0462188720703,29844600,0.0,0.0
2019-10-24,139.38999938964844,140.4199981689453,138.6699981689453,139.94000244140625,131.58499145507812,37029300,0.0,0.0
2019-10-25,139.33999633789062,141.13999938964844,139.1999969482422,140.72999572753906,132.32786560058594,25959700,0.0,0.0
2019-10-28,144.39999389648438,145.6699981689453,143.50999450683594,144.19000244140625,135.58128356933594,35280100,0.0,0.0
2019-10-29,144.0800018310547,144.5,142.64999389648438,142.8300018310547,134.30245971679688,20589500,0.0,0.0
2019-10-30,143.52000427246094,145.0,142.7899932861328,144.61000061035156,135.97618103027344,18496600,0.0,0.0
2019-10-31,144.89999389648438,144.92999267578125,142.99000549316406,143.3699951171875,134.8102264404297,24605100,0.0,0.0
2019-11-01,144.25999450683594,144.4199981689453,142.97000122070312,143.72000122070312,135.13938903808594,33128400,0.0,0.0
2019-11-04,144.8300018310547,145.0,144.16000366210938,144.5500030517578,135.91981506347656,16912000,0.0,0.0
2019-11-05,144.97000122070312,145.02000427246094,143.91000366210938,144.4600067138672,135.83518981933594,18250200,0.0,0.0
2019-11-06,144.3699951171875,144.52000427246094,143.1999969482422,144.05999755859375,135.45901489257812,16575800,0.0,0.0
2019-11-07,143.83999633789062,144.8800048828125,143.77000427246094,144.25999450683594,135.64712524414062,17786700,0.0,0.0
2019-11-08,143.97999572753906,145.99000549316406,143.75999450683594,145.9600067138672,137.24560546875,16732700,0.0,0.0
2019-11-11,145.33999633789062,146.4199981689453,144.72999572753906,146.11000061035156,137.38665771484375,14362600,0.0,0.0
2019-11-12,146.27999877929688,147.57000732421875,146.05999755859375,147.07000732421875,138.28933715820312,18641600,0.0,0.0
2019-11-13,146.74000549316406,147.4600067138672,146.27999877929688,147.30999755859375,138.5149688720703,16919200,0.0,0.0
2019-11-14,147.02000427246094,148.41000366210938,147.0,148.05999755859375,139.22019958496094,19729800,0.0,0.0
2019-11-15,148.92999267578125,149.99000549316406,148.27000427246094,149.97000122070312,141.01622009277344,23485700,0.0,0.0
2019-11-18,150.07000732421875,150.5500030517578,148.97999572753906,150.33999633789062,141.36412048339844,21534000,0.0,0.0
2019-11-19,150.8800048828125,151.3300018310547,150.1999969482422,150.38999938964844,141.4111328125,23935700,0.0,0.0
2019-11-20,150.30999755859375,150.83999633789062,148.4600067138672,149.6199951171875,141.16578674316406,25696800,0.51,0.0
2019-11-21,149.39999389648438,149.8000030517578,148.5,149.47999572753906,141.03372192382812,18576100,0.0,0.0
2019-11-22,150.07000732421875,150.3000030517578,148.82000732421875,149.58999633789062,141.13746643066406,15901800,0.0,0.0
2019-11-25,150.0,151.35000610351562,149.9199981689453,151.22999572753906,142.6848602294922,22420900,0.0,0.0
2019-11-26,151.36000061035156,152.4199981689453,151.32000732421875,152.02999877929688,143.4396209716797,24620100,0.0,0.0
2019-11-27,152.3300018310547,152.5,151.52000427246094,152.32000732421875,143.7132568359375,15184400,0.0,0.0
2019-11-29,152.10000610351562,152.3000030517578,151.27999877929688,151.3800048828125,142.82635498046875,11977300,0.0,0.0
2019-12-02,151.80999755859375,151.8300018310547,148.32000732421875,149.5500030517578,141.0997772216797,27418400,0.0,0.0
2019-12-03,147.49000549316406,149.42999267578125,146.64999389648438,149.30999755859375,140.8733367919922,24066000,0.0,0.0
2019-12-04,150.13999938964844,150.17999267578125,149.1999969482422,149.85000610351562,141.38278198242188,17574700,0.0,0.0
2019-12-05,150.0500030517578,150.32000732421875,149.47999572753906,149.92999267578125,141.45826721191406,17869100,0.0,0.0
2019-12-06,150.99000549316406,151.8699951171875,150.27000427246094,151.75,143.17544555664062,16403500,0.0,0.0
2019-12-09,151.07000732421875,152.2100067138672,150.91000366210938,151.36000061035156,142.80752563476562,16687400,0.0,0.0
2019-12-10,151.2899932861328,151.88999938964844,150.75999450683594,151.1300048828125,142.59051513671875,16476100,0.0,0.0
2019-12-11,151.5399932861328,151.8699951171875,150.3300018310547,151.6999969482422,143.1282958984375,18856600,0.0,0.0
2019-12-12,151.64999389648438,153.44000244140625,151.02000427246094,153.24000549316406,144.58131408691406,24612100,0.0,0.0
2019-12-13,153.0,154.88999938964844,152.8300018310547,154.52999877929688,145.79835510253906,23845400,0.0,0.0
2019-12-16,155.11000061035156,155.89999389648438,154.82000732421875,155.52999877929688,146.7418212890625,24144200,0.0,0.0
2019-12-17,155.4499969482422,155.7100067138672,154.4499969482422,154.69000244140625,145.94935607910156,25425600,0.0,0.0
2019-12-18,154.3000030517578,155.47999572753906,154.17999267578125,154.3699951171875,145.6474151611328,24129200,0.0,0.0
2019-12-19,154.0,155.77000427246094,153.75,155.7100067138672,146.91171264648438,24958900,0.0,0.0
2019-12-20,157.35000610351562,158.49000549316406,156.2899932861328,157.41000366210938,148.5156707763672,53477500,0.0,0.0
2019-12-23,158.1199951171875,158.1199951171875,157.27000427246094,157.41000366210938,148.5156707763672,17718200,0.0,0.0
2019-12-24,157.47999572753906,157.7100067138672,157.1199951171875,157.3800048828125,148.48731994628906,8989200,0.0,0.0
2019-12-26,157.55999755859375,158.72999572753906,157.39999389648438,158.6699981689453,149.7044677734375,14520600,0.0,0.0
2019-12-27,159.4499969482422,159.5500030517578,158.22000122070312,158.9600067138672,149.97805786132812,18412800,0.0,0.0
2019-12-30,158.99000549316406,159.02000427246094,156.72999572753906,157.58999633789062,148.68551635742188,16348400,0.0,0.0
2019-12-31,156.77000427246094,157.77000427246094,156.4499969482422,157.6999969482422,148.7892608642578,18369400,0.0,0.0
2020-01-02,158.77999877929688,160.72999572753906,158.3300018310547,160.6199951171875,151.5442352294922,22622100,0.0,0.0
2020-01-03,158.32000732421875,159.9499969482422,158.05999755859375,158.6199951171875,149.6572723388672,21116200,0.0,0.0
2020-01-06,157.0800018310547,159.10000610351562,156.50999450683594,159.02999877929688,150.0440673828125,20813700,0.0,0.0
2020-01-07,159.32000732421875,159.6699981689453,157.32000732421875,157.5800018310547,148.67605590820312,21634100,0.0,0.0
2020-01-08,158.92999267578125,160.8000030517578,157.9499969482422,160.08999633789062,151.04421997070312,27746500,0.0,0.0
2020-01-09,161.83999633789062,162.22000122070312,161.02999877929688,162.08999633789062,152.93115234375,21385000,0.0,0.0
2020-01-10,162.82000732421875,163.22000122070312,161.17999267578125,161.33999633789062,152.22352600097656,20725900,0.0,0.0
2020-01-13,161.75999450683594,163.30999755859375,161.25999450683594,163.27999877929688,154.0540008544922,21626500,0.0,0.0
2020-01-14,163.38999938964844,163.60000610351562,161.72000122070312,162.1300048828125,152.96896362304688,23477400,0.0,0.0
2020-01-15,162.6199951171875,163.94000244140625,162.57000732421875,163.17999267578125,153.95960998535156,21417900,0.0,0.0
2020-01-16,164.35000610351562,166.24000549316406,164.02999877929688,166.1699981689453,156.78067016601562,23865400,0.0,0.0
2020-01-17,167.4199981689453,167.47000122070312,165.42999267578125,167.10000610351562,157.65817260742188,34371700,0.0,0.0
2020-01-21,166.67999267578125,168.19000244140625,166.42999267578125,166.5,157.0919952392578,29517200,0.0,0.0
2020-01-22,167.39999389648438,167.49000549316406,165.67999267578125,165.6999969482422,156.33726501464844,24138800,0.0,0.0
2020-01-23,166.19000244140625,166.8000030517578,165.27000427246094,166.72000122070312,157.2996063232422,19680800,0.0,0.0
2020-01-24,167.50999450683594,167.52999877929688,164.4499969482422,165.0399932861328,155.71453857421875,24918100,0.0,0.0
2020-01-27,161.14999389648438,163.3800048828125,160.1999969482422,162.27999877929688,153.11045837402344,32078100,0.0,0.0
2020-01-28,163.77999877929688,165.75999450683594,163.07000732421875,165.4600067138672,156.11080932617188,24899900,0.0,0.0
2020-01-29,167.83999633789062,168.75,165.69000244140625,168.0399932861328,158.5449676513672,34754500,0.0,0.0
2020-01-30,174.0500030517578,174.0500030517578,170.7899932861328,172.77999877929688,163.01719665527344,51597500,0.0,0.0
2020-01-31,172.2100067138672,172.39999389648438,169.5800018310547,170.22999572753906,160.6112518310547,36142700,0.0,0.0
2020-02-03,170.42999267578125,174.5,170.39999389648438,174.3800048828125,164.5267791748047,30107000,0.0,0.0
2020-02-04,177.13999938964844,180.63999938964844,176.30999755859375,180.1199951171875,169.94239807128906,36433300,0.0,0.0
2020-02-05,184.02999877929688,184.1999969482422,178.41000366210938,179.89999389648438,169.73484802246094,39186300,0.0,0.0
2020-02-06,180.97000122070312,183.82000732421875,180.05999755859375,183.6300048828125,173.25411987304688,27751400,0.0,0.0
2020-02-07,182.85000610351562,185.6300048828125,182.47999572753906,183.88999938964844,173.49942016601562,33529100,0.0,0.0
2020-02-10,183.5800018310547,188.83999633789062,183.25,188.6999969482422,178.03762817382812,35844300,0.0,0.0
2020-02-11,190.64999389648438,190.6999969482422,183.5,184.44000244140625,174.01837158203125,53159900,0.0,0.0
2020-02-12,185.5800018310547,185.85000610351562,181.85000610351562,184.7100067138672,174.27308654785156,47062900,0.0,0.0
2020-02-13,183.0800018310547,186.22999572753906,182.8699951171875,183.7100067138672,173.32958984375,35295800,0.0,0.0
2020-02-14,183.25,185.41000366210938,182.64999389648438,185.35000610351562,174.87693786621094,23149500,0.0,0.0
2020-02-18,185.61000061035156,187.6999969482422,185.5,187.22999572753906,176.6506805419922,27792200,0.0,0.0
2020-02-19,188.05999755859375,188.17999267578125,186.47000122070312,187.27999877929688,177.1804962158203,29997500,0.51,0.0
2020-02-20,186.9499969482422,187.25,181.10000610351562,184.4199981689453,174.47470092773438,36862400,0.0,0.0
2020-02-21,183.1699981689453,183.5,177.25,178.58999633789062,168.9591064453125,48572600,0.0,0.0
2020-02-24,167.77000427246094,174.5500030517578,163.22999572753906,170.88999938964844,161.67437744140625,68311100,0.0,0.0
2020-02-25,174.1999969482422,174.83999633789062,167.64999389648438,168.07000732421875,159.00645446777344,68073300,0.0,0.0
2020-02-26,169.7100067138672,173.25999450683594,168.2100067138672,170.1699981689453,160.99317932128906,56206100,0.0,0.0
2020-02-27,163.32000732421875,167.02999877929688,157.97999572753906,158.17999267578125,149.64976501464844,93174900,0.0,0.0
2020-02-28,152.41000366210938,163.7100067138672,152.0,162.00999450683594,153.27320861816406,97012700,0.0,0.0
2020-03-02,165.30999755859375,172.9199981689453,162.30999755859375,172.7899932861328,163.47186279296875,71030800,0.0,0.0
2020-03-03,173.8000030517578,175.0,162.25999450683594,164.50999450683594,155.63839721679688,71677000,0.0,0.0
2020-03-04,168.49000549316406,170.6999969482422,165.6199951171875,170.5500030517578,161.3527069091797,49814400,0.0,0.0
2020-03-05,166.0500030517578,170.8699951171875,165.69000244140625,166.27000427246094,157.30349731445312,47817300,0.0,0.0
2020-03-06,162.61000061035156,163.11000061035156,156.0,161.57000732421875,152.85696411132812,72821100,0.0,0.0
2020-03-09,151.0,157.75,150.0,150.6199951171875,142.49746704101562,70419300,0.0,0.0
2020-03-10,158.16000366210938,161.02999877929688,152.5800018310547,160.9199981689453,152.24200439453125,65354400,0.0,0.0
2020-03-11,157.1300048828125,157.6999969482422,151.14999389648438,153.6300048828125,145.3451385498047,56371600,0.0,0.0
2020-03-12,145.3000030517578,153.47000122070312,138.5800018310547,139.05999755859375,131.56088256835938,93226400,0.0,0.0
2020-03-13,147.5,161.91000366210938,140.72999572753906,158.8300018310547,150.2647247314453,92727400,0.0,0.0
2020-03-16,140.0,149.35000610351562,135.0,135.4199981689453,128.1171417236328,87905900,0.0,0.0
2020-03-17,140.0,147.5,135.0,146.57000732421875,138.66586303710938,81059800,0.0,0.0
2020-03-18,138.0,146.0,135.02000427246094,140.39999389648438,132.82861328125,81593200,0.0,0.0
2020-03-19,142.77000427246094,150.14999389648438,139.0,142.7100067138672,135.01400756835938,85922700,0.0,0.0
2020-03-20,146.0,147.10000610351562,135.86000061035156,137.35000610351562,129.943115234375,84866200,0.0,0.0
2020-03-23,137.00999450683594,140.57000732421875,132.52000427246094,135.97999572753906,128.64697265625,78975200,0.0,0.0
2020-03-24,143.75,149.60000610351562,141.27000427246094,148.33999633789062,140.34042358398438,82516700,0.0,0.0
2020-03-25,148.91000366210938,154.3300018310547,144.44000244140625,146.9199981689453,138.99697875976562,75638200,0.0,0.0
2020-03-26,148.39999389648438,156.66000366210938,148.3699951171875,156.11000061035156,147.69140625,64568100,0.0,0.0
2020-03-27,151.75,154.88999938964844,149.1999969482422,149.6999969482422,141.6270751953125,57042300,0.0,0.0
2020-03-30,152.44000244140625,160.60000610351562,150.00999450683594,160.22999572753906,151.5892333984375,63420300,0.0,0.0
2020-03-31,159.39999389648438,164.77999877929688,156.55999755859375,157.7100067138672,149.2051239013672,77927200,0.0,0.0
2020-04-01,153.0,157.75,150.82000732421875,152.11000061035156,143.90711975097656,57969900,0.0,0.0
2020-04-02,151.86000061035156,155.47999572753906,150.36000061035156,155.25999450683594,146.88722229003906,49630700,0.0,0.0
2020-04-03,155.10000610351562,157.3800048828125,152.19000244140625,153.8300018310547,145.53436279296875,41243300,0.0,0.0
2020-04-06,160.32000732421875,166.5,157.5800018310547,165.27000427246094,156.35745239257812,67111700,0.0,0.0
2020-04-07,169.58999633789062,170.0,163.25999450683594,163.49000549316406,154.67343139648438,62769000,0.0,0.0
2020-04-08,165.6699981689453,166.6699981689453,163.5,165.1300048828125,156.22500610351562,48318200,0.0,0.0
2020-04-09,166.36000061035156,167.3699951171875,163.3300018310547,165.13999938964844,156.23443603515625,51385100,0.0,0.0
2020-04-13,164.35000610351562,165.57000732421875,162.3000030517578,165.50999450683594,156.58447265625,41905300,0.0,0.0
2020-04-14,169.0,173.75,168.0,173.6999969482422,164.33285522460938,52874300,0.0,0.0
2020-04-15,171.1999969482422,173.57000732421875,169.24000549316406,171.8800048828125,162.61097717285156,40940800,0.0,0.0
2020-04-16,174.3000030517578,177.27999877929688,172.89999389648438,177.0399932861328,167.49267578125,50479600,0.0,0.0
2020-04-17,179.5,180.0,175.8699951171875,178.60000610351562,168.9685821533203,52765600,0.0,0.0
2020-04-20,176.6300048828125,178.75,174.99000549316406,175.05999755859375,165.61947631835938,36669600,0.0,0.0
2020-04-21,173.5,173.6699981689453,166.11000061035156,167.82000732421875,158.7699737548828,56203700,0.0,0.0
2020-04-22,171.38999938964844,174.0,170.82000732421875,173.52000427246094,164.1625518798828,34620200,0.0,0.0
2020-04-23,174.11000061035156,175.05999755859375,170.91000366210938,171.4199981689453,162.17575073242188,32790800,0.0,0.0
2020-04-24,172.05999755859375,174.55999755859375,170.7100067138672,174.5500030517578,165.136962890625,34277600,0.0,0.0
2020-04-27,176.58999633789062,176.89999389648438,173.3000030517578,174.0500030517578,164.66387939453125,33194400,0.0,0.0
2020-04-28,175.58999633789062,175.6699981689453,169.38999938964844,169.80999755859375,160.65257263183594,34392700,0.0,0.0
2020-04-29,173.22000122070312,177.67999267578125,171.8800048828125,177.42999267578125,167.86166381835938,51286600,0.0,0.0
2020-04-30,180.0,180.39999389648438,176.22999572753906,179.2100067138672,169.54568481445312,53875900,0.0,0.0
2020-05-01,175.8000030517578,178.63999938964844,174.00999450683594,174.57000732421875,165.15591430664062,39370500,0.0,0.0
2020-05-04,174.49000549316406,179.0,173.8000030517578,178.83999633789062,169.19564819335938,30372900,0.0,0.0
2020-05-05,180.6199951171875,183.64999389648438,179.89999389648438,180.75999450683594,171.01210021972656,36839200,0.0,0.0
2020-05-06,182.0800018310547,184.1999969482422,181.6300048828125,182.5399932861328,172.69610595703125,32139300,0.0,0.0
2020-05-07,184.1699981689453,184.5500030517578,182.5800018310547,183.60000610351562,173.6988983154297,28316000,0.0,0.0
2020-05-08,184.97999572753906,185.0,183.36000061035156,184.67999267578125,174.72071838378906,30877800,0.0,0.0
2020-05-11,183.14999389648438,187.50999450683594,182.85000610351562,186.74000549316406,176.66961669921875,30892700,0.0,0.0
2020-05-12,186.8000030517578,187.0399932861328,182.3000030517578,182.50999450683594,172.667724609375,32038200,0.0,0.0
2020-05-13,182.5500030517578,184.0500030517578,176.5399932861328,179.75,170.0565643310547,44711500,0.0,0.0
2020-05-14,177.5399932861328,180.69000244140625,175.67999267578125,180.52999877929688,170.79446411132812,41873900,0.0,0.0
2020-05-15,179.05999755859375,187.05999755859375,177.0,183.16000366210938,173.28268432617188,46610400,0.0,0.0
2020-05-18,185.75,186.1999969482422,183.9600067138672,184.91000366210938,174.9382781982422,35264500,0.0,0.0
2020-05-19,185.02999877929688,186.60000610351562,183.49000549316406,183.6300048828125,173.72732543945312,26799100,0.0,0.0
2020-05-20,184.80999755859375,185.85000610351562,183.94000244140625,185.66000366210938,176.13705444335938,31261300,0.51,0.0
2020-05-21,185.39999389648438,186.6699981689453,183.2899932861328,183.42999267578125,174.0214080810547,29119500,0.0,0.0
2020-05-22,183.19000244140625,184.4600067138672,182.5399932861328,183.50999450683594,174.0972900390625,20826900,0.0,0.0
2020-05-26,186.33999633789062,186.5,181.10000610351562,181.57000732421875,172.25682067871094,36073600,0.0,0.0
2020-05-27,180.1999969482422,181.99000549316406,176.60000610351562,181.80999755859375,172.48452758789062,39517100,0.0,0.0
2020-05-28,180.74000549316406,184.14999389648438,180.3800048828125,181.39999389648438,172.0955352783203,33810200,0.0,0.0
2020-05-29,182.72999572753906,184.27000427246094,180.41000366210938,183.25,173.8506622314453,42130400,0.0,0.0
2020-06-01,182.5399932861328,183.0,181.4600067138672,182.8300018310547,173.45216369628906,22622400,0.0,0.0
2020-06-02,184.25,185.0,181.35000610351562,184.91000366210938,175.425537109375,30794600,0.0,0.0
2020-06-03,184.82000732421875,185.94000244140625,183.5800018310547,185.36000061035156,175.85243225097656,27311000,0.0,0.0
2020-06-04,184.3000030517578,185.83999633789062,182.3000030517578,182.9199981689453,173.53758239746094,28761800,0.0,0.0
2020-06-05,182.6199951171875,187.72999572753906,182.00999450683594,187.1999969482422,177.5980682373047,39893600,0.0,0.0
2020-06-08,185.94000244140625,188.5500030517578,184.44000244140625,188.36000061035156,178.69859313964844,33211600,0.0,0.0
2020-06-09,188.0,190.6999969482422,187.25999450683594,189.8000030517578,180.06468200683594,29783900,0.0,0.0
2020-06-10,191.1300048828125,198.52000427246094,191.00999450683594,196.83999633789062,186.74359130859375,43872300,0.0,0.0
2020-06-11,193.1300048828125,195.75999450683594,186.07000732421875,186.27000427246094,176.71578979492188,52854700,0.0,0.0
2020-06-12,190.5399932861328,191.72000122070312,185.17999267578125,187.74000549316406,178.11038208007812,43373600,0.0,0.0
2020-06-15,184.5800018310547,190.82000732421875,184.00999450683594,188.94000244140625,179.2488250732422,32770200,0.0,0.0
2020-06-16,192.88999938964844,195.5800018310547,191.4600067138672,193.57000732421875,183.6413116455078,42556700,0.0,0.0
2020-06-17,195.02999877929688,196.32000732421875,193.69000244140625,194.24000549316406,184.27700805664062,25687800,0.0,0.0
2020-06-18,194.0,196.49000549316406,194.0,196.32000732421875,186.25030517578125,23061600,0.0,0.0
2020-06-19,198.58999633789062,199.2899932861328,194.3699951171875,195.14999389648438,185.14027404785156,44441100,0.0,0.0
2020-06-22,195.7899932861328,200.75999450683594,195.22999572753906,200.57000732421875,190.2822723388672,32818900,0.0,0.0
2020-06-23,202.08999633789062,203.9499969482422,201.42999267578125,201.91000366210938,191.5535888671875,30917400,0.0,0.0
2020-06-24,201.60000610351562,203.25,196.55999755859375,197.83999633789062,187.6922607421875,36740600,0.0,0.0
2020-06-25,197.8000030517578,200.61000061035156,195.47000122070312,200.33999633789062,190.06405639648438,27803900,0.0,0.0
2020-06-26,199.72999572753906,199.88999938964844,194.8800048828125,196.3300018310547,186.25978088378906,54675800,0.0,0.0
2020-06-29,195.77999877929688,198.52999877929688,193.5500030517578,198.44000244140625,188.26153564453125,26701600,0.0,0.0
2020-06-30,197.8800048828125,204.39999389648438,197.74000549316406,203.50999450683594,193.0714569091797,34310300,0.0,0.0
2020-07-01,203.13999938964844,206.35000610351562,201.77000427246094,204.6999969482422,194.200439453125,32061200,0.0,0.0
2020-07-02,205.67999267578125,208.02000427246094,205.0,206.25999450683594,195.68043518066406,29315800,0.0,0.0
2020-07-06,208.8300018310547,211.1300048828125,208.08999633789062,210.6999969482422,199.8927001953125,31897600,0.0,0.0
2020-07-07,210.4499969482422,214.6699981689453,207.99000549316406,208.25,197.56832885742188,33600700,0.0,0.0
2020-07-08,210.07000732421875,213.25999450683594,208.69000244140625,212.8300018310547,201.91346740722656,33600000,0.0,0.0
2020-07-09,216.3300018310547,216.3800048828125,211.47000122070312,214.32000732421875,203.32701110839844,33121700,0.0,0.0
2020-07-10,213.6199951171875,214.0800018310547,211.0800018310547,213.6699981689453,202.7103271484375,26177600,0.0,0.0
2020-07-13,214.47999572753906,215.8000030517578,206.5,207.07000732421875,196.44888305664062,38135600,0.0,0.0
2020-07-14,206.1300048828125,208.85000610351562,202.02999877929688,208.35000610351562,197.66323852539062,37591800,0.0,0.0
2020-07-15,209.55999755859375,211.3300018310547,205.02999877929688,208.0399932861328,197.36911010742188,32179400,0.0,0.0
2020-07-16,205.39999389648438,205.6999969482422,202.30999755859375,203.9199981689453,193.46044921875,29940700,0.0,0.0
2020-07-17,204.47000122070312,205.0399932861328,201.38999938964844,202.8800048828125,192.47381591796875,31635300,0.0,0.0
2020-07-20,205.0,212.3000030517578,203.00999450683594,211.60000610351562,200.74647521972656,36884800,0.0,0.0
2020-07-21,213.66000366210938,213.94000244140625,208.02999877929688,208.75,198.0426788330078,37990400,0.0,0.0
2020-07-22,209.1999969482422,212.3000030517578,208.38999938964844,211.75,200.88885498046875,49605700,0.0,0.0
2020-07-23,207.19000244140625,210.9199981689453,202.14999389648438,202.5399932861328,192.15122985839844,67457000,0.0,0.0
2020-07-24,200.4199981689453,202.86000061035156,197.50999450683594,201.3000030517578,190.97483825683594,39827000,0.0,0.0
2020-07-27,201.47000122070312,203.97000122070312,200.86000061035156,203.85000610351562,193.39404296875,30160900,0.0,0.0
2020-07-28,203.61000061035156,204.6999969482422,201.74000549316406,202.02000427246094,191.65786743164062,23251400,0.0,0.0
2020-07-29,202.5,204.64999389648438,202.00999450683594,204.05999755859375,193.59327697753906,19632600,0.0,0.0
2020-07-30,201.0,204.4600067138672,199.57000732421875,203.89999389648438,193.4414520263672,25079600,0.0,0.0
2020-07-31,204.39999389648438,205.10000610351562,199.00999450683594,205.00999450683594,194.4945831298828,51044000,0.0,0.0
2020-08-03,211.52000427246094,217.63999938964844,210.44000244140625,216.5399932861328,205.43312072753906,78983000,0.0,0.0
2020-08-04,214.1699981689453,214.77000427246094,210.30999755859375,213.2899932861328,202.34982299804688,49280100,0.0,0.0
2020-08-05,214.89999389648438,215.0,211.57000732421875,212.94000244140625,202.01783752441406,28806400,0.0,0.0
2020-08-06,212.33999633789062,216.3699951171875,211.5500030517578,216.35000610351562,205.2528839111328,32656800,0.0,0.0
2020-08-07,214.85000610351562,215.6999969482422,210.92999267578125,212.47999572753906,201.5813751220703,27820400,0.0,0.0
2020-08-10,211.6699981689453,211.8800048828125,206.35000610351562,208.25,197.56832885742188,36716500,0.0,0.0
2020-08-11,207.16000366210938,207.64999389648438,203.13999938964844,203.3800048828125,192.9481658935547,36446500,0.0,0.0
2020-08-12,205.2899932861328,210.27999877929688,204.75,209.19000244140625,198.4601287841797,28013100,0.0,0.0
2020-08-13,209.44000244140625,211.35000610351562,208.14999389648438,208.6999969482422,197.99525451660156,22588900,0.0,0.0
2020-08-14,208.75999450683594,209.58999633789062,207.50999450683594,208.89999389648438,198.18499755859375,17958900,0.0,0.0
2020-08-17,209.60000610351562,211.19000244140625,208.9199981689453,210.27999877929688,199.4942169189453,20184800,0.0,0.0
2020-08-18,210.52999877929688,212.36000061035156,209.2100067138672,211.49000549316406,200.64218139648438,21336200,0.0,0.0
2020-08-19,211.49000549316406,212.10000610351562,209.25,209.6999969482422,199.42489624023438,27627600,0.51,0.0
2020-08-20,209.5399932861328,215.0,208.91000366210938,214.5800018310547,204.06578063964844,26981500,0.0,0.0
2020-08-21,213.86000061035156,216.25,212.85000610351562,213.02000427246094,202.5821990966797,36249300,0.0,0.0
2020-08-24,214.7899932861328,215.52000427246094,212.42999267578125,213.69000244140625,203.21937561035156,25460100,0.0,0.0
2020-08-25,213.10000610351562,216.61000061035156,213.10000610351562,216.47000122070312,205.86317443847656,23043700,0.0,0.0
2020-08-26,217.8800048828125,222.08999633789062,217.36000061035156,221.14999389648438,210.3138427734375,39600800,0.0,0.0
2020-08-27,222.88999938964844,231.14999389648438,219.39999389648438,226.5800018310547,215.47781372070312,57602200,0.0,0.0
2020-08-28,228.17999267578125,230.63999938964844,226.5800018310547,228.91000366210938,217.693603515625,26292900,0.0,0.0
2020-08-31,227.0,228.6999969482422,224.30999755859375,225.52999877929688,214.47921752929688,28774200,0.0,0.0
2020-09-01,225.50999450683594,227.4499969482422,224.42999267578125,227.27000427246094,216.13397216796875,25725500,0.0,0.0
2020-09-02,227.97000122070312,232.86000061035156,227.35000610351562,231.64999389648438,220.29934692382812,34080800,0.0,0.0
2020-09-03,229.27000427246094,229.30999755859375,214.9600067138672,217.3000030517578,206.65249633789062,58400300,0.0,0.0
2020-09-04,215.10000610351562,218.36000061035156,205.19000244140625,214.25,203.75192260742188,59664100,0.0,0.0
2020-09-08,206.5,210.02999877929688,202.1999969482422,202.66000366210938,192.72982788085938,52924300,0.0,0.0
2020-09-09,207.60000610351562,214.83999633789062,206.6999969482422,211.2899932861328,200.93699645996094,45679000,0.0,0.0
2020-09-10,213.39999389648438,214.74000549316406,204.11000061035156,205.3699951171875,195.30706787109375,35461500,0.0,0.0
2020-09-11,207.1999969482422,208.6300048828125,201.24000549316406,204.02999877929688,194.03273010253906,33620100,0.0,0.0
2020-09-14,204.24000549316406,209.1999969482422,204.02999877929688,205.41000366210938,195.3450927734375,30375800,0.0,0.0
2020-09-15,208.4199981689453,209.77999877929688,206.92999267578125,208.77999877929688,198.54995727539062,21823900,0.0,0.0
2020-09-16,210.6199951171875,210.64999389648438,204.63999938964844,205.0500030517578,195.0027313232422,26328100,0.0,0.0
2020-09-17,200.0500030517578,204.3300018310547,199.9600067138672,202.91000366210938,192.96759033203125,34011300,0.0,0.0
2020-09-18,202.8000030517578,203.64999389648438,196.25,200.38999938964844,190.5710906982422,55225300,0.0,0.0
2020-09-21,197.19000244140625,202.7100067138672,196.3800048828125,202.5399932861328,192.61572265625,39839700,0.0,0.0
2020-09-22,205.05999755859375,208.10000610351562,202.0800018310547,207.4199981689453,197.25662231445312,33517100,0.0,0.0
2020-09-23,207.89999389648438,208.10000610351562,200.02999877929688,200.58999633789062,190.76124572753906,30803800,0.0,0.0
2020-09-24,199.85000610351562,205.57000732421875,199.1999969482422,203.19000244140625,193.23385620117188,31202500,0.0,0.0
2020-09-25,203.5500030517578,209.0399932861328,202.5399932861328,207.82000732421875,197.6370086669922,29437300,0.0,0.0
2020-09-28,210.8800048828125,212.57000732421875,208.05999755859375,209.44000244140625,199.1776580810547,32004900,0.0,0.0
2020-09-29,209.35000610351562,210.07000732421875,206.80999755859375,207.25999450683594,197.10443115234375,24221900,0.0,0.0
2020-09-30,207.72999572753906,211.97999572753906,206.5399932861328,210.3300018310547,200.02403259277344,33829100,0.0,0.0
2020-10-01,213.49000549316406,213.99000549316406,211.32000732421875,212.4600067138672,202.0496826171875,27158400,0.0,0.0
2020-10-02,208.0,210.99000549316406,205.5399932861328,206.19000244140625,196.08685302734375,33154800,0.0,0.0
2020-10-05,207.22000122070312,210.41000366210938,206.97999572753906,210.3800048828125,200.07156372070312,21331600,0.0,0.0
2020-10-06,208.82000732421875,210.17999267578125,204.82000732421875,205.91000366210938,195.8206024169922,28554300,0.0,0.0
2020-10-07,207.05999755859375,210.11000061035156,206.72000122070312,209.8300018310547,199.5485076904297,25681100,0.0,0.0
2020-10-08,210.50999450683594,211.19000244140625,208.32000732421875,210.5800018310547,200.2617950439453,19925800,0.0,0.0
2020-10-09,211.22999572753906,215.86000061035156,211.22999572753906,215.80999755859375,205.23548889160156,26458000,0.0,0.0
2020-10-12,218.7899932861328,223.86000061035156,216.80999755859375,221.39999389648438,210.55157470703125,40461400,0.0,0.0
2020-10-13,222.72000122070312,225.2100067138672,220.42999267578125,222.86000061035156,211.94004821777344,28950800,0.0,0.0
2020-10-14,223.0,224.22000122070312,219.1300048828125,220.86000061035156,210.03802490234375,23421700,0.0,0.0
2020-10-15,217.10000610351562,220.36000061035156,216.00999450683594,219.66000366210938,208.89686584472656,22733100,0.0,0.0
2020-10-16,220.14999389648438,222.2899932861328,219.32000732421875,219.66000366210938,208.89686584472656,26057900,0.0,0.0
2020-10-19,220.4199981689453,222.3000030517578,213.72000122070312,214.22000122070312,203.72340393066406,27625800,0.0,0.0
2020-10-20,215.8000030517578,217.3699951171875,213.08999633789062,214.64999389648438,204.13229370117188,22753500,0.0,0.0
2020-10-21,213.1199951171875,216.9199981689453,213.1199951171875,214.8000030517578,204.27499389648438,22724900,0.0,0.0
2020-10-22,213.92999267578125,216.05999755859375,211.6999969482422,214.88999938964844,204.3605499267578,22351500,0.0,0.0
2020-10-23,215.02999877929688,216.27999877929688,213.16000366210938,216.22999572753906,205.63487243652344,18879600,0.0,0.0
2020-10-26,213.85000610351562,216.33999633789062,208.10000610351562,210.0800018310547,199.7863006591797,37111600,0.0,0.0
2020-10-27,211.58999633789062,214.6699981689453,210.3300018310547,213.25,202.8009490966797,36700300,0.0,0.0
2020-10-28,207.6699981689453,208.83999633789062,202.10000610351562,202.67999267578125,192.74884033203125,51195600,0.0,0.0
2020-10-29,204.07000732421875,207.36000061035156,203.3699951171875,204.72000122070312,194.68893432617188,31432600,0.0,0.0
2020-10-30,203.5,204.2899932861328,199.6199951171875,202.47000122070312,192.5491180419922,36953700,0.0,0.0
2020-11-02,204.2899932861328,205.27999877929688,200.1199951171875,202.3300018310547,192.41603088378906,30842200,0.0,0.0
2020-11-03,203.88999938964844,208.1199951171875,203.1199951171875,206.42999267578125,196.31507873535156,27512000,0.0,0.0
2020-11-04,214.02000427246094,218.32000732421875,212.4199981689453,216.38999938964844,205.787109375,42311800,0.0,0.0
2020-11-05,222.0399932861328,224.1199951171875,221.14999389648438,223.2899932861328,212.34898376464844,36080100,0.0,0.0
2020-11-06,222.25999450683594,224.36000061035156,218.02999877929688,223.72000122070312,212.75787353515625,25231900,0.0,0.0
2020-11-09,224.44000244140625,228.1199951171875,217.8800048828125,218.38999938964844,207.68905639648438,44395000,0.0,0.0
2020-11-10,214.5,216.5,209.72000122070312,211.00999450683594,200.67066955566406,44045100,0.0,0.0
2020-11-11,212.38999938964844,218.0399932861328,212.1999969482422,216.5500030517578,205.9392547607422,29440800,0.0,0.0
2020-11-12,217.2100067138672,219.11000061035156,214.4600067138672,215.44000244140625,204.88365173339844,21593900,0.0,0.0
2020-11-13,216.36000061035156,217.4199981689453,214.16000366210938,216.50999450683594,205.9011688232422,18621100,0.0,0.0
2020-11-16,214.8699951171875,217.74000549316406,214.52000427246094,217.22999572753906,206.5858917236328,24953300,0.0,0.0
2020-11-17,216.10000610351562,217.67999267578125,214.0800018310547,214.4600067138672,203.95162963867188,24154100,0.0,0.0
2020-11-18,213.64999389648438,215.1699981689453,210.92999267578125,211.0800018310547,201.26280212402344,28372800,0.56,0.0
2020-11-19,211.3800048828125,213.02999877929688,209.92999267578125,212.4199981689453,202.54049682617188,24792700,0.0,0.0
2020-11-20,212.1999969482422,213.2899932861328,210.0,210.38999938964844,200.6049041748047,22843100,0.0,0.0
2020-11-23,210.9499969482422,212.2899932861328,208.16000366210938,210.11000061035156,200.3379364013672,25683500,0.0,0.0
2020-11-24,209.58999633789062,214.25,208.86000061035156,213.86000061035156,203.91348266601562,33979700,0.0,0.0
2020-11-25,215.11000061035156,215.2899932861328,212.4600067138672,213.8699951171875,203.92300415039062,21012900,0.0,0.0
2020-11-27,214.85000610351562,216.27000427246094,214.0399932861328,215.22999572753906,205.21978759765625,14512200,0.0,0.0
2020-11-30,214.10000610351562,214.75999450683594,210.83999633789062,214.07000732421875,204.11378479003906,33064800,0.0,0.0
2020-12-01,214.50999450683594,217.32000732421875,213.35000610351562,216.2100067138672,206.15423583984375,30904500,0.0,0.0
2020-12-02,214.8800048828125,215.47000122070312,212.8000030517578,215.3699951171875,205.35330200195312,23724500,0.0,0.0
2020-12-03,214.61000061035156,216.3800048828125,213.64999389648438,214.24000549316406,204.2758331298828,25120900,0.0,0.0
2020-12-04,214.22000122070312,215.3800048828125,213.17999267578125,214.36000061035156,204.39027404785156,24666000,0.0,0.0
2020-12-07,214.3699951171875,215.5399932861328,212.99000549316406,214.2899932861328,204.32351684570312,24620000,0.0,0.0
2020-12-08,213.97000122070312,216.9499969482422,212.88999938964844,216.00999450683594,205.96348571777344,23284100,0.0,0.0
2020-12-09,215.16000366210938,215.22999572753906,211.2100067138672,211.8000030517578,201.94927978515625,32440600,0.0,0.0
2020-12-10,211.77000427246094,213.0800018310547,210.36000061035156,210.52000427246094,200.72885131835938,26733300,0.0,0.0
2020-12-11,210.0500030517578,213.32000732421875,209.11000061035156,213.25999450683594,203.34140014648438,30979400,0.0,0.0
2020-12-14,213.10000610351562,216.2100067138672,212.8800048828125,214.1999969482422,204.23768615722656,28798400,0.0,0.0
2020-12-15,215.1699981689453,215.4199981689453,212.24000549316406,214.1300048828125,204.17098999023438,27000600,0.0,0.0
2020-12-16,214.75,220.11000061035156,214.72000122070312,219.27999877929688,209.08143615722656,35023300,0.0,0.0
2020-12-17,219.8699951171875,220.88999938964844,217.9199981689453,219.4199981689453,209.2148895263672,32515800,0.0,0.0
2020-12-18,218.58999633789062,219.69000244140625,216.02000427246094,218.58999633789062,208.4235382080078,63354900,0.0,0.0
2020-12-21,217.5500030517578,224.0,217.27999877929688,222.58999633789062,212.23744201660156,37181900,0.0,0.0
2020-12-22,222.69000244140625,225.6300048828125,221.85000610351562,223.94000244140625,213.52468872070312,22612200,0.0,0.0
2020-12-23,223.11000061035156,223.55999755859375,220.8000030517578,221.02000427246094,210.740478515625,18699600,0.0,0.0
2020-12-24,221.4199981689453,223.61000061035156,221.1999969482422,222.75,212.3900604248047,10550600,0.0,0.0
2020-12-28,224.4499969482422,226.02999877929688,223.02000427246094,224.9600067138672,214.49725341796875,17933500,0.0,0.0
2020-12-29,226.30999755859375,227.17999267578125,223.5800018310547,224.14999389648438,213.7248992919922,17403200,0.0,0.0
2020-12-30,225.22999572753906,225.6300048828125,221.47000122070312,221.67999267578125,211.36981201171875,20272300,0.0,0.0
2020-12-31,221.6999969482422,223.0,219.67999267578125,222.4199981689453,212.07537841796875,20942100,0.0,0.0
2021-01-04,222.52999877929688,223.0,214.80999755859375,217.69000244140625,207.56541442871094,37130100,0.0,0.0
2021-01-05,217.25999450683594,218.52000427246094,215.6999969482422,217.89999389648438,207.76559448242188,23823000,0.0,0.0
2021-01-06,212.1699981689453,216.49000549316406,211.94000244140625,212.25,202.37838745117188,35930700,0.0,0.0
2021-01-07,214.0399932861328,219.33999633789062,213.7100067138672,218.2899932861328,208.13746643066406,27694500,0.0,0.0
2021-01-08,218.67999267578125,220.5800018310547,217.02999877929688,219.6199951171875,209.40562438964844,22956200,0.0,0.0
2021-01-11,218.47000122070312,218.91000366210938,216.72999572753906,217.49000549316406,207.37466430664062,23031300,0.0,0.0
2021-01-12,216.5,217.10000610351562,213.32000732421875,214.92999267578125,204.9337615966797,23249300,0.0,0.0
2021-01-13,214.02000427246094,216.75999450683594,213.92999267578125,216.33999633789062,206.27813720703125,20087100,0.0,0.0
2021-01-14,215.91000366210938,217.4600067138672,212.74000549316406,213.02000427246094,203.11257934570312,29480800,0.0,0.0
2021-01-15,213.52000427246094,214.50999450683594,212.02999877929688,212.64999389648438,202.759765625,31746500,0.0,0.0
2021-01-19,213.75,216.97999572753906,212.6300048828125,216.44000244140625,206.37347412109375,30480900,0.0,0.0
2021-01-20,217.6999969482422,225.7899932861328,217.2899932861328,224.33999633789062,213.90611267089844,37777300,0.0,0.0
2021-01-21,224.6999969482422,226.3000030517578,222.4199981689453,224.97000122070312,214.5067901611328,30709400,0.0,0.0
2021-01-22,227.0800018310547,230.07000732421875,225.8000030517578,225.9499969482422,215.4412078857422,30172700,0.0,0.0
2021-01-25,229.1199951171875,229.77999877929688,224.22000122070312,229.52999877929688,218.8546905517578,33152100,0.0,0.0
2021-01-26,231.86000061035156,234.17999267578125,230.0800018310547,232.3300018310547,221.52447509765625,49169600,0.0,0.0
2021-01-27,238.0,240.44000244140625,230.13999938964844,232.89999389648438,222.0679473876953,69870600,0.0,0.0
2021-01-28,235.61000061035156,242.63999938964844,235.08999633789062,238.92999267578125,227.8175048828125,49111200,0.0,0.0
2021-01-29,235.99000549316406,238.02000427246094,231.35000610351562,231.9600067138672,221.17172241210938,42503100,0.0,0.0
2021-02-01,235.05999755859375,242.5,232.42999267578125,239.64999389648438,228.5040283203125,33314200,0.0,0.0
2021-02-02,241.3000030517578,242.30999755859375,238.69000244140625,239.50999450683594,228.3705596923828,25916300,0.0,0.0
2021-02-03,239.57000732421875,245.08999633789062,239.25999450683594,243.0,231.6982421875,27158100,0.0,0.0
2021-02-04,242.66000366210938,243.24000549316406,240.3699951171875,242.00999450683594,230.75424194335938,25296100,0.0,0.0
2021-02-05,242.22999572753906,243.27999877929688,240.4199981689453,242.1999969482422,230.9354248046875,18054800,0.0,0.0
2021-02-08,243.14999389648438,243.67999267578125,240.80999755859375,242.47000122070312,231.1929168701172,22211900,0.0,0.0
2021-02-09,241.8699951171875,244.75999450683594,241.3800048828125,243.77000427246094,232.43240356445312,23565000,0.0,0.0
2021-02-10,245.0,245.9199981689453,240.88999938964844,242.82000732421875,231.52659606933594,22186700,0.0,0.0
2021-02-11,244.77999877929688,245.14999389648438,242.14999389648438,244.49000549316406,233.1189422607422,15751100,0.0,0.0
2021-02-12,243.92999267578125,245.3000030517578,242.72999572753906,244.99000549316406,233.59568786621094,16561100,0.0,0.0
2021-02-16,245.02999877929688,246.1300048828125,242.9199981689453,243.6999969482422,232.3656463623047,26728500,0.0,0.0
2021-02-17,241.32000732421875,244.30999755859375,240.94000244140625,244.1999969482422,233.378662109375,21653500,0.56,0.0
2021-02-18,241.8000030517578,243.92999267578125,240.86000061035156,243.7899932861328,232.98684692382812,16925600,0.0,0.0
2021-02-19,243.75,243.86000061035156,240.17999267578125,240.97000122070312,230.2918243408203,25262600,0.0,0.0
2021-02-22,237.4199981689453,237.92999267578125,232.39999389648438,234.50999450683594,224.11810302734375,36446900,0.0,0.0
2021-02-23,230.3300018310547,234.8300018310547,228.72999572753906,233.27000427246094,222.93304443359375,30228700,0.0,0.0
2021-02-24,230.00999450683594,235.1999969482422,229.0,234.5500030517578,224.1562957763672,26339700,0.0,0.0
2021-02-25,232.0800018310547,234.58999633789062,227.8800048828125,228.99000549316406,218.8426971435547,39542200,0.0,0.0
2021-02-26,231.52999877929688,235.3699951171875,229.5399932861328,232.3800048828125,222.08250427246094,37819200,0.0,0.0
2021-03-01,235.89999389648438,237.47000122070312,233.14999389648438,236.94000244140625,226.44039916992188,25324000,0.0,0.0
2021-03-02,237.00999450683594,237.3000030517578,233.4499969482422,233.8699951171875,223.50643920898438,22812500,0.0,0.0
2021-03-03,232.16000366210938,233.5800018310547,227.25999450683594,227.55999755859375,217.47605895996094,34029500,0.0,0.0
2021-03-04,226.74000549316406,232.49000549316406,224.25999450683594,226.72999572753906,216.6828155517578,44727800,0.0,0.0
2021-03-05,229.52000427246094,233.27000427246094,226.4600067138672,231.60000610351562,221.3370361328125,41872800,0.0,0.0
2021-03-08,231.3699951171875,233.3699951171875,227.1300048828125,227.38999938964844,217.31362915039062,35267400,0.0,0.0
2021-03-09,232.8800048828125,235.3800048828125,231.6699981689453,233.77999877929688,223.4204559326172,33080500,0.0,0.0
2021-03-10,237.0,237.0,232.0399932861328,232.4199981689453,222.12071228027344,29746800,0.0,0.0
2021-03-11,234.9600067138672,239.1699981689453,234.30999755859375,237.1300048828125,226.62200927734375,29907600,0.0,0.0
2021-03-12,234.00999450683594,235.82000732421875,233.22999572753906,235.75,225.30311584472656,22653700,0.0,0.0
2021-03-15,234.9600067138672,235.19000244140625,231.80999755859375,234.80999755859375,224.40475463867188,26034900,0.0,0.0
2021-03-16,236.27999877929688,240.05999755859375,235.94000244140625,237.7100067138672,227.17630004882812,28092200,0.0,0.0
2021-03-17,236.14999389648438,238.5500030517578,233.22999572753906,237.0399932861328,226.53598022460938,29562100,0.0,0.0
2021-03-18,232.55999755859375,234.19000244140625,230.3300018310547,230.72000122070312,220.49603271484375,34833000,0.0,0.0
2021-03-19,231.02000427246094,232.47000122070312,229.35000610351562,230.35000610351562,220.14248657226562,46430700,0.0,0.0
2021-03-22,230.27000427246094,236.89999389648438,230.13999938964844,235.99000549316406,225.53248596191406,30127000,0.0,0.0
2021-03-23,237.49000549316406,241.0500030517578,237.07000732421875,237.5800018310547,227.05206298828125,31638400,0.0,0.0
2021-03-24,237.85000610351562,238.0,235.32000732421875,235.4600067138672,225.02598571777344,25620100,0.0,0.0
2021-03-25,235.3000030517578,236.94000244140625,231.57000732421875,232.33999633789062,222.04428100585938,34061900,0.0,0.0
2021-03-26,231.5500030517578,236.7100067138672,231.5500030517578,236.47999572753906,226.00076293945312,25479900,0.0,0.0
2021-03-29,236.58999633789062,236.8000030517578,231.8800048828125,235.24000549316406,224.81573486328125,25227500,0.0,0.0
2021-03-30,233.52999877929688,233.85000610351562,231.10000610351562,231.85000610351562,221.57598876953125,24792000,0.0,0.0
2021-03-31,232.91000366210938,239.10000610351562,232.38999938964844,235.77000427246094,225.32228088378906,43623500,0.0,0.0
2021-04-01,238.47000122070312,242.83999633789062,238.0500030517578,242.35000610351562,231.61070251464844,30338000,0.0,0.0
2021-04-05,242.75999450683594,249.9600067138672,242.6999969482422,249.07000732421875,238.0328826904297,36910600,0.0,0.0
2021-04-06,247.61000061035156,249.39999389648438,246.8800048828125,247.86000061035156,236.87652587890625,22931900,0.0,0.0
2021-04-07,247.80999755859375,250.92999267578125,247.19000244140625,249.89999389648438,238.82606506347656,22719800,0.0,0.0
2021-04-08,252.77000427246094,254.13999938964844,252.0,253.25,242.02764892578125,23625200,0.0,0.0
2021-04-09,252.8699951171875,255.99000549316406,252.44000244140625,255.85000610351562,244.51242065429688,24326800,0.0,0.0
2021-04-12,254.7100067138672,257.6700134277344,254.6199951171875,255.91000366210938,244.56980895996094,27148700,0.0,0.0
2021-04-13,257.260009765625,259.19000244140625,256.8299865722656,258.489990234375,247.03543090820312,23837500,0.0,0.0
2021-04-14,257.4800109863281,258.8299865722656,255.16000366210938,255.58999633789062,244.2639617919922,23070900,0.0,0.0
2021-04-15,257.92999267578125,259.92999267578125,257.7300109863281,259.5,248.00070190429688,25627500,0.0,0.0
2021-04-16,259.4700012207031,261.0,257.6000061035156,260.739990234375,249.18572998046875,24878600,0.0,0.0
2021-04-19,260.19000244140625,261.4800109863281,257.82000732421875,258.739990234375,247.2743377685547,23209300,0.0,0.0
2021-04-20,257.82000732421875,260.20001220703125,256.8399963378906,258.260009765625,246.81565856933594,19722900,0.0,0.0
2021-04-21,258.94000244140625,260.67999267578125,257.25,260.5799865722656,249.03286743164062,24030400,0.0,0.0
2021-04-22,260.2099914550781,261.7799987792969,255.63999938964844,257.1700134277344,245.77395629882812,25606200,0.0,0.0
2021-04-23,257.8800048828125,261.510009765625,257.2699890136719,261.1499938964844,249.57757568359375,21462600,0.0,0.0
2021-04-26,261.6600036621094,262.44000244140625,260.1700134277344,261.54998779296875,249.95982360839844,19763300,0.0,0.0
2021-04-27,261.5799865722656,263.19000244140625,260.1199951171875,261.9700012207031,250.3612518310547,31014200,0.0,0.0
2021-04-28,256.0799865722656,256.5400085449219,252.9499969482422,254.55999755859375,243.27960205078125,46903100,0.0,0.0
2021-04-29,255.4600067138672,256.1000061035156,249.0,252.50999450683594,241.3204345703125,40589000,0.0,0.0
2021-04-30,249.74000549316406,253.0800018310547,249.60000610351562,252.17999267578125,241.00503540039062,30945100,0.0,0.0
2021-05-03,253.39999389648438,254.35000610351562,251.1199951171875,251.86000061035156,240.69923400878906,19626600,0.0,0.0
2021-05-04,250.97000122070312,251.2100067138672,245.75999450683594,247.7899932861328,236.80960083007812,32756100,0.0,0.0
2021-05-05,249.05999755859375,249.5,245.82000732421875,246.47000122070312,235.54811096191406,21901300,0.0,0.0
2021-05-06,246.4499969482422,249.86000061035156,244.69000244140625,249.72999572753906,238.66363525390625,26491100,0.0,0.0
2021-05-07,252.14999389648438,254.3000030517578,251.1699981689453,252.4600067138672,241.2726287841797,27032900,0.0,0.0
2021-05-10,250.8699951171875,251.72999572753906,247.1199951171875,247.17999267578125,236.2266082763672,29299900,0.0,0.0
2021-05-11,244.5500030517578,246.60000610351562,242.57000732421875,246.22999572753906,235.3187255859375,33641600,0.0,0.0
2021-05-12,242.1699981689453,244.3800048828125,238.07000732421875,239.0,228.40911865234375,36684400,0.0,0.0
2021-05-13,241.8000030517578,245.60000610351562,241.4199981689453,243.02999877929688,232.2605438232422,29624300,0.0,0.0
2021-05-14,245.5800018310547,249.17999267578125,245.49000549316406,248.14999389648438,237.1536407470703,23901100,0.0,0.0
2021-05-17,246.5500030517578,246.58999633789062,243.52000427246094,245.17999267578125,234.3152313232422,24970200,0.0,0.0
2021-05-18,246.27000427246094,246.41000366210938,242.89999389648438,243.0800018310547,232.30836486816406,20168000,0.0,0.0
2021-05-19,239.30999755859375,243.22999572753906,238.60000610351562,243.1199951171875,232.88304138183594,25739800,0.56,0.0
2021-05-20,243.9600067138672,247.9499969482422,243.86000061035156,246.47999572753906,236.1016082763672,21800700,0.0,0.0
2021-05-21,247.57000732421875,248.3300018310547,244.74000549316406,245.1699981689453,234.84671020507812,21863100,0.0,0.0
2021-05-24,247.7899932861328,251.16000366210938,247.50999450683594,250.77999877929688,240.2205352783203,21411500,0.0,0.0
2021-05-25,251.77000427246094,252.75,250.82000732421875,251.72000122070312,241.1209716796875,17704300,0.0,0.0
2021-05-26,251.42999267578125,252.94000244140625,250.75,251.49000549316406,240.90060424804688,17771600,0.0,0.0
2021-05-27,251.1699981689453,251.47999572753906,249.25,249.30999755859375,238.81240844726562,24426200,0.0,0.0
2021-05-28,251.0,252.0800018310547,249.55999755859375,249.67999267578125,239.16683959960938,18270200,0.0,0.0
2021-06-01,251.22999572753906,251.2899932861328,246.9600067138672,247.39999389648438,236.9828643798828,23213300,0.0,0.0
2021-06-02,248.1300048828125,249.27000427246094,245.83999633789062,247.3000030517578,236.88705444335938,19406700,0.0,0.0
2021-06-03,245.22000122070312,246.33999633789062,243.0,245.7100067138672,235.364013671875,25307700,0.0,0.0
2021-06-04,247.75999450683594,251.64999389648438,247.50999450683594,250.7899932861328,240.2301025390625,25281100,0.0,0.0
2021-06-07,249.97999572753906,254.08999633789062,249.80999755859375,253.80999755859375,243.12295532226562,23079200,0.0,0.0
2021-06-08,255.16000366210938,256.010009765625,252.50999450683594,252.57000732421875,241.93516540527344,22455000,0.0,0.0
2021-06-09,253.80999755859375,255.52999877929688,253.2100067138672,253.58999633789062,242.9122314453125,17937600,0.0,0.0
2021-06-10,254.2899932861328,257.4599914550781,253.6699981689453,257.239990234375,246.40855407714844,24563600,0.0,0.0
2021-06-11,257.989990234375,258.489990234375,256.6099853515625,257.8900146484375,247.03115844726562,18999700,0.0,0.0
2021-06-14,257.8999938964844,259.95001220703125,256.79998779296875,259.8900146484375,248.94686889648438,19150500,0.0,0.0
2021-06-15,259.7699890136719,259.989990234375,257.67999267578125,258.3599853515625,247.48135375976562,18038900,0.0,0.0
2021-06-16,259.3999938964844,260.5799865722656,254.4199981689453,257.3800048828125,246.5426483154297,27220000,0.0,0.0
2021-06-17,256.07000732421875,261.75,256.010009765625,260.8999938964844,249.9143829345703,27565500,0.0,0.0
2021-06-18,259.6300048828125,262.29998779296875,258.75,259.42999267578125,248.50631713867188,37202200,0.0,0.0
2021-06-21,259.82000732421875,263.5199890136719,257.9200134277344,262.6300048828125,251.5714874267578,26696100,0.0,0.0
2021-06-22,262.7200012207031,265.7900085449219,262.3999938964844,265.510009765625,254.3302459716797,24694100,0.0,0.0
2021-06-23,265.989990234375,266.8299865722656,264.42999267578125,265.2699890136719,254.1003875732422,19518700,0.0,0.0
2021-06-24,266.1600036621094,267.8500061035156,265.4700012207031,266.69000244140625,255.4606170654297,21446900,0.0,0.0
2021-06-25,266.2300109863281,267.25,264.760009765625,265.0199890136719,253.86099243164062,25611100,0.0,0.0
2021-06-28,266.19000244140625,268.8999938964844,265.9100036621094,268.7200012207031,257.4051513671875,19590000,0.0,0.0
2021-06-29,268.8699951171875,271.6499938964844,267.9800109863281,271.3999938964844,259.9722900390625,19937800,0.0,0.0
2021-06-30,270.69000244140625,271.3599853515625,269.6000061035156,270.8999938964844,259.49334716796875,21656500,0.0,0.0
2021-07-01,269.6099853515625,271.8399963378906,269.6000061035156,271.6000061035156,260.1638488769531,16725300,0.0,0.0
2021-07-02,272.82000732421875,278.0,272.5,277.6499938964844,265.9591064453125,26458000,0.0,0.0
2021-07-06,278.0299987792969,279.3699951171875,274.29998779296875,277.6600036621094,265.9687194824219,31565600,0.0,0.0
2021-07-07,279.3999938964844,280.69000244140625,277.1499938964844,279.92999267578125,268.14306640625,23260000,0.0,0.0
2021-07-08,276.8999938964844,278.7300109863281,274.8699951171875,277.4200134277344,265.73883056640625,24618600,0.0,0.0
2021-07-09,275.7200012207031,278.04998779296875,275.32000732421875,277.94000244140625,266.2369079589844,23916700,0.0,0.0
2021-07-12,279.1600036621094,279.7699890136719,276.5799865722656,277.32000732421875,265.64300537109375,18931700,0.0,0.0
2021-07-13,277.5199890136719,282.8500061035156,277.3900146484375,280.9800109863281,269.14898681640625,26120100,0.0,0.0
2021-07-14,282.3500061035156,283.6600036621094,280.54998779296875,282.510009765625,270.6144714355469,23113700,0.0,0.0
2021-07-15,282.0,282.510009765625,279.8299865722656,281.0299987792969,269.1968994140625,22604200,0.0,0.0
2021-07-16,282.07000732421875,284.1000061035156,279.4599914550781,280.75,268.9286193847656,26186800,0.0,0.0
2021-07-19,278.92999267578125,280.3699951171875,274.45001220703125,277.010009765625,265.3460998535156,32935600,0.0,0.0
2021-07-20,278.0299987792969,280.9700012207031,276.260009765625,279.32000732421875,267.558837890625,26259700,0.0,0.0
2021-07-21,278.8999938964844,281.5199890136719,277.2900085449219,281.3999938964844,269.5511474609375,24364300,0.0,0.0
2021-07-22,283.8399963378906,286.4200134277344,283.4200134277344,286.1400146484375,274.0916442871094,23384100,0.0,0.0
2021-07-23,287.3699951171875,289.989990234375,286.5,289.6700134277344,277.4731140136719,22768100,0.0,0.0
2021-07-26,289.0,289.69000244140625,286.6400146484375,289.04998779296875,276.87908935546875,23176100,0.0,0.0
2021-07-27,289.42999267578125,289.5799865722656,282.95001220703125,286.5400085449219,274.474853515625,33604100,0.0,0.0
2021-07-28,288.989990234375,290.1499938964844,283.8299865722656,286.2200012207031,274.168212890625,33566900,0.0,0.0
2021-07-29,286.239990234375,288.6199951171875,286.0799865722656,286.5,274.4365539550781,18168300,0.0,0.0
2021-07-30,285.1700134277344,286.6600036621094,283.9100036621094,284.9100036621094,272.9134216308594,20944800,0.0,0.0
2021-08-02,286.3599853515625,286.7699890136719,283.739990234375,284.82000732421875,272.8273010253906,16267400,0.0,0.0
2021-08-03,285.4200134277344,287.2300109863281,284.0,287.1199951171875,275.0303649902344,17879000,0.0,0.0
2021-08-04,286.2200012207031,287.5899963378906,284.6499938964844,286.510009765625,274.4460754394531,16191300,0.0,0.0
2021-08-05,286.8800048828125,289.6300048828125,286.1000061035156,289.5199890136719,277.3293151855469,13900200,0.0,0.0
2021-08-06,288.510009765625,289.5,287.6199951171875,289.4599914550781,277.2718505859375,16589300,0.0,0.0
2021-08-09,289.75,291.54998779296875,287.80999755859375,288.3299865722656,276.1894226074219,16117600,0.0,0.0
2021-08-10,288.79998779296875,289.25,285.20001220703125,286.44000244140625,274.37896728515625,18616600,0.0,0.0
2021-08-11,287.2099914550781,288.6600036621094,285.8599853515625,286.95001220703125,274.8675842285156,13955900,0.0,0.0
2021-08-12,286.6300048828125,289.9700012207031,286.3399963378906,289.80999755859375,277.6071472167969,14561300,0.0,0.0
2021-08-13,289.4800109863281,292.8999938964844,289.29998779296875,292.8500061035156,280.5191345214844,18249000,0.0,0.0
2021-08-16,293.19000244140625,294.82000732421875,290.0199890136719,294.6000061035156,282.1953430175781,22507600,0.0,0.0
2021-08-17,292.3900146484375,293.42999267578125,291.0799865722656,293.0799865722656,280.7393798828125,20075300,0.0,0.0
2021-08-18,292.0400085449219,294.82000732421875,290.2699890136719,290.7300109863281,279.021484375,21813000,0.56,0.0
2021-08-19,288.69000244140625,297.4700012207031,288.6400146484375,296.7699890136719,284.8182373046875,29850500,0.0,0.0
2021-08-20,299.7200012207031,305.8399963378906,298.05999755859375,304.3599853515625,292.10260009765625,40817600,0.0,0.0
2021-08-23,303.25,305.3999938964844,301.8500061035156,304.6499938964844,292.3808898925781,22830200,0.0,0.0
2021-08-24,305.0199890136719,305.6499938964844,302.0,302.6199951171875,290.43267822265625,18175800,0.0,0.0
2021-08-25,304.29998779296875,304.5899963378906,300.4200134277344,302.010009765625,289.8472595214844,20006100,0.0,0.0
2021-08-26,300.989990234375,302.42999267578125,298.95001220703125,299.0899963378906,287.0447998046875,17666100,0.0,0.0
2021-08-27,298.989990234375,300.8699951171875,296.8299865722656,299.7200012207031,287.6494140625,22605700,0.0,0.0
2021-08-30,301.1199951171875,304.2200012207031,301.05999755859375,303.5899963378906,291.363525390625,16348100,0.0,0.0
2021-08-31,304.4200134277344,304.5,301.5,301.8800048828125,289.7225646972656,26285300,0.0,0.0
2021-09-01,302.8699951171875,305.19000244140625,301.489990234375,301.8299865722656,289.6744384765625,18983800,0.0,0.0
2021-09-02,302.20001220703125,303.3599853515625,300.17999267578125,301.1499938964844,289.02178955078125,16285600,0.0,0.0
2021-09-03,300.989990234375,302.6000061035156,300.260009765625,301.1400146484375,289.0123596191406,14747900,0.0,0.0
2021-09-07,301.010009765625,301.0899963378906,298.20001220703125,300.17999267578125,288.0909118652344,17180400,0.0,0.0
2021-09-08,299.7799987792969,300.6099853515625,297.4700012207031,300.2099914550781,288.1197204589844,15046800,0.0,0.0
2021-09-09,300.82000732421875,302.1400146484375,297.0,297.25,285.2789611816406,19927000,0.0,0.0
2021-09-10,298.4200134277344,299.9200134277344,295.3800048828125,295.7099914550781,283.8009338378906,19633400,0.0,0.0
2021-09-13,297.54998779296875,298.5400085449219,294.0799865722656,296.989990234375,285.02947998046875,23652900,0.0,0.0
2021-09-14,299.55999755859375,301.3900146484375,298.1000061035156,299.7900085449219,287.7166442871094,21853400,0.0,0.0
2021-09-15,303.260009765625,305.32000732421875,301.82000732421875,304.82000732421875,292.5440673828125,28356300,0.0,0.0
2021-09-16,303.760009765625,305.30999755859375,300.760009765625,305.2200012207031,292.927978515625,19550800,0.0,0.0
2021-09-17,304.1700134277344,304.5,299.5299987792969,299.8699951171875,287.79345703125,41372500,0.0,0.0
2021-09-20,296.3299865722656,298.7200012207031,289.5199890136719,294.29998779296875,282.44775390625,38278700,0.0,0.0
2021-09-21,295.69000244140625,297.5400085449219,294.07000732421875,294.79998779296875,282.9275817871094,22364100,0.0,0.0
2021-09-22,296.7300109863281,300.2200012207031,294.510009765625,298.5799865722656,286.5553283691406,26626300,0.0,0.0
2021-09-23,298.8500061035156,300.8999938964844,297.5299987792969,299.55999755859375,287.49591064453125,18604600,0.0,0.0
2021-09-24,298.2300109863281,299.79998779296875,296.92999267578125,299.3500061035156,287.2944030761719,14999000,0.0,0.0
2021-09-27,296.1400146484375,296.4700012207031,292.94000244140625,294.1700134277344,282.3229675292969,23571700,0.0,0.0
2021-09-28,289.79998779296875,290.7799987792969,282.75,283.5199890136719,272.1018371582031,43186200,0.0,0.0
2021-09-29,285.1000061035156,286.7699890136719,283.010009765625,284.0,272.5625915527344,26353700,0.0,0.0
2021-09-30,285.7099914550781,287.8299865722656,281.6199951171875,281.9200134277344,270.5663146972656,32343600,0.0,0.0
2021-10-01,282.1199951171875,289.9800109863281,281.2900085449219,289.1000061035156,277.4571533203125,30086300,0.0,0.0
2021-10-04,287.3999938964844,287.75,280.25,283.1099853515625,271.70843505859375,31350700,0.0,0.0
2021-10-05,284.04998779296875,290.3999938964844,284.04998779296875,288.760009765625,277.1308288574219,24993000,0.0,0.0
2021-10-06,285.7799987792969,293.6300048828125,285.510009765625,293.1099853515625,281.3055725097656,28002600,0.0,0.0
2021-10-07,295.17999267578125,296.6400146484375,293.9200134277344,294.8500061035156,282.9755554199219,20430500,0.0,0.0
2021-10-08,296.2200012207031,296.6400146484375,293.760009765625,294.8500061035156,282.9755554199219,17685700,0.0,0.0
2021-10-11,292.9200134277344,297.9700012207031,292.75,294.2300109863281,282.38055419921875,19298600,0.0,0.0
2021-10-12,295.3399963378906,295.44000244140625,292.3500061035156,292.8800048828125,281.0849609375,17974100,0.0,0.0
2021-10-13,294.9100036621094,297.2799987792969,293.489990234375,296.30999755859375,284.3767395019531,23416300,0.0,0.0
2021-10-14,299.2099914550781,303.2699890136719,297.8299865722656,302.75,290.5574645996094,27262900,0.0,0.0
2021-10-15,302.3399963378906,304.45001220703125,300.5199890136719,304.2099914550781,291.9586181640625,25384800,0.0,0.0
2021-10-18,303.57000732421875,308.2099914550781,302.69000244140625,307.2900085449219,294.9146423339844,22729300,0.0,0.0
2021-10-19,308.3500061035156,309.29998779296875,307.2200012207031,308.2300109863281,295.8167419433594,17682100,0.0,0.0
2021-10-20,309.2099914550781,309.70001220703125,306.1099853515625,307.4100036621094,295.0297546386719,16537100,0.0,0.0
2021-10-21,307.1700134277344,311.0199890136719,306.3599853515625,310.760009765625,298.2448425292969,16918100,0.0,0.0
2021-10-22,310.3999938964844,311.0899963378906,307.79998779296875,309.1600036621094,296.7093200683594,17449300,0.0,0.0
2021-10-25,309.3599853515625,309.3999938964844,306.4599914550781,308.1300048828125,295.72076416015625,17554500,0.0,0.0
2021-10-26,311.0,312.3999938964844,308.6000061035156,310.1099853515625,297.6210021972656,28107300,0.0,0.0
2021-10-27,316.0,326.1000061035156,316.0,323.1700134277344,310.155029296875,52588700,0.0,0.0
2021-10-28,324.3299865722656,324.8699951171875,321.3599853515625,324.3500061035156,311.28759765625,26297900,0.0,0.0
2021-10-29,324.1300048828125,332.0,323.8999938964844,331.6199951171875,318.2647399902344,34766000,0.0,0.0
2021-11-01,331.3599853515625,331.489990234375,326.3699951171875,329.3699951171875,316.1053771972656,27073200,0.0,0.0
2021-11-02,330.30999755859375,333.45001220703125,330.0,333.1300048828125,319.71392822265625,26487100,0.0,0.0
2021-11-03,333.8999938964844,334.8999938964844,330.6499938964844,334.0,320.54888916015625,21500100,0.0,0.0
2021-11-04,332.8900146484375,336.5400085449219,329.510009765625,336.44000244140625,322.89068603515625,23992200,0.0,0.0
2021-11-05,338.510009765625,338.7900085449219,334.4200134277344,336.05999755859375,322.5259704589844,22570100,0.0,0.0
2021-11-08,337.29998779296875,337.6499938964844,334.44000244140625,336.989990234375,323.41845703125,20897000,0.0,0.0
2021-11-09,337.1099853515625,338.7200012207031,334.5299987792969,335.95001220703125,322.42034912109375,21307400,0.0,0.0
2021-11-10,334.57000732421875,334.6300048828125,329.9200134277344,330.79998779296875,317.47772216796875,25500900,0.0,0.0
2021-11-11,331.25,333.7699890136719,330.510009765625,332.42999267578125,319.04205322265625,16849800,0.0,0.0
2021-11-12,333.9200134277344,337.2300109863281,333.7900085449219,336.7200012207031,323.1593322753906,23831000,0.0,0.0
2021-11-15,337.5400085449219,337.8800048828125,334.0299987792969,336.07000732421875,322.5355224609375,16723000,0.0,0.0
2021-11-16,335.67999267578125,340.6700134277344,335.510009765625,339.510009765625,325.8370056152344,20886800,0.0,0.0
2021-11-17,338.94000244140625,342.19000244140625,338.0,339.1199951171875,326.0581359863281,19053400,0.62,0.0
2021-11-18,338.17999267578125,342.45001220703125,337.1199951171875,341.2699890136719,328.1252746582031,22463500,0.0,0.0
2021-11-19,342.6400146484375,345.1000061035156,342.20001220703125,343.1099853515625,329.8945007324219,21963400,0.0,0.0
2021-11-22,344.6199951171875,349.6700134277344,339.54998779296875,339.8299865722656,326.74078369140625,31031100,0.0,0.0
2021-11-23,337.04998779296875,339.45001220703125,333.55999755859375,337.67999267578125,324.673583984375,30427600,0.0,0.0
2021-11-24,336.2799987792969,338.1600036621094,333.9100036621094,337.9100036621094,324.89471435546875,21661300,0.0,0.0
2021-11-26,334.3500061035156,337.92999267578125,328.1199951171875,329.67999267578125,316.9818115234375,24217200,0.0,0.0
2021-11-29,334.94000244140625,339.0299987792969,334.739990234375,336.6300048828125,323.66412353515625,28563500,0.0,0.0
2021-11-30,335.32000732421875,337.7799987792969,328.989990234375,330.5899963378906,317.8567199707031,42885600,0.0,0.0
2021-12-01,335.1300048828125,339.2799987792969,329.3900146484375,330.0799865722656,317.3662414550781,33337600,0.0,0.0
2021-12-02,330.29998779296875,333.489990234375,327.79998779296875,329.489990234375,316.7991027832031,30766000,0.0,0.0
2021-12-03,331.989990234375,332.70001220703125,318.0299987792969,323.010009765625,310.5686340332031,41779300,0.0,0.0
2021-12-06,323.95001220703125,327.45001220703125,319.2300109863281,326.19000244140625,313.6261901855469,30032600,0.0,0.0
2021-12-07,331.6400146484375,335.79998779296875,330.1000061035156,334.9200134277344,322.0199890136719,31021900,0.0,0.0
2021-12-08,335.30999755859375,335.5,330.79998779296875,334.9700012207031,322.0680236816406,24761000,0.0,0.0
2021-12-09,334.4100036621094,336.489990234375,332.1199951171875,333.1000061035156,320.27001953125,22214200,0.0,0.0
2021-12-10,334.9800109863281,343.0,334.7900085449219,342.5400085449219,329.34637451171875,38095700,0.0,0.0
2021-12-13,340.67999267578125,343.7900085449219,339.0799865722656,339.3999938964844,326.327392578125,28899400,0.0,0.0
2021-12-14,333.2200012207031,334.6400146484375,324.1099853515625,328.3399963378906,315.69329833984375,44438700,0.0,0.0
2021-12-15,328.6099853515625,335.19000244140625,324.5,334.6499938964844,321.76025390625,35381100,0.0,0.0
2021-12-16,335.7099914550781,336.760009765625,323.0199890136719,324.8999938964844,312.3858947753906,35034800,0.0,0.0
2021-12-17,320.8800048828125,324.9200134277344,317.25,323.79998779296875,311.3282165527344,47750300,0.0,0.0
2021-12-20,320.04998779296875,322.79998779296875,317.57000732421875,319.9100036621094,307.5880432128906,28326500,0.0,0.0
2021-12-21,323.2900085449219,327.7300109863281,319.79998779296875,327.2900085449219,314.68377685546875,24740600,0.0,0.0
2021-12-22,328.29998779296875,333.6099853515625,325.75,333.20001220703125,320.3661804199219,24831500,0.0,0.0
2021-12-23,332.75,336.3900146484375,332.7300109863281,334.69000244140625,321.7987976074219,19617800,0.0,0.0
2021-12-27,335.4599914550781,342.4800109863281,335.42999267578125,342.45001220703125,329.2598571777344,19947000,0.0,0.0
2021-12-28,343.1499938964844,343.80999755859375,340.32000732421875,341.25,328.10614013671875,15661500,0.0,0.0
2021-12-29,341.29998779296875,344.29998779296875,339.67999267578125,341.95001220703125,328.7791748046875,15042000,0.0,0.0
2021-12-30,341.9100036621094,343.1300048828125,338.82000732421875,339.32000732421875,326.25042724609375,15994500,0.0,0.0
2021-12-31,338.510009765625,339.3599853515625,335.8500061035156,336.32000732421875,323.3660583496094,18000800,0.0,0.0
2022-01-03,335.3500061035156,338.0,329.7799987792969,334.75,321.8564758300781,28865100,0.0,0.0
2022-01-04,334.8299865722656,335.20001220703125,326.1199951171875,329.010009765625,316.33758544921875,32674300,0.0,0.0
2022-01-05,325.8599853515625,326.07000732421875,315.9800109863281,316.3800048828125,304.19403076171875,40054300,0.0,0.0
2022-01-06,313.1499938964844,318.70001220703125,311.489990234375,313.8800048828125,301.7904052734375,39646100,0.0,0.0
2022-01-07,314.1499938964844,316.5,310.0899963378906,314.0400085449219,301.9441833496094,32720000,0.0,0.0
2022-01-10,309.489990234375,314.7200012207031,304.69000244140625,314.2699890136719,302.165283203125,44289500,0.0,0.0
2022-01-11,313.3800048828125,316.6099853515625,309.8900146484375,314.9800109863281,302.847900390625,29386800,0.0,0.0
2022-01-12,319.6700134277344,323.4100036621094,317.0799865722656,318.2699890136719,306.0112609863281,34372200,0.0,0.0
2022-01-13,320.4700012207031,320.8800048828125,304.0,304.79998779296875,293.05999755859375,45366000,0.0,0.0
2022-01-14,304.25,310.82000732421875,303.75,310.20001220703125,298.2521057128906,39846400,0.0,0.0
2022-01-18,304.07000732421875,309.79998779296875,301.739990234375,302.6499938964844,290.99285888671875,42333200,0.0,0.0
2022-01-19,306.2900085449219,313.9100036621094,302.70001220703125,303.3299865722656,291.6466369628906,45933900,0.0,0.0
2022-01-20,309.07000732421875,311.6499938964844,301.1400146484375,301.6000061035156,289.98333740234375,35380700,0.0,0.0
2022-01-21,302.69000244140625,304.1099853515625,295.6099853515625,296.0299987792969,284.6277770996094,57984400,0.0,0.0
2022-01-24,292.20001220703125,297.1099853515625,276.04998779296875,296.3699951171875,284.95465087890625,85731500,0.0,0.0
2022-01-25,291.5199890136719,294.989990234375,285.1700134277344,288.489990234375,277.3782958984375,72848600,0.0,0.0
2022-01-26,307.989990234375,308.5,293.0299987792969,296.7099914550781,285.2815856933594,90428900,0.0,0.0
2022-01-27,302.6600036621094,307.29998779296875,297.92999267578125,299.8399963378906,288.2910461425781,53481300,0.0,0.0
2022-01-28,300.2300109863281,308.4800109863281,294.45001220703125,308.260009765625,296.3867492675781,49743700,0.0,0.0
2022-01-31,308.95001220703125,312.3800048828125,306.3699951171875,310.9800109863281,299.0020446777344,46444500,0.0,0.0
2022-02-01,310.4100036621094,310.6300048828125,305.1300048828125,308.760009765625,296.8675537109375,40950400,0.0,0.0
2022-02-02,309.6300048828125,315.1199951171875,308.8800048828125,313.4599914550781,301.386474609375,36636000,0.0,0.0
2022-02-03,309.489990234375,311.2300109863281,299.9599914550781,301.25,289.646728515625,43730000,0.0,0.0
2022-02-04,300.2099914550781,308.79998779296875,299.9700012207031,305.94000244140625,294.1561279296875,35096500,0.0,0.0
2022-02-07,306.1700134277344,307.8399963378906,299.8999938964844,300.95001220703125,289.35833740234375,28533300,0.0,0.0
2022-02-08,301.25,305.55999755859375,299.95001220703125,304.55999755859375,292.8293151855469,32421200,0.0,0.0
2022-02-09,309.8699951171875,311.92999267578125,307.3900146484375,311.2099914550781,299.2231750488281,31284700,0.0,0.0
2022-02-10,304.0400085449219,309.1199951171875,300.70001220703125,302.3800048828125,290.73321533203125,45386200,0.0,0.0
2022-02-11,303.19000244140625,304.2900085449219,294.2200012207031,295.0400085449219,283.6759338378906,39175600,0.0,0.0
2022-02-14,293.7699890136719,296.760009765625,291.3500061035156,295.0,283.63751220703125,36359500,0.0,0.0
2022-02-15,300.010009765625,300.79998779296875,297.0199890136719,300.4700012207031,288.8968200683594,27058300,0.0,0.0
2022-02-16,298.3699951171875,300.8699951171875,293.67999267578125,299.5,288.55963134765625,29982100,0.62,0.0
2022-02-17,296.3599853515625,296.79998779296875,290.0,290.7300109863281,280.1099853515625,32461600,0.0,0.0
2022-02-18,293.04998779296875,293.8599853515625,286.30999755859375,287.92999267578125,277.4122314453125,34264000,0.0,0.0
2022-02-22,285.0,291.5400085449219,284.5,287.7200012207031,277.2099609375,41736100,0.0,0.0
2022-02-23,290.17999267578125,291.70001220703125,280.1000061035156,280.2699890136719,270.0320739746094,37811200,0.0,0.0
2022-02-24,272.510009765625,295.1600036621094,271.5199890136719,294.5899963378906,283.8289794921875,56989700,0.0,0.0
2022-02-25,295.1400146484375,297.6300048828125,291.6499938964844,297.30999755859375,286.44964599609375,32546700,0.0,0.0
2022-02-28,294.30999755859375,299.1400146484375,293.0,298.7900085449219,287.8755798339844,34627500,0.0,0.0
2022-03-01,296.3999938964844,299.9700012207031,292.1499938964844,294.95001220703125,284.1758728027344,31217800,0.0,0.0
2022-03-02,295.3599853515625,301.4700012207031,293.70001220703125,300.19000244140625,289.2244567871094,31873000,0.0,0.0
2022-03-03,302.8900146484375,303.1300048828125,294.04998779296875,295.9200134277344,285.1104431152344,27314500,0.0,0.0
2022-03-04,294.2900085449219,295.6600036621094,287.1700134277344,289.8599853515625,279.271728515625,32356500,0.0,0.0
2022-03-07,288.5299987792969,289.69000244140625,278.5299987792969,278.9100036621094,268.72174072265625,43157200,0.0,0.0
2022-03-08,277.79998779296875,283.9599914550781,270.0,275.8500061035156,265.77349853515625,48159500,0.0,0.0
2022-03-09,283.44000244140625,289.6000061035156,280.7799987792969,288.5,277.96136474609375,35204500,0.0,0.0
2022-03-10,283.0199890136719,286.6000061035156,280.5799865722656,285.5899963378906,275.15771484375,30628000,0.0,0.0
2022-03-11,287.9599914550781,289.510009765625,279.42999267578125,280.07000732421875,269.83935546875,27209300,0.0,0.0
2022-03-14,280.3399963378906,285.3999938964844,275.82000732421875,276.44000244140625,266.34197998046875,30660700,0.0,0.0
2022-03-15,280.3500061035156,287.82000732421875,278.7300109863281,287.1499938964844,276.66070556640625,34245100,0.0,0.0
2022-03-16,289.1099853515625,294.57000732421875,283.20001220703125,294.3900146484375,283.6362609863281,37826300,0.0,0.0
2022-03-17,293.2900085449219,295.6099853515625,289.3699951171875,295.2200012207031,284.4360046386719,30816600,0.0,0.0
2022-03-18,295.3699951171875,301.0,292.7300109863281,300.42999267578125,289.4555969238281,43390600,0.0,0.0
2022-03-21,298.8900146484375,300.1400146484375,294.8999938964844,299.1600036621094,288.2320251464844,28351200,0.0,0.0
2022-03-22,299.79998779296875,305.0,298.7699890136719,304.05999755859375,292.9530944824219,27599700,0.0,0.0
2022-03-23,300.510009765625,303.2300109863281,297.7200012207031,299.489990234375,288.5499572753906,25715400,0.0,0.0
2022-03-24,299.1400146484375,304.20001220703125,298.32000732421875,304.1000061035156,292.9915771484375,24484500,0.0,0.0
2022-03-25,305.2300109863281,305.5,299.2900085449219,303.67999267578125,292.5869140625,22566500,0.0,0.0
2022-03-28,304.3299865722656,310.79998779296875,304.3299865722656,310.70001220703125,299.3504333496094,29578200,0.0,0.0
2022-03-29,313.9100036621094,315.82000732421875,309.04998779296875,315.4100036621094,303.888427734375,30393400,0.0,0.0
2022-03-30,313.760009765625,315.95001220703125,311.5799865722656,313.8599853515625,302.39508056640625,28163600,0.0,0.0
2022-03-31,313.8999938964844,315.1400146484375,307.8900146484375,308.30999755859375,297.0477600097656,33422100,0.0,0.0
2022-04-01,309.3699951171875,310.1300048828125,305.5400085449219,309.4200134277344,298.1173095703125,27110500,0.0,0.0
2022-04-04,310.0899963378906,315.1099853515625,309.7099914550781,314.9700012207031,303.4645080566406,24289600,0.0,0.0
2022-04-05,313.2699890136719,314.8699951171875,309.8699951171875,310.8800048828125,299.5238952636719,23156700,0.0,0.0
2022-04-06,305.19000244140625,307.0,296.7099914550781,299.5,288.55963134765625,40110400,0.0,0.0
2022-04-07,296.6600036621094,303.6499938964844,296.3500061035156,301.3699951171875,290.361328125,31411200,0.0,0.0
2022-04-08,300.44000244140625,301.1199951171875,296.2799987792969,296.9700012207031,286.1219787597656,24361900,0.0,0.0
2022-04-11,291.7900085449219,292.6099853515625,285.0,285.260009765625,274.8397521972656,34569300,0.0,0.0
2022-04-12,289.239990234375,290.739990234375,280.489990234375,282.05999755859375,271.7566223144531,30966700,0.0,0.0
2022-04-13,282.7300109863281,288.5799865722656,281.29998779296875,287.6199951171875,277.1135559082031,21907200,0.0,0.0
2022-04-14,288.0899963378906,288.30999755859375,279.32000732421875,279.8299865722656,269.6081237792969,28221600,0.0,0.0
2022-04-18,278.9100036621094,282.4599914550781,278.3399963378906,280.5199890136719,270.2728576660156,20778000,0.0,0.0
2022-04-19,279.3800048828125,286.1700134277344,278.4100036621094,285.29998779296875,274.8783264160156,22297700,0.0,0.0
2022-04-20,289.3999938964844,289.70001220703125,285.3699951171875,286.3599853515625,275.89959716796875,22906700,0.0,0.0
2022-04-21,288.5799865722656,293.29998779296875,280.05999755859375,280.80999755859375,270.5523376464844,29454600,0.0,0.0
2022-04-22,281.67999267578125,283.20001220703125,273.3800048828125,274.0299987792969,264.02001953125,29405800,0.0,0.0
2022-04-25,273.2900085449219,281.1099853515625,270.7699890136719,280.7200012207031,270.465576171875,35678900,0.0,0.0
2022-04-26,277.5,278.3599853515625,270.0,270.2200012207031,260.34918212890625,46518400,0.0,0.0
2022-04-27,282.1000061035156,290.9700012207031,279.1600036621094,283.2200012207031,272.87432861328125,63477700,0.0,0.0
2022-04-28,285.19000244140625,290.9800109863281,281.4599914550781,289.6300048828125,279.0501403808594,33646600,0.0,0.0
2022-04-29,288.6099853515625,289.8800048828125,276.5,277.5199890136719,267.3824768066406,37073900,0.0,0.0
2022-05-02,277.7099914550781,284.94000244140625,276.2200012207031,284.4700012207031,274.0786437988281,35151100,0.0,0.0
2022-05-03,283.9599914550781,284.1300048828125,280.1499938964844,281.7799987792969,271.4869384765625,25978600,0.0,0.0
2022-05-04,282.5899963378906,290.8800048828125,276.7300109863281,289.9800109863281,279.3873291015625,33599300,0.0,0.0
2022-05-05,285.5400085449219,286.3500061035156,274.3399963378906,277.3500061035156,267.21868896484375,43260400,0.0,0.0
2022-05-06,274.80999755859375,279.25,271.2699890136719,274.7300109863281,264.6944580078125,37780300,0.0,0.0
2022-05-09,270.05999755859375,272.3599853515625,263.32000732421875,264.5799865722656,254.91522216796875,47726000,0.0,0.0
2022-05-10,271.69000244140625,273.75,265.07000732421875,269.5,259.655517578125,39336400,0.0,0.0
2022-05-11,265.67999267578125,271.3599853515625,259.29998779296875,260.54998779296875,251.03237915039062,48975900,0.0,0.0
2022-05-12,257.69000244140625,259.8800048828125,250.02000427246094,255.35000610351562,246.02236938476562,51033800,0.0,0.0
2022-05-13,257.3500061035156,263.0400085449219,255.35000610351562,261.1199951171875,251.58157348632812,34925100,0.0,0.0
2022-05-16,259.9599914550781,265.82000732421875,255.77999877929688,261.5,251.94766235351562,32550900,0.0,0.0
2022-05-17,266.1099853515625,268.3299865722656,262.4599914550781,266.82000732421875,257.07342529296875,28828800,0.0,0.0
2022-05-18,263.0,263.6000061035156,252.77000427246094,254.0800018310547,245.368896484375,31356000,0.62,0.0
2022-05-19,253.89999389648438,257.6700134277344,251.8800048828125,253.13999938964844,244.46116638183594,32692300,0.0,0.0
2022-05-20,257.239990234375,258.5400085449219,246.44000244140625,252.55999755859375,243.90103149414062,39199300,0.0,0.0
2022-05-23,255.49000549316406,261.5,253.42999267578125,260.6499938964844,251.71363830566406,33175400,0.0,0.0
2022-05-24,257.8900146484375,261.3299865722656,253.5,259.6199951171875,250.71897888183594,29043900,0.0,0.0
2022-05-25,258.1400146484375,264.5799865722656,257.1300048828125,262.5199890136719,253.5196075439453,28547900,0.0,0.0
2022-05-26,262.2699890136719,267.1099853515625,261.42999267578125,265.8999938964844,256.78369140625,25002100,0.0,0.0
2022-05-27,268.4800109863281,273.3399963378906,267.55999755859375,273.239990234375,263.87200927734375,26910800,0.0,0.0
2022-05-31,272.5299987792969,274.7699890136719,268.92999267578125,271.8699951171875,262.5489807128906,37827700,0.0,0.0
2022-06-01,275.20001220703125,277.69000244140625,270.0400085449219,272.4200134277344,263.0801086425781,25292200,0.0,0.0
2022-06-02,264.45001220703125,274.6499938964844,261.6000061035156,274.5799865722656,265.16607666015625,44008200,0.0,0.0
2022-06-03,270.30999755859375,273.45001220703125,268.4100036621094,270.0199890136719,260.762451171875,28059000,0.0,0.0
2022-06-06,272.05999755859375,274.17999267578125,267.2200012207031,268.75,259.5359802246094,22400300,0.0,0.0
2022-06-07,266.6400146484375,273.1300048828125,265.94000244140625,272.5,263.1574401855469,22860700,0.0,0.0
2022-06-08,271.7099914550781,273.0,269.6099853515625,270.4100036621094,261.1390686035156,17372300,0.0,0.0
2022-06-09,267.7799987792969,272.7099914550781,264.6300048828125,264.7900085449219,255.7117462158203,26439700,0.0,0.0
2022-06-10,260.5799865722656,260.5799865722656,252.52999877929688,252.99000549316406,244.31629943847656,31422800,0.0,0.0
2022-06-13,245.11000061035156,249.02000427246094,241.52999877929688,242.25999450683594,233.9541778564453,46135800,0.0,0.0
2022-06-14,243.86000061035156,245.74000549316406,241.50999450683594,244.49000549316406,236.1077117919922,28651500,0.0,0.0
2022-06-15,248.30999755859375,255.3000030517578,246.4199981689453,251.75999450683594,243.12847900390625,33111700,0.0,0.0
2022-06-16,245.97999572753906,247.4199981689453,243.02000427246094,244.97000122070312,236.57127380371094,33169200,0.0,0.0
2022-06-17,244.6999969482422,250.5,244.02999877929688,247.64999389648438,239.1593475341797,43084800,0.0,0.0
2022-06-21,250.25999450683594,254.75,249.50999450683594,253.74000549316406,245.04054260253906,29928300,0.0,0.0
2022-06-22,251.88999938964844,257.1700134277344,250.3699951171875,253.1300048828125,244.45147705078125,25939900,0.0,0.0
2022-06-23,255.57000732421875,259.3699951171875,253.6300048828125,258.8599853515625,249.98504638671875,25861400,0.0,0.0
2022-06-24,261.80999755859375,267.9800109863281,261.7200012207031,267.70001220703125,258.52197265625,33923200,0.0,0.0
2022-06-27,268.2099914550781,268.29998779296875,263.2799987792969,264.8900146484375,255.8082733154297,24615100,0.0,0.0
2022-06-28,263.9800109863281,266.9100036621094,256.32000732421875,256.4800109863281,247.68663024902344,27295500,0.0,0.0
2022-06-29,257.5899963378906,261.9700012207031,255.75999450683594,260.260009765625,251.3370361328125,20069800,0.0,0.0
2022-06-30,257.04998779296875,259.5299987792969,252.89999389648438,256.8299865722656,248.02464294433594,31730900,0.0,0.0
2022-07-01,256.3900146484375,259.7699890136719,254.61000061035156,259.5799865722656,250.6803436279297,22837700,0.0,0.0
2022-07-05,256.1600036621094,262.9800109863281,254.74000549316406,262.8500061035156,253.83819580078125,22941000,0.0,0.0
2022-07-06,263.75,267.989990234375,262.3999938964844,266.2099914550781,257.08306884765625,23824400,0.0,0.0
2022-07-07,265.1199951171875,269.05999755859375,265.0199890136719,268.3999938964844,259.19793701171875,20859900,0.0,0.0
2022-07-08,264.7900085449219,268.1000061035156,263.2900085449219,267.6600036621094,258.4833679199219,19658800,0.0,0.0
2022-07-11,265.6499938964844,266.5299987792969,262.17999267578125,264.510009765625,255.44140625,19455200,0.0,0.0
2022-07-12,265.8800048828125,265.94000244140625,252.0399932861328,253.6699981689453,244.97300720214844,35868500,0.0,0.0
2022-07-13,250.19000244140625,253.5500030517578,248.11000061035156,252.72000122070312,244.05555725097656,29497400,0.0,0.0
2022-07-14,250.57000732421875,255.13999938964844,245.94000244140625,254.0800018310547,245.368896484375,25102800,0.0,0.0
2022-07-15,255.72000122070312,260.3699951171875,254.77000427246094,256.7200012207031,247.91842651367188,29774100,0.0,0.0
2022-07-18,259.75,260.8399963378906,253.3000030517578,254.25,245.53309631347656,20975000,0.0,0.0
2022-07-19,257.5799865722656,259.7200012207031,253.67999267578125,259.5299987792969,250.6320343017578,25012600,0.0,0.0
2022-07-20,259.8999938964844,264.8699951171875,258.9100036621094,262.2699890136719,253.27809143066406,22788300,0.0,0.0
2022-07-21,259.7900085449219,264.8900146484375,257.0299987792969,264.8399963378906,255.7600555419922,22404700,0.0,0.0
2022-07-22,265.239990234375,265.3299865722656,259.07000732421875,260.3599853515625,251.43360900878906,21881300,0.0,0.0
2022-07-25,261.0,261.5,256.80999755859375,258.8299865722656,249.9560546875,21056000,0.0,0.0
2022-07-26,259.8599853515625,259.8800048828125,249.57000732421875,251.89999389648438,243.26365661621094,39348000,0.0,0.0
2022-07-27,261.1600036621094,270.04998779296875,258.8500061035156,268.739990234375,259.5262756347656,45994000,0.0,0.0
2022-07-28,269.75,277.8399963378906,267.8699951171875,276.4100036621094,266.93341064453125,33459300,0.0,0.0
2022-07-29,277.70001220703125,282.0,276.6300048828125,280.739990234375,271.1148986816406,32152800,0.0,0.0
2022-08-01,277.82000732421875,281.2799987792969,275.8399963378906,278.010009765625,268.4784851074219,21539600,0.0,0.0
2022-08-02,276.0,277.8900146484375,272.3800048828125,274.82000732421875,265.3978576660156,22754200,0.0,0.0
2022-08-03,276.760009765625,283.5,276.6099853515625,282.4700012207031,272.7855529785156,23518900,0.0,0.0
2022-08-04,281.79998779296875,283.79998779296875,280.1700134277344,283.6499938964844,273.9251708984375,18098700,0.0,0.0
2022-08-05,279.1499938964844,283.6499938964844,278.67999267578125,282.9100036621094,273.2104797363281,16774600,0.0,0.0
2022-08-08,284.04998779296875,285.9200134277344,279.32000732421875,280.32000732421875,270.7093200683594,18739200,0.0,0.0
2022-08-09,279.6400146484375,283.0799865722656,277.6099853515625,282.29998779296875,272.6214599609375,23405200,0.0,0.0
2022-08-10,288.1700134277344,289.80999755859375,286.94000244140625,289.1600036621094,279.2461853027344,24687800,0.0,0.0
2022-08-11,290.8500061035156,291.2099914550781,286.510009765625,287.0199890136719,277.1795349121094,20065900,0.0,0.0
2022-08-12,288.4800109863281,291.9100036621094,286.94000244140625,291.9100036621094,281.90191650390625,22619700,0.0,0.0
2022-08-15,291.0,294.17999267578125,290.1099853515625,293.4700012207031,283.408447265625,18085700,0.0,0.0
2022-08-16,291.989990234375,294.0400085449219,290.4200134277344,292.7099914550781,282.6744689941406,18102900,0.0,0.0
2022-08-17,289.739990234375,293.3500061035156,289.4700012207031,291.32000732421875,281.9292907714844,18253400,0.62,0.0
2022-08-18,290.19000244140625,291.9100036621094,289.0799865722656,290.1700134277344,280.8164367675781,17186200,0.0,0.0
2022-08-19,288.8999938964844,289.25,285.55999755859375,286.1499938964844,276.9259948730469,20570000,0.0,0.0
2022-08-22,282.0799865722656,282.4599914550781,277.2200012207031,277.75,268.7967529296875,25061100,0.0,0.0
2022-08-23,276.44000244140625,278.8599853515625,275.3999938964844,276.44000244140625,267.52899169921875,17527400,0.0,0.0
2022-08-24,275.4100036621094,277.2300109863281,275.1099853515625,275.7900085449219,266.8999938964844,18137000,0.0,0.0
2022-08-25,277.3299865722656,279.0199890136719,274.5199890136719,278.8500061035156,269.861328125,16583400,0.0,0.0
2022-08-26,279.0799865722656,280.3399963378906,267.9800109863281,268.0899963378906,259.4481201171875,27549300,0.0,0.0
2022-08-29,265.8500061035156,267.3999938964844,263.8500061035156,265.2300109863281,256.6802673339844,20338500,0.0,0.0
2022-08-30,266.6700134277344,267.04998779296875,260.6600036621094,262.9700012207031,254.49317932128906,22767100,0.0,0.0
2022-08-31,265.3900146484375,267.1099853515625,261.3299865722656,261.4700012207031,253.04150390625,24791800,0.0,0.0
2022-09-01,258.8699951171875,260.8900146484375,255.41000366210938,260.3999938964844,252.00596618652344,23263400,0.0,0.0
2022-09-02,261.70001220703125,264.739990234375,254.47000122070312,256.05999755859375,247.80592346191406,22855400,0.0,0.0
2022-09-06,256.20001220703125,257.8299865722656,251.94000244140625,253.25,245.08653259277344,21328200,0.0,0.0
2022-09-07,254.6999969482422,258.8299865722656,253.22000122070312,258.0899963378906,249.7704620361328,24126700,0.0,0.0
2022-09-08,257.510009765625,260.42999267578125,254.7899932861328,258.5199890136719,250.18663024902344,20319900,0.0,0.0
2022-09-09,260.5,265.2300109863281,260.2900085449219,264.4599914550781,255.93515014648438,22084700,0.0,0.0
2022-09-12,265.7799987792969,267.45001220703125,265.1600036621094,266.6499938964844,258.05450439453125,18747700,0.0,0.0
2022-09-13,258.8399963378906,260.3999938964844,251.58999633789062,251.99000549316406,243.86709594726562,33353300,0.0,0.0
2022-09-14,253.52999877929688,254.22999572753906,249.86000061035156,252.22000122070312,244.0897216796875,23913000,0.0,0.0
2022-09-15,249.77000427246094,251.39999389648438,244.02000427246094,245.3800048828125,237.47018432617188,31530900,0.0,0.0
2022-09-16,244.25999450683594,245.3000030517578,242.05999755859375,244.74000549316406,236.85084533691406,39791800,0.0,0.0
2022-09-19,242.47000122070312,245.13999938964844,240.85000610351562,244.52000427246094,236.63790893554688,26826900,0.0,0.0
2022-09-20,242.07000732421875,243.50999450683594,239.63999938964844,242.4499969482422,234.63462829589844,26660300,0.0,0.0
2022-09-21,244.27000427246094,247.66000366210938,238.89999389648438,238.9499969482422,231.24740600585938,28625600,0.0,0.0
2022-09-22,237.8699951171875,243.86000061035156,237.57000732421875,240.97999572753906,233.21200561523438,31061200,0.0,0.0
2022-09-23,239.5399932861328,241.1300048828125,235.1999969482422,237.9199981689453,230.2506561279297,34176000,0.0,0.0
2022-09-26,237.0500030517578,241.4499969482422,236.89999389648438,237.4499969482422,229.79579162597656,27694200,0.0,0.0
2022-09-27,239.97999572753906,241.8000030517578,234.5,236.41000366210938,228.78932189941406,27018700,0.0,0.0
2022-09-28,236.80999755859375,242.3300018310547,234.72999572753906,241.07000732421875,233.2991180419922,29029700,0.0,0.0
2022-09-29,238.88999938964844,239.9499969482422,234.41000366210938,237.5,229.8441619873047,27484200,0.0,0.0
2022-09-30,238.2899932861328,240.5399932861328,232.72999572753906,232.89999389648438,225.3924560546875,35694800,0.0,0.0
2022-10-03,235.41000366210938,241.61000061035156,234.66000366210938,240.74000549316406,232.97976684570312,28880400,0.0,0.0
2022-10-04,245.08999633789062,250.36000061035156,244.97999572753906,248.8800048828125,240.8573455810547,34888400,0.0,0.0
2022-10-05,245.99000549316406,250.5800018310547,244.10000610351562,249.1999969482422,241.16705322265625,20347100,0.0,0.0
2022-10-06,247.92999267578125,250.33999633789062,246.0800018310547,246.7899932861328,238.83468627929688,20239900,0.0,0.0
2022-10-07,240.89999389648438,241.32000732421875,233.1699981689453,234.24000549316406,226.68930053710938,37769600,0.0,0.0
2022-10-10,233.0500030517578,234.55999755859375,226.72999572753906,229.25,221.8601531982422,29743600,0.0,0.0
2022-10-11,227.6199951171875,229.05999755859375,224.11000061035156,225.41000366210938,218.1439208984375,30474000,0.0,0.0
2022-10-12,225.39999389648438,227.86000061035156,223.9600067138672,225.75,218.4729766845703,21903900,0.0,0.0
2022-10-13,219.85000610351562,236.10000610351562,219.1300048828125,234.24000549316406,226.68930053710938,42551800,0.0,0.0
2022-10-14,235.5399932861328,237.24000549316406,228.33999633789062,228.55999755859375,221.19236755371094,30198600,0.0,0.0
2022-10-17,235.82000732421875,238.9600067138672,235.13999938964844,237.52999877929688,229.8732147216797,28142300,0.0,0.0
2022-10-18,243.24000549316406,243.92999267578125,235.3699951171875,238.5,230.8119659423828,26329600,0.0,0.0
2022-10-19,237.0399932861328,239.61000061035156,234.2899932861328,236.47999572753906,228.85708618164062,19985700,0.0,0.0
2022-10-20,235.77000427246094,241.30999755859375,234.8699951171875,236.14999389648438,228.5377197265625,21811000,0.0,0.0
2022-10-21,234.74000549316406,243.0,234.5,242.1199951171875,234.31527709960938,26299700,0.0,0.0
2022-10-24,243.75999450683594,247.83999633789062,241.3000030517578,247.25,239.27992248535156,24911200,0.0,0.0
2022-10-25,247.25999450683594,251.0399932861328,245.8300018310547,250.66000366210938,242.57997131347656,34775500,0.0,0.0
2022-10-26,231.1699981689453,238.3000030517578,230.05999755859375,231.32000732421875,223.86341857910156,82543200,0.0,0.0
2022-10-27,231.0399932861328,233.69000244140625,225.77999877929688,226.75,219.44070434570312,40424600,0.0,0.0
2022-10-28,226.24000549316406,236.60000610351562,226.0500030517578,235.8699951171875,228.2667694091797,40647700,0.0,0.0
2022-10-31,233.75999450683594,234.9199981689453,231.14999389648438,232.1300048828125,224.6472930908203,28357300,0.0,0.0
2022-11-01,234.60000610351562,235.74000549316406,227.3300018310547,228.1699981689453,220.81492614746094,30592300,0.0,0.0
2022-11-02,229.4600067138672,231.3000030517578,220.0399932861328,220.10000610351562,213.0050811767578,38407000,0.0,0.0
2022-11-03,220.08999633789062,220.41000366210938,213.97999572753906,214.25,207.34365844726562,36633900,0.0,0.0
2022-11-04,217.5500030517578,221.58999633789062,213.42999267578125,221.38999938964844,214.25352478027344,36789100,0.0,0.0
2022-11-07,221.99000549316406,228.41000366210938,221.27999877929688,227.8699951171875,220.52462768554688,33498000,0.0,0.0
2022-11-08,228.6999969482422,231.64999389648438,225.83999633789062,228.8699951171875,221.49240112304688,28192500,0.0,0.0
2022-11-09,227.3699951171875,228.6300048828125,224.3300018310547,224.50999450683594,217.27291870117188,27852900,0.0,0.0
2022-11-10,235.42999267578125,243.3300018310547,235.0,242.97999572753906,235.14756774902344,46268000,0.0,0.0
2022-11-11,242.99000549316406,247.99000549316406,241.92999267578125,247.11000061035156,239.14442443847656,34620200,0.0,0.0
2022-11-14,241.99000549316406,243.91000366210938,239.2100067138672,241.5500030517578,233.7636260986328,31123300,0.0,0.0
2022-11-15,245.66000366210938,247.0,240.02999877929688,241.97000122070312,234.1700897216797,31390100,0.0,0.0
2022-11-16,242.7899932861328,243.8000030517578,240.4199981689453,241.72999572753906,234.5971221923828,24093300,0.68,0.0
2022-11-17,237.77999877929688,243.25,237.6300048828125,241.67999267578125,234.54855346679688,23123500,0.0,0.0
2022-11-18,243.50999450683594,243.74000549316406,239.02999877929688,241.22000122070312,234.1021728515625,27613500,0.0,0.0
2022-11-21,241.42999267578125,244.6699981689453,241.19000244140625,242.0500030517578,234.90769958496094,26394700,0.0,0.0
2022-11-22,243.58999633789062,245.30999755859375,240.7100067138672,245.02999877929688,237.79974365234375,19665700,0.0,0.0
2022-11-23,245.11000061035156,248.27999877929688,244.27000427246094,247.5800018310547,240.2744903564453,19508500,0.0,0.0
2022-11-25,247.30999755859375,248.6999969482422,246.72999572753906,247.49000549316406,240.1871795654297,9200800,0.0,0.0
2022-11-28,246.0800018310547,246.64999389648438,240.8000030517578,241.75999450683594,234.62625122070312,24778200,0.0,0.0
2022-11-29,241.39999389648438,242.7899932861328,238.2100067138672,240.3300018310547,233.2384490966797,17956300,0.0,0.0
2022-11-30,240.57000732421875,255.3300018310547,239.86000061035156,255.13999938964844,247.6114044189453,47594200,0.0,0.0
2022-12-01,253.8699951171875,256.1199951171875,250.9199981689453,254.69000244140625,247.17469787597656,26041500,0.0,0.0
2022-12-02,249.82000732421875,256.05999755859375,249.69000244140625,255.02000427246094,247.49497985839844,21528500,0.0,0.0
2022-12-05,252.00999450683594,253.82000732421875,248.05999755859375,250.1999969482422,242.81719970703125,23435300,0.0,0.0
2022-12-06,250.82000732421875,251.86000061035156,243.77999877929688,245.1199951171875,237.88705444335938,22463700,0.0,0.0
2022-12-07,244.8300018310547,246.16000366210938,242.2100067138672,244.3699951171875,237.1591796875,20481500,0.0,0.0
2022-12-08,244.83999633789062,248.74000549316406,243.05999755859375,247.39999389648438,240.09979248046875,22611800,0.0,0.0
2022-12-09,244.6999969482422,248.30999755859375,244.16000366210938,245.4199981689453,238.17825317382812,20609700,0.0,0.0
2022-12-12,247.4499969482422,252.5399932861328,247.1699981689453,252.50999450683594,245.0590362548828,30665100,0.0,0.0
2022-12-13,261.69000244140625,263.9200134277344,253.07000732421875,256.9200134277344,249.3388671875,42196900,0.0,0.0
2022-12-14,257.1300048828125,262.5899963378906,254.30999755859375,257.2200012207031,249.63002014160156,35410900,0.0,0.0
2022-12-15,253.72000122070312,254.1999969482422,247.33999633789062,249.00999450683594,241.6623077392578,35560400,0.0,0.0
2022-12-16,248.5500030517578,249.83999633789062,243.50999450683594,244.69000244140625,237.4697723388672,86102000,0.0,0.0
2022-12-19,244.86000061035156,245.2100067138672,238.7100067138672,240.4499969482422,233.35484313964844,29696400,0.0,0.0
2022-12-20,239.39999389648438,242.91000366210938,238.4199981689453,241.8000030517578,234.66505432128906,25150800,0.0,0.0
2022-12-21,241.69000244140625,245.6199951171875,240.11000061035156,244.42999267578125,237.21743774414062,23690600,0.0,0.0
2022-12-22,241.25999450683594,241.99000549316406,233.8699951171875,238.19000244140625,231.1615753173828,28651700,0.0,0.0
2022-12-23,236.11000061035156,238.8699951171875,233.94000244140625,238.72999572753906,231.68563842773438,21207000,0.0,0.0
2022-12-27,238.6999969482422,238.92999267578125,235.8300018310547,236.9600067138672,229.9678955078125,16688600,0.0,0.0
2022-12-28,236.88999938964844,239.72000122070312,234.1699981689453,234.52999877929688,227.6095733642578,17457100,0.0,0.0
2022-12-29,235.64999389648438,241.9199981689453,235.64999389648438,241.00999450683594,233.8983612060547,19770700,0.0,0.0
2022-12-30,238.2100067138672,239.9600067138672,236.66000366210938,239.82000732421875,232.7434844970703,21938500,0.0,0.0
2023-01-03,243.0800018310547,245.75,237.39999389648438,239.5800018310547,232.51052856445312,25740000,0.0,0.0
2023-01-04,232.27999877929688,232.8699951171875,225.9600067138672,229.10000610351562,222.3397979736328,50623400,0.0,0.0
2023-01-05,227.1999969482422,227.5500030517578,221.75999450683594,222.30999755859375,215.75018310546875,39585600,0.0,0.0
2023-01-06,223.0,225.75999450683594,219.35000610351562,224.92999267578125,218.2928466796875,43613600,0.0,0.0
2023-01-09,226.4499969482422,231.24000549316406,226.41000366210938,227.1199951171875,220.41824340820312,27369800,0.0,0.0
2023-01-10,227.75999450683594,231.30999755859375,227.3300018310547,228.85000610351562,222.09718322753906,27033900,0.0,0.0
2023-01-11,231.2899932861328,235.9499969482422,231.11000061035156,235.77000427246094,228.81300354003906,28669300,0.0,0.0
2023-01-12,235.25999450683594,239.89999389648438,233.55999755859375,238.50999450683594,231.47213745117188,27269500,0.0,0.0
2023-01-13,237.0,239.3699951171875,234.9199981689453,239.22999572753906,232.1708984375,21333300,0.0,0.0
2023-01-17,237.97000122070312,240.91000366210938,237.08999633789062,240.35000610351562,233.25782775878906,29831300,0.0,0.0
2023-01-18,241.57000732421875,242.3800048828125,235.52000427246094,235.80999755859375,228.851806640625,30028700,0.0,0.0
2023-01-19,233.77999877929688,235.52000427246094,230.67999267578125,231.92999267578125,225.08628845214844,28623000,0.0,0.0
2023-01-20,234.86000061035156,240.74000549316406,234.50999450683594,240.22000122070312,233.13169860839844,35389800,0.0,0.0
2023-01-23,241.10000610351562,245.1699981689453,239.64999389648438,242.5800018310547,235.42202758789062,31934000,0.0,0.0
2023-01-24,242.5,243.9499969482422,240.44000244140625,242.0399932861328,234.89796447753906,40234400,0.0,0.0
2023-01-25,234.47999572753906,243.3000030517578,230.89999389648438,240.61000061035156,233.5101776123047,66526600,0.0,0.0
2023-01-26,243.64999389648438,248.30999755859375,242.0,248.0,240.68211364746094,33454500,0.0,0.0
2023-01-27,248.99000549316406,249.8300018310547,246.8300018310547,248.16000366210938,240.83737182617188,26498900,0.0,0.0
2023-01-30,244.50999450683594,245.60000610351562,242.1999969482422,242.7100067138672,235.5482177734375,25867400,0.0,0.0
2023-01-31,243.4499969482422,247.9499969482422,242.9499969482422,247.80999755859375,240.4977264404297,26541100,0.0,0.0
2023-02-01,248.0,255.17999267578125,245.47000122070312,252.75,245.2919158935547,31259900,0.0,0.0
2023-02-02,258.82000732421875,264.69000244140625,257.25,264.6000061035156,256.7922668457031,39940400,0.0,0.0
2023-02-03,259.5400085449219,264.20001220703125,257.1000061035156,258.3500061035156,250.72669982910156,29077300,0.0,0.0
2023-02-06,257.44000244140625,258.29998779296875,254.77999877929688,256.7699890136719,249.193359375,22518000,0.0,0.0
2023-02-07,260.5299987792969,268.7699890136719,260.0799865722656,267.55999755859375,259.6649475097656,50841400,0.0,0.0
2023-02-08,273.20001220703125,276.760009765625,266.2099914550781,266.7300109863281,258.85943603515625,54686000,0.0,0.0
2023-02-09,273.79998779296875,273.9800109863281,262.79998779296875,263.6199951171875,255.84117126464844,42375100,0.0,0.0
2023-02-10,261.5299987792969,264.0899963378906,260.6600036621094,263.1000061035156,255.33653259277344,25818500,0.0,0.0
2023-02-13,267.6400146484375,274.6000061035156,267.1499938964844,271.32000732421875,263.31396484375,44630900,0.0,0.0
2023-02-14,272.6700134277344,274.9700012207031,269.2799987792969,272.1700134277344,264.13897705078125,37047900,0.0,0.0
2023-02-15,268.32000732421875,270.7300109863281,266.17999267578125,269.32000732421875,262.0276794433594,28922400,0.68,0.0
2023-02-16,264.0199890136719,266.739990234375,261.8999938964844,262.1499938964844,255.0517578125,29603600,0.0,0.0
2023-02-17,259.3900146484375,260.0899963378906,256.0,258.05999755859375,251.0725860595703,30000100,0.0,0.0
2023-02-21,254.47999572753906,255.49000549316406,251.58999633789062,252.6699981689453,245.8285369873047,28397400,0.0,0.0
2023-02-22,254.08999633789062,254.33999633789062,250.33999633789062,251.50999450683594,244.6999053955078,22491100,0.0,0.0
2023-02-23,255.55999755859375,256.8399963378906,250.47999572753906,254.77000427246094,247.8716583251953,29219100,0.0,0.0
2023-02-24,249.9600067138672,251.0,248.10000610351562,249.22000122070312,242.47190856933594,24990900,0.0,0.0
2023-02-27,252.4600067138672,252.82000732421875,249.38999938964844,250.16000366210938,243.38645935058594,21190000,0.0,0.0
2023-02-28,249.07000732421875,251.49000549316406,248.72999572753906,249.4199981689453,242.66648864746094,22491000,0.0,0.0
2023-03-01,250.75999450683594,250.92999267578125,245.7899932861328,246.27000427246094,239.60179138183594,27565300,0.0,0.0
2023-03-02,246.5500030517578,251.39999389648438,245.61000061035156,251.11000061035156,244.31072998046875,24808200,0.0,0.0
2023-03-03,252.19000244140625,255.6199951171875,251.38999938964844,255.2899932861328,248.37754821777344,30760100,0.0,0.0
2023-03-06,256.42999267578125,260.1199951171875,255.97999572753906,256.8699951171875,249.9147491455078,24109800,0.0,0.0
2023-03-07,256.29998779296875,257.69000244140625,253.38999938964844,254.14999389648438,247.26846313476562,21473200,0.0,0.0
2023-03-08,254.0399932861328,254.5399932861328,250.80999755859375,253.6999969482422,246.83058166503906,17340200,0.0,0.0
2023-03-09,255.82000732421875,259.55999755859375,251.5800018310547,252.32000732421875,245.48797607421875,26653400,0.0,0.0
2023-03-10,251.0800018310547,252.7899932861328,247.60000610351562,248.58999633789062,241.85891723632812,28333900,0.0,0.0
2023-03-13,247.39999389648438,257.9100036621094,245.72999572753906,253.9199981689453,247.04464721679688,33339700,0.0,0.0
2023-03-14,256.75,261.07000732421875,255.86000061035156,260.7900085449219,253.72865295410156,33620300,0.0,0.0
2023-03-15,259.9800109863281,266.4800109863281,259.2099914550781,265.44000244140625,258.2527160644531,46028000,0.0,0.0
2023-03-16,265.2099914550781,276.55999755859375,263.2799987792969,276.20001220703125,268.7213439941406,54768800,0.0,0.0
2023-03-17,278.260009765625,283.3299865722656,276.32000732421875,279.42999267578125,271.8639221191406,69527400,0.0,0.0
2023-03-20,276.9800109863281,277.4800109863281,269.8500061035156,272.2300109863281,264.85888671875,43466600,0.0,0.0
2023-03-21,274.8800048828125,275.0,269.5199890136719,273.7799987792969,266.3668518066406,34558700,0.0,0.0
2023-03-22,273.3999938964844,281.0400085449219,272.17999267578125,272.2900085449219,264.917236328125,34873300,0.0,0.0
2023-03-23,277.94000244140625,281.05999755859375,275.20001220703125,277.6600036621094,270.141845703125,36610900,0.0,0.0
2023-03-24,277.239990234375,280.6300048828125,275.2799987792969,280.57000732421875,272.9730529785156,28172000,0.0,0.0
2023-03-27,280.5,281.4599914550781,275.5199890136719,276.3800048828125,268.8965148925781,26840200,0.0,0.0
2023-03-28,275.7900085449219,276.1400146484375,272.04998779296875,275.2300109863281,267.7776184082031,21878600,0.0,0.0
2023-03-29,278.9599914550781,281.1400146484375,278.4100036621094,280.510009765625,272.9147033691406,25087000,0.0,0.0
2023-03-30,284.2300109863281,284.4599914550781,281.4800109863281,284.04998779296875,276.3588562011719,25053400,0.0,0.0
2023-03-31,283.7300109863281,289.2699890136719,283.0,288.29998779296875,280.49371337890625,32766000,0.0,0.0
2023-04-03,286.5199890136719,288.2699890136719,283.95001220703125,287.2300109863281,279.45269775390625,24883300,0.0,0.0
2023-04-04,287.2300109863281,290.45001220703125,285.6700134277344,287.17999267578125,279.4040832519531,25824300,0.0,0.0
2023-04-05,285.8500061035156,287.1499938964844,282.9200134277344,284.3399963378906,276.64093017578125,22064800,0.0,0.0
2023-04-06,283.2099914550781,292.0799865722656,282.0299987792969,291.6000061035156,283.70440673828125,29770300,0.0,0.0
2023-04-10,289.2099914550781,289.6000061035156,284.7099914550781,289.3900146484375,281.5542297363281,23103000,0.0,0.0
2023-04-11,285.75,285.9800109863281,281.6400146484375,282.8299865722656,275.17181396484375,27276600,0.0,0.0
2023-04-12,284.7900085449219,287.010009765625,281.9599914550781,283.489990234375,275.81396484375,27403400,0.0,0.0
2023-04-13,283.5899963378906,289.8999938964844,283.1700134277344,289.8399963378906,281.9920349121094,24222700,0.0,0.0
2023-04-14,287.0,288.4800109863281,283.69000244140625,286.1400146484375,278.3922119140625,20987900,0.0,0.0
2023-04-17,289.92999267578125,291.6000061035156,286.1600036621094,288.79998779296875,280.98016357421875,23836200,0.0,0.0
2023-04-18,291.57000732421875,291.760009765625,287.010009765625,288.3699951171875,280.56182861328125,20161800,0.0,0.0
2023-04-19,285.989990234375,289.04998779296875,284.5400085449219,288.45001220703125,280.6396789550781,17150300,0.0,0.0
2023-04-20,285.25,289.0299987792969,285.0799865722656,286.1099853515625,278.36297607421875,23244400,0.0,0.0
2023-04-21,285.010009765625,286.2699890136719,283.05999755859375,285.760009765625,278.0225524902344,21676400,0.0,0.0
2023-04-24,282.0899963378906,284.95001220703125,278.7200012207031,281.7699890136719,274.1405334472656,26611000,0.0,0.0
2023-04-25,279.510009765625,281.6000061035156,275.3699951171875,275.4200134277344,267.9624328613281,45772200,0.0,0.0
2023-04-26,296.70001220703125,299.57000732421875,292.7300109863281,295.3699951171875,287.3722839355469,64599200,0.0,0.0
2023-04-27,295.9700012207031,305.20001220703125,295.25,304.8299865722656,296.5761413574219,46462600,0.0,0.0
2023-04-28,304.010009765625,308.92999267578125,303.30999755859375,307.260009765625,298.94036865234375,36469600,0.0,0.0
2023-05-01,306.9700012207031,308.6000061035156,305.1499938964844,305.55999755859375,297.286376953125,21294100,0.0,0.0
2023-05-02,307.760009765625,309.17999267578125,303.9100036621094,305.4100036621094,297.1405029296875,26404400,0.0,0.0
2023-05-03,306.6199951171875,308.6099853515625,304.0899963378906,304.3999938964844,296.1578369140625,22360800,0.0,0.0
2023-05-04,306.239990234375,307.760009765625,303.3999938964844,305.4100036621094,297.1405029296875,22519900,0.0,0.0
2023-05-05,305.7200012207031,311.9700012207031,304.2699890136719,310.6499938964844,302.2384948730469,28197100,0.0,0.0
2023-05-08,310.1300048828125,310.20001220703125,306.0899963378906,308.6499938964844,300.292724609375,21318600,0.0,0.0
2023-05-09,308.0,310.0400085449219,306.30999755859375,307.0,298.6874084472656,21340800,0.0,0.0
2023-05-10,308.6199951171875,313.0,307.6700134277344,312.30999755859375,303.8536376953125,30078000,0.0,0.0
2023-05-11,310.1000061035156,311.1199951171875,306.260009765625,310.1099853515625,301.713134765625,31680200,0.0,0.0
2023-05-12,310.54998779296875,310.6499938964844,306.6000061035156,308.9700012207031,300.60406494140625,19774700,0.0,0.0
2023-05-15,309.1000061035156,309.8999938964844,307.5899963378906,309.4599914550781,301.0807800292969,16336500,0.0,0.0
2023-05-16,309.8299865722656,313.7099914550781,309.8299865722656,311.739990234375,303.299072265625,26730300,0.0,0.0
2023-05-17,312.2900085449219,314.42999267578125,310.739990234375,314.0,306.1656799316406,24315000,0.68,0.0
2023-05-18,314.5299987792969,319.0400085449219,313.7200012207031,318.5199890136719,310.5728759765625,27276000,0.0,0.0
2023-05-19,316.739990234375,318.75,316.3699951171875,318.3399963378906,310.3974304199219,27546700,0.0,0.0
2023-05-22,318.6000061035156,322.5899963378906,318.010009765625,321.17999267578125,313.1665344238281,24115700,0.0,0.0
2023-05-23,320.0299987792969,322.7200012207031,315.25,315.260009765625,307.3942565917969,30797200,0.0,0.0
2023-05-24,314.7300109863281,316.5,312.6099853515625,313.8500061035156,306.0194396972656,23384900,0.0,0.0
2023-05-25,323.239990234375,326.8999938964844,320.0,325.9200134277344,317.7882995605469,43301700,0.0,0.0
2023-05-26,324.0199890136719,333.3999938964844,323.8800048828125,332.8900146484375,324.58441162109375,36630600,0.0,0.0
2023-05-30,335.2300109863281,335.739990234375,330.5199890136719,331.2099914550781,322.9462890625,29503100,0.0,0.0
2023-05-31,332.2900085449219,335.94000244140625,327.3299865722656,328.3900146484375,320.1966857910156,45950600,0.0,0.0
2023-06-01,325.92999267578125,333.5299987792969,324.7200012207031,332.5799865722656,324.2820739746094,26773900,0.0,0.0
2023-06-02,334.25,337.5,332.54998779296875,335.3999938964844,327.03173828125,25873800,0.0,0.0
2023-06-05,335.2200012207031,338.55999755859375,334.6600036621094,335.94000244140625,327.55828857421875,21307100,0.0,0.0
2023-06-06,335.3299865722656,335.3699951171875,332.1700134277344,333.67999267578125,325.35467529296875,20396200,0.0,0.0
2023-06-07,331.6499938964844,334.489990234375,322.5,323.3800048828125,315.3116455078125,40717100,0.0,0.0
2023-06-08,323.94000244140625,326.6400146484375,323.3500061035156,325.260009765625,317.1448059082031,23277700,0.0,0.0
2023-06-09,324.989990234375,329.989990234375,324.4100036621094,326.7900085449219,318.6365661621094,22529000,0.0,0.0
2023-06-12,328.5799865722656,332.1000061035156,325.1600036621094,331.8500061035156,323.5703430175781,24260300,0.0,0.0
2023-06-13,334.4700012207031,336.9800109863281,330.3900146484375,334.2900085449219,325.94952392578125,22951300,0.0,0.0
2023-06-14,334.3399963378906,339.0400085449219,332.80999755859375,337.3399963378906,328.9233703613281,26003800,0.0,0.0
2023-06-15,337.4800109863281,349.8399963378906,337.20001220703125,348.1000061035156,339.4149475097656,38899100,0.0,0.0
2023-06-16,351.32000732421875,351.4700012207031,341.95001220703125,342.3299865722656,333.788818359375,46552000,0.0,0.0
2023-06-20,339.30999755859375,342.0799865722656,335.8599853515625,338.04998779296875,329.6155700683594,26375400,0.0,0.0
2023-06-21,336.3699951171875,337.7300109863281,332.07000732421875,333.55999755859375,325.23773193359375,25117800,0.0,0.0
2023-06-22,334.1199951171875,340.1199951171875,333.3399963378906,339.7099914550781,331.2342224121094,23556800,0.0,0.0
2023-06-23,334.3599853515625,337.9599914550781,333.45001220703125,335.0199890136719,326.6612854003906,23146900,0.0,0.0
2023-06-26,333.7200012207031,336.1099853515625,328.489990234375,328.6000061035156,320.4014892578125,21520600,0.0,0.0
2023-06-27,331.8599853515625,336.1499938964844,329.29998779296875,334.57000732421875,326.22247314453125,24354100,0.0,0.0
2023-06-28,334.6600036621094,337.9800109863281,333.80999755859375,335.8500061035156,327.4705505371094,20259500,0.0,0.0
2023-06-29,334.7099914550781,336.1099853515625,332.6199951171875,335.04998779296875,326.69049072265625,16997000,0.0,0.0
2023-06-30,337.75,342.7300109863281,337.20001220703125,340.5400085449219,332.0435791015625,26832800,0.0,0.0
2023-07-03,339.19000244140625,340.8999938964844,336.57000732421875,337.989990234375,329.5571594238281,12508700,0.0,0.0
2023-07-05,335.0899963378906,341.6499938964844,334.7300109863281,338.1499938964844,329.71319580078125,18172400,0.0,0.0
2023-07-06,337.29998779296875,342.989990234375,335.5,341.2699890136719,332.7553405761719,28161200,0.0,0.0
2023-07-07,339.32000732421875,341.7900085449219,337.0,337.2200012207031,328.8063049316406,21214800,0.0,0.0
2023-07-10,334.6000061035156,335.2300109863281,327.5899963378906,331.8299865722656,323.5508117675781,32791400,0.0,0.0
2023-07-11,331.05999755859375,332.8599853515625,327.0,332.4700012207031,324.1749572753906,26698200,0.0,0.0
2023-07-12,336.6000061035156,341.6499938964844,335.6700134277344,337.20001220703125,328.7868347167969,29995300,0.0,0.0
2023-07-13,339.55999755859375,343.739990234375,339.0199890136719,342.6600036621094,334.1106262207031,20567200,0.0,0.0
2023-07-14,347.5899963378906,351.42999267578125,344.30999755859375,345.239990234375,336.626220703125,28352700,0.0,0.0
2023-07-17,345.67999267578125,346.989990234375,342.20001220703125,345.7300109863281,337.10406494140625,20363900,0.0,0.0
2023-07-18,345.8299865722656,366.7799987792969,342.1700134277344,359.489990234375,350.52069091796875,64738600,0.0,0.0
2023-07-19,361.75,362.4599914550781,352.44000244140625,355.0799865722656,346.2207946777344,39732900,0.0,0.0
2023-07-20,353.57000732421875,357.9700012207031,345.3699951171875,346.8699951171875,338.2156066894531,33778400,0.0,0.0
2023-07-21,349.1499938964844,350.29998779296875,339.8299865722656,343.7699890136719,335.1929016113281,69405400,0.0,0.0
2023-07-24,345.8500061035156,346.9200134277344,342.30999755859375,345.1099853515625,336.4994812011719,26678100,0.0,0.0
2023-07-25,347.1099853515625,351.8900146484375,345.07000732421875,350.9800109863281,342.2231140136719,41637700,0.0,0.0
2023-07-26,341.44000244140625,344.6700134277344,333.1099853515625,337.7699890136719,329.3426208496094,58383700,0.0,0.0
2023-07-27,340.4800109863281,341.3299865722656,329.04998779296875,330.7200012207031,322.4685363769531,39635300,0.0,0.0
2023-07-28,333.6700134277344,340.010009765625,333.1700134277344,338.3699951171875,329.9276428222656,28484900,0.0,0.0
2023-07-31,336.9200134277344,337.70001220703125,333.3599853515625,335.9200134277344,327.5388488769531,25446000,0.0,0.0
2023-08-01,335.19000244140625,338.5400085449219,333.70001220703125,336.3399963378906,327.9482727050781,18311900,0.0,0.0
2023-08-02,333.6300048828125,333.6300048828125,326.3599853515625,327.5,319.328857421875,27761300,0.0,0.0
2023-08-03,326.0,329.8800048828125,325.95001220703125,326.6600036621094,318.5098571777344,18253700,0.0,0.0
2023-08-04,331.8800048828125,335.1400146484375,327.239990234375,327.7799987792969,319.6018981933594,23741500,0.0,0.0
2023-08-07,328.3699951171875,331.1099853515625,327.5199890136719,330.1099853515625,321.873779296875,17741500,0.0,0.0
2023-08-08,326.9599914550781,328.75,323.0,326.04998779296875,317.9150695800781,22327600,0.0,0.0
2023-08-09,326.4700012207031,327.1099853515625,321.04998779296875,322.2300109863281,314.1903381347656,22373300,0.0,0.0
2023-08-10,326.0199890136719,328.260009765625,321.17999267578125,322.92999267578125,314.8729248046875,20113700,0.0,0.0
2023-08-11,320.260009765625,322.4100036621094,319.2099914550781,321.010009765625,313.0008239746094,24355500,0.0,0.0
2023-08-14,321.3900146484375,324.05999755859375,320.0799865722656,324.0400085449219,315.9552307128906,18836100,0.0,0.0
2023-08-15,323.0,325.0899963378906,320.8999938964844,321.8599853515625,313.8295593261719,16966300,0.0,0.0
2023-08-16,320.79998779296875,324.4200134277344,319.79998779296875,320.3999938964844,313.0674743652344,20698900,0.68,0.0
2023-08-17,320.5400085449219,321.8699951171875,316.2099914550781,316.8800048828125,309.62799072265625,21257200,0.0,0.0
2023-08-18,314.489990234375,318.3800048828125,311.54998779296875,316.4800109863281,309.23712158203125,24755000,0.0,0.0
2023-08-21,317.92999267578125,322.7699890136719,317.0400085449219,321.8800048828125,314.5135192871094,24040000,0.0,0.0
2023-08-22,325.5,326.0799865722656,321.4599914550781,322.4599914550781,315.0802917480469,16084600,0.0,0.0
2023-08-23,323.82000732421875,329.20001220703125,323.4599914550781,327.0,319.51641845703125,21166400,0.0,0.0
2023-08-24,332.8500061035156,332.9800109863281,319.9599914550781,319.9700012207031,312.64727783203125,23281400,0.0,0.0
2023-08-25,321.4700012207031,325.3599853515625,318.79998779296875,322.9800109863281,315.5884704589844,21684100,0.0,0.0
2023-08-28,325.6600036621094,326.1499938964844,321.7200012207031,323.70001220703125,316.29193115234375,14808500,0.0,0.0
2023-08-29,321.8800048828125,328.9800109863281,321.8800048828125,328.4100036621094,320.8941345214844,19284600,0.0,0.0
2023-08-30,328.6700134277344,329.80999755859375,326.45001220703125,328.7900085449219,321.26544189453125,15222100,0.0,0.0
2023-08-31,329.20001220703125,330.9100036621094,326.7799987792969,327.760009765625,320.259033203125,26411000,0.0,0.0
2023-09-01,331.30999755859375,331.989990234375,326.7799987792969,328.6600036621094,321.13836669921875,14942000,0.0,0.0
2023-09-05,329.0,334.8500061035156,328.6600036621094,333.54998779296875,325.91650390625,18553900,0.0,0.0
2023-09-06,333.3800048828125,334.4599914550781,330.17999267578125,332.8800048828125,325.2618713378906,17535800,0.0,0.0
2023-09-07,331.2900085449219,333.0799865722656,329.0299987792969,329.9100036621094,322.3598327636719,18381000,0.0,0.0
2023-09-08,330.0899963378906,336.1600036621094,329.4599914550781,334.2699890136719,326.6200256347656,19530100,0.0,0.0
2023-09-11,337.239990234375,338.4200134277344,335.42999267578125,337.94000244140625,330.2060852050781,16583300,0.0,0.0
2023-09-12,335.82000732421875,336.7900085449219,331.4800109863281,331.7699890136719,324.1772766113281,17565500,0.0,0.0
2023-09-13,331.30999755859375,336.8500061035156,331.1700134277344,336.05999755859375,328.3690490722656,16544400,0.0,0.0
2023-09-14,339.1499938964844,340.8599853515625,336.57000732421875,338.70001220703125,330.94866943359375,20267000,0.0,0.0
2023-09-15,336.9200134277344,337.3999938964844,329.6499938964844,330.2200012207031,322.6627502441406,37679800,0.0,0.0
2023-09-18,327.79998779296875,330.3999938964844,326.3599853515625,329.05999755859375,321.529296875,16834200,0.0,0.0
2023-09-19,326.1700134277344,329.3900146484375,324.510009765625,328.6499938964844,321.128662109375,16505900,0.0,0.0
2023-09-20,329.510009765625,329.5899963378906,320.510009765625,320.7699890136719,313.4289855957031,21436500,0.0,0.0
2023-09-21,319.260009765625,325.3500061035156,315.0,319.5299987792969,312.21734619140625,35560400,0.0,0.0
2023-09-22,321.32000732421875,321.45001220703125,316.1499938964844,317.010009765625,309.7550048828125,21447900,0.0,0.0
2023-09-25,316.5899963378906,317.6700134277344,315.0,317.5400085449219,310.27288818359375,17836000,0.0,0.0
2023-09-26,315.1300048828125,315.8800048828125,310.0199890136719,312.1400146484375,304.9964599609375,26297600,0.0,0.0
2023-09-27,312.29998779296875,314.29998779296875,309.69000244140625,312.7900085449219,305.631591796875,19410100,0.0,0.0
2023-09-28,310.989990234375,315.4800109863281,309.45001220703125,313.6400146484375,306.4621887207031,19683600,0.0,0.0
2023-09-29,317.75,319.4700012207031,314.9800109863281,315.75,308.5238342285156,24147300,0.0,0.0
2023-10-02,316.2799987792969,321.8900146484375,315.17999267578125,321.79998779296875,314.4354248046875,20570000,0.0,0.0
2023-10-03,320.8299865722656,321.3900146484375,311.2099914550781,313.3900146484375,306.2178039550781,21033500,0.0,0.0
2023-10-04,314.0299987792969,320.0400085449219,314.0,318.9599914550781,311.6604309082031,20720100,0.0,0.0
2023-10-05,319.0899963378906,319.9800109863281,314.8999938964844,319.3599853515625,312.05126953125,16965600,0.0,0.0
2023-10-06,316.54998779296875,329.19000244140625,316.29998779296875,327.260009765625,319.7704772949219,25673600,0.0,0.0
2023-10-09,324.75,330.29998779296875,323.17999267578125,329.82000732421875,322.27191162109375,19891200,0.0,0.0
2023-10-10,330.9599914550781,331.1000061035156,327.6700134277344,328.3900146484375,320.8746032714844,20557100,0.0,0.0
2023-10-11,331.2099914550781,332.82000732421875,329.1400146484375,332.4200134277344,324.81243896484375,20063200,0.0,0.0
2023-10-12,330.57000732421875,333.6300048828125,328.7200012207031,331.1600036621094,323.5812072753906,19313100,0.0,0.0
2023-10-13,332.3800048828125,333.8299865722656,326.3599853515625,327.7300109863281,320.22967529296875,21072400,0.0,0.0
2023-10-16,331.04998779296875,336.1400146484375,330.6000061035156,332.6400146484375,325.0273132324219,22158000,0.0,0.0
2023-10-17,329.5899963378906,333.4599914550781,327.4100036621094,332.05999755859375,324.4606018066406,18338500,0.0,0.0
2023-10-18,332.489990234375,335.5899963378906,328.29998779296875,330.1099853515625,322.55523681640625,23153600,0.0,0.0
2023-10-19,332.1499938964844,336.8800048828125,330.9100036621094,331.32000732421875,323.7375793457031,25052100,0.0,0.0
2023-10-20,331.7200012207031,331.9200134277344,325.45001220703125,326.6700134277344,319.1940002441406,25027700,0.0,0.0
2023-10-23,325.4700012207031,332.7300109863281,324.3900146484375,329.32000732421875,321.7833251953125,24374700,0.0,0.0
2023-10-24,331.29998779296875,331.8399963378906,327.6000061035156,330.5299987792969,322.9656677246094,31153600,0.0,0.0
2023-10-25,345.0199890136719,346.20001220703125,337.6199951171875,340.6700134277344,332.8736267089844,55053800,0.0,0.0
2023-10-26,340.5400085449219,341.6300048828125,326.94000244140625,327.8900146484375,320.38604736328125,37828500,0.0,0.0
2023-10-27,330.42999267578125,336.7200012207031,328.3999938964844,329.80999755859375,322.2620544433594,29856500,0.0,0.0
2023-10-30,333.4100036621094,339.45001220703125,331.8299865722656,337.30999755859375,329.5904541015625,22828100,0.0,0.0
2023-10-31,338.8500061035156,339.0,334.69000244140625,338.1099853515625,330.37213134765625,20265300,0.0,0.0
2023-11-01,339.7900085449219,347.4200134277344,339.6499938964844,346.07000732421875,338.1499938964844,28158800,0.0,0.0
2023-11-02,347.239990234375,348.8299865722656,344.7699890136719,348.32000732421875,340.3485107421875,24348100,0.0,0.0
2023-11-03,349.6300048828125,354.3900146484375,347.3299865722656,352.79998779296875,344.7259826660156,23637700,0.0,0.0
2023-11-06,353.45001220703125,357.5400085449219,353.3500061035156,356.5299987792969,348.37060546875,23828300,0.0,0.0
2023-11-07,359.3999938964844,362.4599914550781,357.6300048828125,360.5299987792969,352.279052734375,25833900,0.0,0.0
2023-11-08,361.67999267578125,363.8699951171875,360.54998779296875,363.20001220703125,354.8879699707031,26767800,0.0,0.0
2023-11-09,362.29998779296875,364.7900085449219,360.3599853515625,360.69000244140625,352.4353942871094,24847300,0.0,0.0
2023-11-10,361.489990234375,370.1000061035156,361.07000732421875,369.6700134277344,361.2098693847656,28042100,0.0,0.0
2023-11-13,368.2200012207031,368.4700012207031,365.8999938964844,366.67999267578125,358.28826904296875,19986500,0.0,0.0
2023-11-14,371.010009765625,371.95001220703125,367.3500061035156,370.2699890136719,361.7961120605469,27683900,0.0,0.0
2023-11-15,371.2799987792969,373.1300048828125,367.1099853515625,369.6700134277344,361.9429931640625,26860100,0.75,0.0
2023-11-16,370.9599914550781,376.3500061035156,370.17999267578125,376.1700134277344,368.3070983886719,27182300,0.0,0.0
2023-11-17,373.6099853515625,374.3699951171875,367.0,369.8500061035156,362.1192932128906,40157000,0.0,0.0
2023-11-20,371.2200012207031,378.8699951171875,371.0,377.44000244140625,369.5506286621094,52465100,0.0,0.0
2023-11-21,375.6700134277344,376.2200012207031,371.1199951171875,373.07000732421875,365.27197265625,28423100,0.0,0.0
2023-11-22,378.0,379.7900085449219,374.9700012207031,377.8500061035156,369.9520263671875,23345300,0.0,0.0
2023-11-24,377.3299865722656,377.9700012207031,375.1400146484375,377.42999267578125,369.5408020019531,10176600,0.0,0.0
2023-11-27,376.7799987792969,380.6400146484375,376.20001220703125,378.6099853515625,370.6961364746094,22179200,0.0,0.0
2023-11-28,378.3500061035156,383.0,378.1600036621094,382.70001220703125,374.7007141113281,20453100,0.0,0.0
2023-11-29,383.760009765625,384.29998779296875,377.44000244140625,378.8500061035156,370.93115234375,28963400,0.0,0.0
2023-11-30,378.489990234375,380.0899963378906,375.4700012207031,378.9100036621094,370.98980712890625,30554400,0.0,0.0
2023-12-01,376.760009765625,378.1600036621094,371.30999755859375,374.510009765625,366.6818542480469,33040500,0.0,0.0
2023-12-04,369.1000061035156,369.5199890136719,362.8999938964844,369.1400146484375,361.4241027832031,32063300,0.0,0.0
2023-12-05,366.45001220703125,373.0799865722656,365.6199951171875,372.5199890136719,364.7333984375,23065000,0.0,0.0
2023-12-06,373.5400085449219,374.17999267578125,368.0299987792969,368.79998779296875,361.0911560058594,21182100,0.0,0.0
2023-12-07,368.2300109863281,371.45001220703125,366.32000732421875,370.95001220703125,363.1962585449219,23118900,0.0,0.0
2023-12-08,369.20001220703125,374.4599914550781,368.2300109863281,374.2300109863281,366.40777587890625,20154400,0.0,0.0
2023-12-11,368.4800109863281,371.6000061035156,366.1000061035156,371.29998779296875,363.5389404296875,27708800,0.0,0.0
2023-12-12,370.8500061035156,374.4200134277344,370.4599914550781,374.3800048828125,366.5545654296875,24838300,0.0,0.0
2023-12-13,376.0199890136719,377.6400146484375,370.7699890136719,374.3699951171875,366.5447692871094,30955500,0.0,0.0
2023-12-14,373.30999755859375,373.760009765625,364.1300048828125,365.92999267578125,358.28118896484375,43277500,0.0,0.0
2023-12-15,366.8500061035156,372.3999938964844,366.2799987792969,370.7300109863281,362.9808654785156,78502300,0.0,0.0
2023-12-18,369.45001220703125,373.0,368.67999267578125,372.6499938964844,364.8607482910156,21802900,0.0,0.0
2023-12-19,371.489990234375,373.260009765625,369.8399963378906,373.260009765625,365.4579772949219,20603700,0.0,0.0
2023-12-20,375.0,376.0299987792969,370.5299987792969,370.6199951171875,362.8731689453125,26316700,0.0,0.0
2023-12-21,372.55999755859375,374.4100036621094,370.0400085449219,373.5400085449219,365.73211669921875,17708000,0.0,0.0
2023-12-22,373.67999267578125,375.17999267578125,372.7099914550781,374.5799865722656,366.7503662109375,17107500,0.0,0.0
2023-12-26,375.0,376.94000244140625,373.5,374.6600036621094,366.8287353515625,12673100,0.0,0.0
2023-12-27,373.69000244140625,375.05999755859375,372.80999755859375,374.07000732421875,366.25103759765625,14905400,0.0,0.0
2023-12-28,375.3699951171875,376.4599914550781,374.1600036621094,375.2799987792969,367.435791015625,14327000,0.0,0.0
2023-12-29,376.0,377.1600036621094,373.4800109863281,376.0400085449219,368.17987060546875,18730800,0.0,0.0
2024-01-02,373.8599853515625,375.8999938964844,366.7699890136719,370.8699951171875,363.1179504394531,25258600,0.0,0.0
2024-01-03,369.010009765625,373.260009765625,368.510009765625,370.6000061035156,362.8535461425781,23083500,0.0,0.0
2024-01-04,370.6700134277344,373.1000061035156,367.1700134277344,367.94000244140625,360.2491455078125,20901500,0.0,0.0
2024-01-05,368.9700012207031,372.05999755859375,366.5,367.75,360.0631408691406,21004600,0.0,0.0
2024-01-08,369.29998779296875,375.20001220703125,369.010009765625,374.69000244140625,366.8580627441406,23134000,0.0,0.0
2024-01-09,372.010009765625,375.989990234375,371.19000244140625,375.7900085449219,367.9350891113281,20830000,0.0,0.0
2024-01-10,376.3699951171875,384.1700134277344,376.32000732421875,382.7699890136719,374.76922607421875,25514200,0.0,0.0
2024-01-11,386.0,390.67999267578125,380.3800048828125,384.6300048828125,376.59027099609375,27850800,0.0,0.0
2024-01-12,385.489990234375,388.67999267578125,384.6499938964844,388.4700012207031,380.35003662109375,21661200,0.0,0.0
2024-01-16,393.6600036621094,394.0299987792969,387.6199951171875,390.2699890136719,382.1124267578125,27202300,0.0,0.0
2024-01-17,387.9800109863281,390.1099853515625,384.80999755859375,389.4700012207031,381.3291320800781,22234100,0.0,0.0
2024-01-18,391.7200012207031,393.989990234375,390.1199951171875,393.8699951171875,385.6371765136719,23392100,0.0,0.0
2024-01-19,395.760009765625,398.6700134277344,393.5,398.6700134277344,390.33685302734375,29331100,0.0,0.0
2024-01-22,400.0199890136719,400.6199951171875,393.5899963378906,396.510009765625,388.2220458984375,27016900,0.0,0.0
2024-01-23,395.75,399.3800048828125,393.92999267578125,398.8999938964844,390.5620422363281,20525900,0.0,0.0
2024-01-24,401.5400085449219,405.6300048828125,400.45001220703125,402.55999755859375,394.1455383300781,24867000,0.0,0.0
2024-01-25,404.32000732421875,407.010009765625,402.5299987792969,404.8699951171875,396.40728759765625,21021200,0.0,0.0
2024-01-26,404.3699951171875,406.1700134277344,402.42999267578125,403.92999267578125,395.48687744140625,17803300,0.0,0.0
2024-01-29,406.05999755859375,409.9800109863281,404.3299865722656,409.7200012207031,401.1558837890625,24510200,0.0,0.0
2024-01-30,412.260009765625,413.04998779296875,406.45001220703125,408.5899963378906,400.04949951171875,33477600,0.0,0.0
2024-01-31,406.9599914550781,415.32000732421875,397.2099914550781,397.5799865722656,389.26959228515625,47871100,0.0,0.0
2024-02-01,401.8299865722656,408.0,401.79998779296875,403.7799987792969,395.34002685546875,30657700,0.0,0.0
2024-02-02,403.80999755859375,412.6499938964844,403.55999755859375,411.2200012207031,402.62451171875,28256700,0.0,0.0
2024-02-05,409.8999938964844,411.1600036621094,403.989990234375,405.6499938964844,397.1709289550781,25352300,0.0,0.0
2024-02-06,405.8800048828125,407.9700012207031,402.9100036621094,405.489990234375,397.0142822265625,18382600,0.0,0.0
2024-02-07,407.44000244140625,414.29998779296875,407.3999938964844,414.04998779296875,405.39544677734375,22340500,0.0,0.0
2024-02-08,414.04998779296875,415.55999755859375,412.5299987792969,414.1099853515625,405.4540710449219,21225300,0.0,0.0
2024-02-09,415.25,420.82000732421875,415.0899963378906,420.54998779296875,411.759521484375,22032800,0.0,0.0
2024-02-12,420.55999755859375,420.739990234375,414.75,415.260009765625,406.5801086425781,21202900,0.0,0.0
2024-02-13,404.94000244140625,410.07000732421875,403.3900146484375,406.32000732421875,397.8269958496094,27824900,0.0,0.0
2024-02-14,408.07000732421875,409.8399963378906,404.57000732421875,409.489990234375,401.672119140625,20401200,0.75,0.0
2024-02-15,408.1400146484375,409.1300048828125,404.2900085449219,406.55999755859375,398.7980651855469,21825500,0.0,0.0
2024-02-16,407.9599914550781,408.2900085449219,403.44000244140625,404.05999755859375,396.3457336425781,22296500,0.0,0.0
2024-02-20,403.239990234375,404.489990234375,398.010009765625,402.7900085449219,395.10003662109375,24307900,0.0,0.0
2024-02-21,400.1700134277344,402.2900085449219,397.2200012207031,402.17999267578125,394.5016784667969,18518900,0.0,0.0
2024-02-22,410.19000244140625,412.8299865722656,408.57000732421875,411.6499938964844,403.7908630371094,27009900,0.0,0.0
2024-02-23,415.6700134277344,415.8599853515625,408.9700012207031,410.3399963378906,402.5058288574219,16295900,0.0,0.0
2024-02-26,411.4599914550781,412.1600036621094,407.3599853515625,407.5400085449219,399.7593688964844,16193500,0.0,0.0
2024-02-27,407.989990234375,408.32000732421875,403.8500061035156,407.4800109863281,399.700439453125,14835800,0.0,0.0
2024-02-28,408.17999267578125,409.29998779296875,405.32000732421875,407.7200012207031,399.9359130859375,13183100,0.0,0.0
2024-02-29,408.6400146484375,414.20001220703125,405.9200134277344,413.6400146484375,405.7428894042969,31947300,0.0,0.0
2024-03-01,411.2699890136719,415.8699951171875,410.8800048828125,415.5,407.5673828125,17823400,0.0,0.0
2024-03-04,413.44000244140625,417.3500061035156,412.32000732421875,414.9200134277344,406.99847412109375,17596000,0.0,0.0
2024-03-05,413.9599914550781,414.25,400.6400146484375,402.6499938964844,394.96270751953125,26919200,0.0,0.0
2024-03-06,402.9700012207031,405.1600036621094,398.3900146484375,402.0899963378906,394.4133605957031,22344100,0.0,0.0
2024-03-07,406.1199951171875,409.7799987792969,402.239990234375,409.1400146484375,401.3287658691406,18718500,0.0,0.0
2024-03-08,407.9599914550781,410.4200134277344,404.3299865722656,406.2200012207031,398.46453857421875,18002200,0.0,0.0
2024-03-11,403.760009765625,405.67999267578125,401.260009765625,404.5199890136719,396.7969970703125,16120800,0.0,0.0
2024-03-12,407.6199951171875,415.57000732421875,406.7900085449219,415.2799987792969,407.35150146484375,22457000,0.0,0.0
2024-03-13,418.1000061035156,418.17999267578125,411.45001220703125,415.1000061035156,407.1750183105469,17115900,0.0,0.0
2024-03-14,420.239990234375,427.82000732421875,417.989990234375,425.2200012207031,417.10174560546875,34157300,0.0,0.0
2024-03-15,419.2900085449219,422.6000061035156,412.7900085449219,416.4200134277344,408.4698486328125,45079900,0.0,0.0
2024-03-18,414.25,420.7300109863281,413.7799987792969,417.32000732421875,409.35260009765625,20106000,0.0,0.0
2024-03-19,417.8299865722656,421.6700134277344,415.54998779296875,421.4100036621094,413.36456298828125,19837900,0.0,0.0
2024-03-20,422.0,425.9599914550781,420.6600036621094,425.2300109863281,417.1116027832031,17860100,0.0,0.0
2024-03-21,429.8299865722656,430.82000732421875,427.1600036621094,429.3699951171875,421.172607421875,21296200,0.0,0.0
2024-03-22,429.70001220703125,429.8599853515625,426.07000732421875,428.739990234375,420.5545959472656,17648500,0.0,0.0
2024-03-25,425.239990234375,427.4100036621094,421.6099853515625,422.8599853515625,414.7868347167969,18060500,0.0,0.0
2024-03-26,425.6099853515625,425.989990234375,421.3500061035156,421.6499938964844,413.59991455078125,16725600,0.0,0.0
2024-03-27,424.44000244140625,424.45001220703125,419.010009765625,421.42999267578125,413.3841247558594,16705000,0.0,0.0
2024-03-28,420.9599914550781,421.8699951171875,419.1199951171875,420.7200012207031,412.6876525878906,21871200,0.0,0.0
2024-04-01,423.95001220703125,427.8900146484375,422.2200012207031,424.57000732421875,416.46417236328125,16316000,0.0,0.0
2024-04-02,420.1099853515625,422.3800048828125,417.8399963378906,421.44000244140625,413.39398193359375,17912000,0.0,0.0
2024-04-03,419.7300109863281,423.260009765625,419.0899963378906,420.45001220703125,412.42291259765625,16502300,0.0,0.0
2024-04-04,424.989990234375,428.6700134277344,417.57000732421875,417.8800048828125,409.9019775390625,19370900,0.0,0.0
2024-04-05,420.010009765625,426.510009765625,418.32000732421875,425.5199890136719,417.39605712890625,16554800,0.0,0.0
2024-04-08,425.1700134277344,427.2799987792969,423.29998779296875,424.5899963378906,416.4837951660156,14272400,0.0,0.0
2024-04-09,426.44000244140625,427.739990234375,421.6199951171875,426.2799987792969,418.1415710449219,12496900,0.0,0.0
2024-04-10,422.19000244140625,424.0299987792969,419.70001220703125,423.260009765625,415.1792297363281,16216600,0.0,0.0
2024-04-11,425.82000732421875,429.3699951171875,422.3599853515625,427.92999267578125,419.760009765625,17966400,0.0,0.0
2024-04-12,424.04998779296875,425.17999267578125,419.7699890136719,421.8999938964844,413.84515380859375,19253800,0.0,0.0
2024-04-15,426.6000061035156,426.82000732421875,413.42999267578125,413.6400146484375,405.7428894042969,20273500,0.0,0.0
2024-04-16,414.57000732421875,418.3999938964844,413.7300109863281,414.5799865722656,406.6649475097656,16765600,0.0,0.0
2024-04-17,417.25,418.8800048828125,410.3299865722656,411.8399963378906,403.9772644042969,15855500,0.0,0.0
2024-04-18,410.6300048828125,411.8900146484375,403.95001220703125,404.2699890136719,396.5517883300781,21029900,0.0,0.0
2024-04-19,404.0299987792969,405.4800109863281,397.7699890136719,399.1199951171875,391.5000305175781,30565800,0.0,0.0
2024-04-22,400.0799865722656,402.8500061035156,395.75,400.9599914550781,393.3049621582031,20286900,0.0,0.0
2024-04-23,404.239990234375,408.20001220703125,403.05999755859375,407.57000732421875,399.78875732421875,15734500,0.0,0.0
2024-04-24,409.55999755859375,412.4700012207031,406.7799987792969,409.05999755859375,401.2503356933594,15065300,0.0,0.0
2024-04-25,394.0299987792969,399.8900146484375,388.0299987792969,399.0400085449219,391.421630859375,40586500,0.0,0.0
2024-04-26,412.1700134277344,413.0,405.760009765625,406.32000732421875,398.5625915527344,29694700,0.0,0.0
2024-04-29,405.25,406.32000732421875,399.19000244140625,402.25,394.5703430175781,19582100,0.0,0.0
2024-04-30,401.489990234375,402.1600036621094,389.1700134277344,389.3299865722656,381.89697265625,28781400,0.0,0.0
2024-05-01,392.6099853515625,401.7200012207031,390.30999755859375,394.94000244140625,387.3998718261719,23562500,0.0,0.0
2024-05-02,397.6600036621094,399.92999267578125,394.6499938964844,397.8399963378906,390.2445068359375,17709400,0.0,0.0
2024-05-03,402.2799987792969,407.1499938964844,401.8599853515625,406.6600036621094,398.89617919921875,17446700,0.0,0.0
2024-05-06,408.760009765625,413.92999267578125,406.3699951171875,413.5400085449219,405.6448059082031,16996600,0.0,0.0
2024-05-07,414.6600036621094,414.6700134277344,409.0899963378906,409.3399963378906,401.5249328613281,20018200,0.0,0.0
2024-05-08,408.1700134277344,412.2300109863281,406.7099914550781,410.5400085449219,402.7020568847656,11792300,0.0,0.0
2024-05-09,410.57000732421875,412.7200012207031,409.1000061035156,412.32000732421875,404.4480895996094,14689700,0.0,0.0
2024-05-10,412.94000244140625,415.3800048828125,411.79998779296875,414.739990234375,406.82183837890625,13402300,0.0,0.0
2024-05-13,418.010009765625,418.3500061035156,410.82000732421875,413.7200012207031,405.8213195800781,15440200,0.0,0.0
2024-05-14,412.0199890136719,417.489990234375,411.54998779296875,416.55999755859375,408.60711669921875,15109300,0.0,0.0
2024-05-15,417.8999938964844,423.80999755859375,417.2699890136719,423.0799865722656,415.7511901855469,22239500,0.75,0.0
2024-05-16,421.79998779296875,425.4200134277344,420.3500061035156,420.989990234375,413.6973571777344,17530100,0.0,0.0
2024-05-17,422.5400085449219,422.9200134277344,418.0299987792969,420.2099914550781,412.930908203125,15352200,0.0,0.0
2024-05-20,420.2099914550781,426.7699890136719,419.989990234375,425.3399963378906,417.9720458984375,16272100,0.0,0.0
2024-05-21,426.8299865722656,432.9700012207031,424.8500061035156,429.0400085449219,421.60797119140625,21453300,0.0,0.0
2024-05-22,430.0899963378906,432.4100036621094,427.1300048828125,430.5199890136719,423.0622863769531,18073700,0.0,0.0
2024-05-23,432.9700012207031,433.6000061035156,425.4200134277344,427.0,419.6033020019531,17211700,0.0,0.0
2024-05-24,427.19000244140625,431.05999755859375,424.4100036621094,430.1600036621094,422.7085266113281,11855300,0.0,0.0
2024-05-28,429.6300048828125,430.82000732421875,426.6000061035156,430.32000732421875,422.86578369140625,15718000,0.0,0.0
2024-05-29,425.69000244140625,430.94000244140625,425.69000244140625,429.1700134277344,421.7357177734375,15517100,0.0,0.0
2024-05-30,424.29998779296875,424.29998779296875,414.239990234375,414.6700134277344,407.4869079589844,28394500,0.0,0.0
2024-05-31,416.75,416.75,404.510009765625,415.1300048828125,407.9389343261719,47995300,0.0,0.0
2024-06-03,415.5299987792969,416.42999267578125,408.9200134277344,413.5199890136719,406.35675048828125,17484700,0.0,0.0
2024-06-04,412.42999267578125,416.44000244140625,409.67999267578125,416.07000732421875,408.8626708984375,14348900,0.0,0.0
2024-06-05,417.80999755859375,424.0799865722656,416.29998779296875,424.010009765625,416.66510009765625,16988000,0.0,0.0
2024-06-06,424.010009765625,425.30999755859375,420.5799865722656,424.5199890136719,417.1662292480469,14861300,0.0,0.0
2024-06-07,426.20001220703125,426.2799987792969,423.0,423.8500061035156,416.5078430175781,13621700,0.0,0.0
2024-06-10,424.70001220703125,428.0799865722656,423.8900146484375,427.8699951171875,420.458251953125,13982900,0.0,0.0
2024-06-11,425.4800109863281,432.82000732421875,425.25,432.67999267578125,425.1849365234375,14551100,0.0,0.0
2024-06-12,435.32000732421875,443.3999938964844,433.25,441.05999755859375,433.4197692871094,22366200,0.0,0.0
2024-06-13,440.8500061035156,443.3900146484375,439.3699951171875,441.5799865722656,433.93072509765625,15960600,0.0,0.0
2024-06-14,438.2799987792969,443.1400146484375,436.7200012207031,442.57000732421875,434.90362548828125,13582000,0.0,0.0
2024-06-17,442.5899963378906,450.94000244140625,440.7200012207031,448.3699951171875,440.60308837890625,20790000,0.0,0.0
2024-06-18,449.7099914550781,450.1400146484375,444.8900146484375,446.3399963378906,438.6082763671875,17112500,0.0,0.0
2024-06-20,446.29998779296875,446.5299987792969,441.2699890136719,445.70001220703125,437.9794006347656,19877400,0.0,0.0
2024-06-21,447.3800048828125,450.5799865722656,446.510009765625,449.7799987792969,441.9886779785156,34187100,0.0,0.0
2024-06-24,449.79998779296875,452.75,446.4100036621094,447.6700134277344,439.915283203125,15913700,0.0,0.0
2024-06-25,448.25,451.4200134277344,446.75,450.95001220703125,443.138427734375,16413400,0.0,0.0
2024-06-26,449.0,453.6000061035156,448.19000244140625,452.1600036621094,444.32745361328125,16507000,0.0,0.0
2024-06-27,452.17999267578125,456.1700134277344,451.7699890136719,452.8500061035156,445.0054931640625,14806300,0.0,0.0
2024-06-28,453.07000732421875,455.3800048828125,446.4100036621094,446.95001220703125,439.2077331542969,28362300,0.0,0.0
2024-07-01,448.6600036621094,457.3699951171875,445.6600036621094,456.7300109863281,448.81829833984375,17662800,0.0,0.0
2024-07-02,453.20001220703125,459.5899963378906,453.1099853515625,459.2799987792969,451.3240966796875,13979800,0.0,0.0
2024-07-03,458.19000244140625,461.0199890136719,457.8800048828125,460.7699890136719,452.7882995605469,9932800,0.0,0.0
2024-07-05,459.6099853515625,468.3500061035156,458.9700012207031,467.55999755859375,459.460693359375,16000300,0.0,0.0
2024-07-08,466.54998779296875,467.70001220703125,464.4599914550781,466.239990234375,458.16351318359375,12962300,0.0,0.0
2024-07-09,467.0,467.3299865722656,458.0,459.5400085449219,451.57965087890625,17207200,0.0,0.0
2024-07-10,461.2200012207031,466.4599914550781,458.8599853515625,466.25,458.17340087890625,18196100,0.0,0.0
2024-07-11,462.9800109863281,464.7799987792969,451.54998779296875,454.70001220703125,446.823486328125,23111200,0.0,0.0
2024-07-12,454.3299865722656,456.3599853515625,450.6499938964844,453.54998779296875,445.6933898925781,16324300,0.0,0.0
2024-07-15,453.29998779296875,457.260009765625,451.42999267578125,453.9599914550781,446.09625244140625,14429400,0.0,0.0
2024-07-16,454.2200012207031,454.29998779296875,446.6600036621094,449.5199890136719,441.7331848144531,17175700,0.0,0.0
2024-07-17,442.5899963378906,444.8500061035156,439.17999267578125,443.5199890136719,435.8370666503906,21778000,0.0,0.0
2024-07-18,444.3399963378906,444.6499938964844,434.3999938964844,440.3699951171875,432.74169921875,20794800,0.0,0.0
2024-07-19,433.1000061035156,441.1400146484375,432.0,437.1099853515625,429.5381774902344,20940400,0.0,0.0
2024-07-22,441.7900085449219,444.6000061035156,438.9100036621094,442.94000244140625,435.2671813964844,15808800,0.0,0.0
2024-07-23,443.8999938964844,448.3900146484375,443.1000061035156,444.8500061035156,437.1440734863281,13107100,0.0,0.0
2024-07-24,440.45001220703125,441.4800109863281,427.5899963378906,428.8999938964844,421.4703674316406,26805800,0.0,0.0
2024-07-25,428.79998779296875,429.79998779296875,417.510009765625,418.3999938964844,411.1522521972656,29943800,0.0,0.0
2024-07-26,418.20001220703125,428.9200134277344,417.2699890136719,425.2699890136719,417.90325927734375,23583800,0.0,0.0
2024-07-29,431.5799865722656,432.1499938964844,424.70001220703125,426.7300109863281,419.3379821777344,15125800,0.0,0.0
2024-07-30,427.7200012207031,429.04998779296875,417.3599853515625,422.9200134277344,415.5939636230469,32687600,0.0,0.0
2024-07-31,420.5,421.7799987792969,412.2099914550781,418.3500061035156,411.1031799316406,42891400,0.0,0.0
2024-08-01,420.7900085449219,427.4599914550781,413.0899963378906,417.1099853515625,409.8846130371094,30296400,0.0,0.0
2024-08-02,412.489990234375,415.0,404.3399963378906,408.489990234375,401.4139099121094,29437900,0.0,0.0
2024-08-05,389.1700134277344,401.0400085449219,385.5799865722656,395.1499938964844,388.3050231933594,40709200,0.0,0.0
2024-08-06,400.0,405.6700134277344,398.5,399.6099853515625,392.6877136230469,24946500,0.0,0.0
2024-08-07,408.6400146484375,410.0799865722656,397.4700012207031,398.42999267578125,391.5282287597656,20650900,0.0,0.0
2024-08-08,402.44000244140625,405.8599853515625,399.94000244140625,402.69000244140625,395.7143859863281,20203000,0.0,0.0
2024-08-09,404.0299987792969,408.04998779296875,402.260009765625,406.0199890136719,398.9866638183594,19276700,0.0,0.0
2024-08-12,407.05999755859375,408.760009765625,404.239990234375,406.80999755859375,399.76300048828125,16762900,0.0,0.0
2024-08-13,409.5899963378906,414.95001220703125,409.57000732421875,414.010009765625,406.83831787109375,19414300,0.0,0.0
2024-08-14,414.79998779296875,417.7200012207031,412.45001220703125,416.8599853515625,409.638916015625,18267000,0.0,0.0
2024-08-15,419.79998779296875,421.1099853515625,417.6600036621094,421.0299987792969,414.4823913574219,20752100,0.75,0.0
2024-08-16,420.6000061035156,421.3399963378906,417.29998779296875,418.4700012207031,411.9622802734375,22775600,0.0,0.0
2024-08-19,418.9599914550781,421.75,416.4599914550781,421.5299987792969,414.9746398925781,15234000,0.0,0.0
2024-08-20,421.70001220703125,425.8599853515625,421.6400146484375,424.79998779296875,418.1938171386719,16387600,0.0,0.0
2024-08-21,424.0799865722656,426.3999938964844,421.7200012207031,424.1400146484375,417.54412841796875,16067300,0.0,0.0
2024-08-22,424.3599853515625,426.7900085449219,414.6099853515625,415.54998779296875,409.0876159667969,19361900,0.0,0.0
2024-08-23,416.9800109863281,419.260009765625,412.0899963378906,416.7900085449219,410.3083801269531,18493800,0.0,0.0
2024-08-26,416.3699951171875,417.2799987792969,411.3399963378906,413.489990234375,407.05963134765625,13152800,0.0,0.0
2024-08-27,412.8599853515625,414.3599853515625,410.25,413.8399963378906,407.40423583984375,13492900,0.0,0.0
2024-08-28,414.8800048828125,415.0,407.30999755859375,410.6000061035156,404.214599609375,14882700,0.0,0.0
2024-08-29,414.94000244140625,422.04998779296875,410.6000061035156,413.1199951171875,406.6954040527344,17045200,0.0,0.0
2024-08-30,415.6000061035156,417.489990234375,412.1300048828125,417.1400146484375,410.6529541015625,24308300,0.0,0.0
2024-09-03,417.9100036621094,419.8800048828125,407.0299987792969,409.44000244140625,403.07275390625,20313600,0.0,0.0
2024-09-04,405.9100036621094,411.239990234375,404.3699951171875,408.8999938964844,402.54107666015625,15135800,0.0,0.0
2024-09-05,407.6199951171875,413.1000061035156,406.1300048828125,408.3900146484375,402.03900146484375,14195500,0.0,0.0
2024-09-06,409.05999755859375,410.6499938964844,400.79998779296875,401.70001220703125,395.4530334472656,19609500,0.0,0.0
2024-09-09,407.239990234375,408.6499938964844,402.1499938964844,405.7200012207031,399.4105224609375,15295100,0.0,0.0
2024-09-10,408.20001220703125,416.3299865722656,407.70001220703125,414.20001220703125,407.7586364746094,19594300,0.0,0.0
2024-09-11,415.5,423.989990234375,409.5799865722656,423.0400085449219,416.461181640625,19266900,0.0,0.0
2024-09-12,423.30999755859375,427.3699951171875,419.75,427.0,420.3595886230469,17395700,0.0,0.0
2024-09-13,425.8299865722656,431.8299865722656,425.4599914550781,430.5899963378906,423.8936767578125,15874600,0.0,0.0
2024-09-16,430.6000061035156,433.5299987792969,428.2200012207031,431.3399963378906,424.632080078125,13834700,0.0,0.0
2024-09-17,440.2300109863281,441.8500061035156,432.2699890136719,435.1499938964844,428.3829040527344,18874200,0.0,0.0
2024-09-18,435.0,436.0299987792969,430.4100036621094,430.80999755859375,424.1103515625,18898000,0.0,0.0
2024-09-19,441.2300109863281,441.5,436.8999938964844,438.69000244140625,431.8678283691406,21706600,0.0,0.0
2024-09-20,437.2200012207031,439.239990234375,434.2200012207031,435.2699890136719,428.5009765625,55167100,0.0,0.0
2024-09-23,434.2799987792969,436.4599914550781,430.3900146484375,433.510009765625,426.76837158203125,15128900,0.0,0.0
2024-09-24,433.0,433.3500061035156,426.1000061035156,429.1700134277344,422.495849609375,17015800,0.0,0.0
2024-09-25,429.8299865722656,433.1199951171875,428.57000732421875,432.1099853515625,425.3901062011719,13396400,0.0,0.0
2024-09-26,435.0899963378906,435.29998779296875,429.1300048828125,431.30999755859375,424.6025695800781,14492000,0.0,0.0
2024-09-27,431.5199890136719,431.8500061035156,427.4700012207031,428.0199890136719,421.3637390136719,14896100,0.0,0.0
2024-09-30,428.2099914550781,430.4200134277344,425.3699951171875,430.29998779296875,423.6082458496094,16807300,0.0,0.0
2024-10-01,428.45001220703125,428.4800109863281,418.80999755859375,420.69000244140625,414.1477355957031,19092900,0.0,0.0
2024-10-02,422.5799865722656,422.82000732421875,416.7099914550781,417.1300048828125,410.64306640625,16582300,0.0,0.0
2024-10-03,417.6300048828125,419.54998779296875,414.2900085449219,416.5400085449219,410.0622863769531,13686400,0.0,0.0
2024-10-04,418.239990234375,419.75,414.9700012207031,416.05999755859375,409.58966064453125,19169700,0.0,0.0
2024-10-07,416.0,417.1099853515625,409.0,409.5400085449219,403.171142578125,20919800,0.0,0.0
2024-10-08,410.8999938964844,415.6600036621094,408.1700134277344,414.7099914550781,408.2607116699219,19229300,0.0,0.0
2024-10-09,415.8599853515625,420.3800048828125,414.29998779296875,417.4599914550781,410.96795654296875,14974300,0.0,0.0
2024-10-10,415.2300109863281,417.3500061035156,413.1499938964844,415.8399963378906,409.3731689453125,13848400,0.0,0.0
2024-10-11,416.1400146484375,417.1300048828125,413.25,416.32000732421875,409.8456726074219,14144900,0.0,0.0
2024-10-14,417.7699890136719,424.0400085449219,417.5199890136719,419.1400146484375,412.621826171875,16653100,0.0,0.0
2024-10-15,422.17999267578125,422.4800109863281,415.260009765625,418.739990234375,412.22802734375,18900200,0.0,0.0
2024-10-16,415.1700134277344,416.3599853515625,410.4800109863281,416.1199951171875,409.6487731933594,15508900,0.0,0.0
2024-10-17,422.3599853515625,422.5,415.5899963378906,416.7200012207031,410.23944091796875,14820000,0.0,0.0
2024-10-18,417.1400146484375,419.6499938964844,416.260009765625,418.1600036621094,411.65704345703125,17145300,0.0,0.0
2024-10-21,416.1199951171875,418.9599914550781,413.75,418.7799987792969,412.2674560546875,14206100,0.0,0.0
2024-10-22,418.489990234375,430.5799865722656,418.0400085449219,427.510009765625,420.8616943359375,25482200,0.0,0.0
2024-10-23,430.8599853515625,431.0799865722656,422.5299987792969,424.6000061035156,417.9969177246094,19654400,0.0,0.0
2024-10-24,425.3299865722656,425.9800109863281,422.3999938964844,424.7300109863281,418.1249084472656,13581600,0.0,0.0
2024-10-25,426.760009765625,432.5199890136719,426.57000732421875,428.1499938964844,421.4917297363281,16899100,0.0,0.0
2024-10-28,431.6600036621094,431.94000244140625,426.29998779296875,426.5899963378906,419.9559631347656,14882400,0.0,0.0
2024-10-29,428.0,433.1700134277344,425.79998779296875,431.95001220703125,425.2326354980469,17644100,0.0,0.0
2024-10-30,437.44000244140625,438.5,432.1000061035156,432.5299987792969,425.8036193847656,29749100,0.0,0.0
2024-10-31,415.3599853515625,416.1600036621094,406.29998779296875,406.3500061035156,400.0307312011719,53971000,0.0,0.0
2024-11-01,409.010009765625,415.5,407.5,410.3699951171875,403.9881896972656,24230400,0.0,0.0
2024-11-04,409.79998779296875,410.4200134277344,405.57000732421875,408.4599914550781,402.10791015625,19672300,0.0,0.0
2024-11-05,408.3699951171875,414.8999938964844,408.0799865722656,411.4599914550781,405.0612487792969,17626000,0.0,0.0
2024-11-06,412.4200134277344,420.45001220703125,410.5199890136719,420.17999267578125,413.6456298828125,26681800,0.0,0.0
2024-11-07,421.2799987792969,426.8500061035156,419.8800048828125,425.42999267578125,418.81396484375,19901800,0.0,0.0
2024-11-08,425.32000732421875,426.5,421.7799987792969,422.5400085449219,415.9689636230469,16891400,0.0,0.0
2024-11-11,422.5199890136719,424.80999755859375,416.0,418.010009765625,411.5093994140625,24503300,0.0,0.0
2024-11-12,418.25,424.44000244140625,417.20001220703125,423.0299987792969,416.4513244628906,19401200,0.0,0.0
2024-11-13,421.6400146484375,429.3299865722656,418.2099914550781,425.20001220703125,418.5876159667969,21502200,0.0,0.0
2024-11-14,425.0,428.1700134277344,420.0,426.8900146484375,420.25128173828125,30246900,0.0,0.0
2024-11-15,419.82000732421875,422.79998779296875,413.6400146484375,415.0,408.546142578125,28247600,0.0,0.0
2024-11-18,414.8699951171875,418.3999938964844,412.1000061035156,415.760009765625,409.2944030761719,24727000,0.0,0.0
2024-11-19,413.1099853515625,417.94000244140625,411.54998779296875,417.7900085449219,411.2928466796875,18133500,0.0,0.0
2024-11-20,416.8699951171875,417.2900085449219,410.5799865722656,415.489990234375,409.028564453125,19191700,0.0,0.0
2024-11-21,419.5,419.7799987792969,410.2900085449219,412.8699951171875,407.2629089355469,20780200,0.83,0.0
2024-11-22,411.3699951171875,417.3999938964844,411.05999755859375,417.0,411.3367919921875,24814600,0.0,0.0
2024-11-25,418.3800048828125,421.0799865722656,414.8500061035156,418.7900085449219,413.1025390625,27691100,0.0,0.0
2024-11-26,419.5899963378906,429.0400085449219,418.8500061035156,427.989990234375,422.1775207519531,23458900,0.0,0.0
2024-11-27,425.1099853515625,427.2300109863281,422.0199890136719,422.989990234375,417.2454528808594,18332400,0.0,0.0
2024-11-29,420.0899963378906,424.8800048828125,417.79998779296875,423.4599914550781,417.70904541015625,16271900,0.0,0.0
2024-12-02,421.57000732421875,433.0,421.30999755859375,430.9800109863281,425.126953125,20207200,0.0,0.0
2024-12-03,429.8399963378906,432.4700012207031,427.739990234375,431.20001220703125,425.343994140625,18302000,0.0,0.0
2024-12-04,433.0299987792969,439.6700134277344,432.6300048828125,437.4200134277344,431.4795227050781,26009400,0.0,0.0
2024-12-05,437.9200134277344,444.6600036621094,436.1700134277344,442.6199951171875,436.6088562011719,21697800,0.0,0.0
2024-12-06,442.29998779296875,446.1000061035156,441.7699890136719,443.57000732421875,437.5459899902344,18821000,0.0,0.0
2024-12-09,442.6000061035156,448.3299865722656,440.5,446.0199890136719,439.9626770019531,19144400,0.0,0.0
2024-12-10,444.3900146484375,449.6199951171875,441.6000061035156,443.3299865722656,437.3092041015625,18469500,0.0,0.0
2024-12-11,444.04998779296875,450.3500061035156,444.04998779296875,448.989990234375,442.8923645019531,19200200,0.0,0.0
2024-12-12,449.1099853515625,456.1600036621094,449.1099853515625,449.55999755859375,443.45458984375,20834800,0.0,0.0
2024-12-13,448.44000244140625,451.42999267578125,445.5799865722656,447.2699890136719,441.1957092285156,20177800,0.0,0.0
2024-12-16,447.2699890136719,452.17999267578125,445.2799987792969,451.5899963378906,445.4570007324219,23598800,0.0,0.0
2024-12-17,451.010009765625,455.2900085449219,449.57000732421875,454.4599914550781,448.2880859375,22733500,0.0,0.0
2024-12-18,451.32000732421875,452.6499938964844,437.0199890136719,437.3900146484375,431.44989013671875,24444500,0.0,0.0
2024-12-19,441.6199951171875,443.17999267578125,436.32000732421875,437.0299987792969,431.09478759765625,22963700,0.0,0.0
2024-12-20,433.1099853515625,443.739990234375,428.6300048828125,436.6000061035156,430.67059326171875,64263700,0.0,0.0
2024-12-23,436.739990234375,437.6499938964844,432.8299865722656,435.25,429.3389587402344,19152500,0.0,0.0
2024-12-24,434.6499938964844,439.6000061035156,434.19000244140625,439.3299865722656,433.363525390625,7164500,0.0,0.0
2024-12-26,439.0799865722656,440.94000244140625,436.6300048828125,438.1099853515625,432.1600646972656,8194200,0.0,0.0
2024-12-27,434.6000061035156,435.2200012207031,426.3500061035156,430.5299987792969,424.68304443359375,18117700,0.0,0.0
2024-12-30,426.05999755859375,427.54998779296875,421.8999938964844,424.8299865722656,419.0604553222656,13158700,0.0,0.0
2024-12-31,426.1000061035156,426.7300109863281,420.6600036621094,421.5,415.7756652832031,13246500,0.0,0.0
2025-01-02,425.5299987792969,426.07000732421875,414.8500061035156,418.5799865722656,412.89532470703125,16896500,0.0,0.0
2025-01-03,421.0799865722656,424.0299987792969,419.5400085449219,423.3500061035156,417.6005859375,16662900,0.0,0.0
2025-01-06,428.0,434.32000732421875,425.4800109863281,427.8500061035156,422.0394592285156,20573600,0.0,0.0
2025-01-07,429.0,430.6499938964844,420.79998779296875,422.3699951171875,416.6338806152344,18139100,0.0,0.0
2025-01-08,423.4599914550781,426.9700012207031,421.5400085449219,424.55999755859375,418.7941589355469,15054600,0.0,0.0
2025-01-10,424.6300048828125,424.7099914550781,415.0199890136719,418.95001220703125,413.2603454589844,20201100,0.0,0.0
2025-01-13,415.239990234375,418.5,412.2900085449219,417.19000244140625,411.5242004394531,17604800,0.0,0.0
2025-01-14,417.80999755859375,419.739990234375,410.7200012207031,415.6700134277344,410.0248718261719,16935900,0.0,0.0
2025-01-15,419.1300048828125,428.1499938964844,418.2699890136719,426.30999755859375,420.5203552246094,19637800,0.0,0.0
2025-01-16,428.70001220703125,429.489990234375,424.3900146484375,424.5799865722656,418.8138427734375,15300000,0.0,0.0
2025-01-17,434.0899963378906,434.4800109863281,428.1700134277344,429.0299987792969,423.203369140625,26197500,0.0,0.0
2025-01-21,430.20001220703125,430.8999938964844,425.6000061035156,428.5,422.68060302734375,26085700,0.0,0.0
2025-01-22,437.55999755859375,447.2699890136719,436.0,446.20001220703125,440.1402282714844,27803800,0.0,0.0
2025-01-23,442.0,446.75,441.5,446.7099914550781,440.6433410644531,18389300,0.0,0.0
2025-01-24,445.1600036621094,446.6499938964844,441.3999938964844,444.05999755859375,438.0293273925781,15549500,0.0,0.0
2025-01-27,424.010009765625,435.20001220703125,423.5,434.55999755859375,428.6583251953125,35647800,0.0,0.0
2025-01-28,434.6000061035156,448.3800048828125,431.3800048828125,447.20001220703125,441.126708984375,23491700,0.0,0.0
2025-01-29,446.69000244140625,446.8800048828125,440.3999938964844,442.3299865722656,436.32281494140625,23581400,0.0,0.0
2025-01-30,418.7699890136719,422.8599853515625,413.1600036621094,414.989990234375,409.3540954589844,54586300,0.0,0.0
2025-01-31,418.9800109863281,420.69000244140625,414.9100036621094,415.05999755859375,409.4231872558594,34161900,0.0,0.0
2025-02-03,411.6000061035156,415.4100036621094,408.6600036621094,410.9200134277344,405.33941650390625,25679100,0.0,0.0
2025-02-04,412.69000244140625,413.9200134277344,409.739990234375,412.3699951171875,406.7696533203125,20532100,0.0,0.0
2025-02-05,412.3500061035156,413.8299865722656,410.3999938964844,413.2900085449219,407.67718505859375,16316700,0.0,0.0
2025-02-06,414.0,418.20001220703125,414.0,415.82000732421875,410.1728210449219,16309800,0.0,0.0
2025-02-07,416.4800109863281,418.6499938964844,408.1000061035156,409.75,404.1852722167969,22886800,0.0,0.0
2025-02-10,413.7099914550781,415.4599914550781,410.9200134277344,412.2200012207031,406.6216735839844,20817900,0.0,0.0
2025-02-11,409.6400146484375,412.489990234375,409.29998779296875,411.44000244140625,405.8523254394531,18140600,0.0,0.0
2025-02-12,407.2099914550781,410.75,404.3699951171875,409.0400085449219,403.4848937988281,19121700,0.0,0.0
2025-02-13,407.0,411.0,406.3599853515625,410.5400085449219,404.9645690917969,23891700,0.0,0.0
2025-02-14,407.7900085449219,408.9100036621094,405.8800048828125,408.42999267578125,402.8832092285156,22758500,0.0,0.0
2025-02-18,408.0,410.6000061035156,406.5,409.6400146484375,404.0767822265625,21423100,0.0,0.0
2025-02-19,407.8800048828125,415.489990234375,407.6499938964844,414.7699890136719,409.1370849609375,24114200,0.0,0.0
2025-02-20,415.2900085449219,419.30999755859375,412.5400085449219,416.1300048828125,411.30169677734375,23508700,0.83,0.0
2025-02-21,417.3399963378906,418.04998779296875,407.8900146484375,408.2099914550781,403.4735412597656,27524800,0.0,0.0
2025-02-24,408.510009765625,409.3699951171875,399.32000732421875,404.0,399.3124084472656,26443700,0.0,0.0
2025-02-25,401.1000061035156,401.9200134277344,396.70001220703125,397.8999938964844,393.283203125,29387400,0.0,0.0
2025-02-26,398.010009765625,403.6000061035156,394.25,399.7300109863281,395.0919494628906,19619000,0.0,0.0
2025-02-27,401.2699890136719,405.739990234375,392.1700134277344,392.5299987792969,387.97552490234375,21127400,0.0,0.0
2025-02-28,392.6600036621094,397.6300048828125,386.57000732421875,396.989990234375,392.3837585449219,32845700,0.0,0.0
2025-03-03,398.82000732421875,398.82000732421875,386.1600036621094,388.489990234375,383.9823913574219,23007700,0.0,0.0
2025-03-04,383.3999938964844,392.5799865722656,381.0,388.6099853515625,384.1009826660156,29342900,0.0,0.0
2025-03-05,389.3399963378906,401.6700134277344,388.80999755859375,401.0199890136719,396.3669738769531,23433100,0.0,0.0
2025-03-06,394.2799987792969,402.1499938964844,392.67999267578125,396.8900146484375,392.284912109375,23304600,0.0,0.0
2025-03-07,392.32000732421875,394.79998779296875,385.5400085449219,393.30999755859375,388.7464599609375,22034100,0.0,0.0
2025-03-10,385.8399963378906,386.3999938964844,377.2200012207031,380.1600036621094,375.7490539550781,32840100,0.0,0.0
2025-03-11,379.0,386.0,376.9100036621094,380.45001220703125,376.03570556640625,30380200,0.0,0.0
2025-03-12,382.95001220703125,385.2200012207031,378.95001220703125,383.2699890136719,378.8229675292969,24253600,0.0,0.0
2025-03-13,383.1600036621094,385.32000732421875,377.45001220703125,378.7699890136719,374.37518310546875,20473000,0.0,0.0
2025-03-14,379.7799987792969,390.2300109863281,379.510009765625,388.55999755859375,384.0515441894531,19952800,0.0,0.0
2025-03-17,386.70001220703125,392.7099914550781,385.57000732421875,388.70001220703125,384.1899719238281,22474300,0.0,0.0
2025-03-18,387.07000732421875,387.3699951171875,381.1000061035156,383.5199890136719,379.0700378417969,19486900,0.0,0.0
2025-03-19,385.5299987792969,389.67999267578125,384.0,387.82000732421875,383.3201599121094,19185500,0.0,0.0
2025-03-20,385.739990234375,391.7900085449219,383.2799987792969,386.8399963378906,382.3515319824219,18470500,0.0,0.0
2025-03-21,383.2200012207031,391.739990234375,382.79998779296875,391.260009765625,386.72027587890625,39675900,0.0,0.0
2025-03-24,395.3999938964844,395.3999938964844,389.80999755859375,393.0799865722656,388.51910400390625,21004500,0.0,0.0
2025-03-25,393.9200134277344,396.3599853515625,392.6400146484375,395.1600036621094,390.5749816894531,15775000,0.0,0.0
2025-03-26,395.0,395.30999755859375,388.57000732421875,389.9700012207031,385.4452209472656,16108400,0.0,0.0
2025-03-27,390.1300048828125,392.239990234375,387.3999938964844,390.5799865722656,386.0481262207031,13766800,0.0,0.0
2025-03-28,388.0799865722656,389.1300048828125,376.92999267578125,378.79998779296875,374.4048156738281,21632000,0.0,0.0
2025-03-31,372.5400085449219,377.07000732421875,367.239990234375,375.3900146484375,371.034423828125,35184700,0.0,0.0
2025-04-01,374.6499938964844,382.8500061035156,373.2300109863281,382.19000244140625,377.75543212890625,19689500,0.0,0.0
2025-04-02,377.9700012207031,385.0799865722656,376.6199951171875,382.1400146484375,377.7060852050781,16092600,0.0,0.0
2025-04-03,374.7900085449219,377.4800109863281,369.3500061035156,373.1099853515625,368.7808532714844,30198000,0.0,0.0
2025-04-04,364.1300048828125,374.5899963378906,359.4800109863281,359.8399963378906,355.6648254394531,49209900,0.0,0.0
2025-04-07,350.8800048828125,371.0,344.7900085449219,357.8599853515625,353.7077331542969,50425000,0.0,0.0
2025-04-08,368.260009765625,373.6499938964844,350.25,354.55999755859375,350.4460754394531,35868900,0.0,0.0
2025-04-09,353.5400085449219,393.2300109863281,353.1000061035156,390.489990234375,385.95916748046875,50199700,0.0,0.0
2025-04-10,382.05999755859375,383.8999938964844,367.79998779296875,381.3500061035156,376.92523193359375,38024400,0.0,0.0
2025-04-11,380.6400146484375,390.04998779296875,378.8900146484375,388.45001220703125,383.94287109375,23839200,0.0,0.0
2025-04-14,393.2200012207031,394.6499938964844,384.2099914550781,387.80999755859375,383.3102722167969,19251200,0.0,0.0
2025-04-15,388.510009765625,391.8900146484375,384.1600036621094,385.7300109863281,381.25439453125,17199900,0.0,0.0
2025-04-16,380.6700134277344,381.6099853515625,368.0,371.6099853515625,367.2982177734375,21967800,0.0,0.0
2025-04-17,373.75,374.32000732421875,366.8900146484375,367.7799987792969,363.5126953125,21120200,0.0,0.0
2025-04-21,362.82000732421875,364.4800109863281,355.6700134277344,359.1199951171875,354.9531555175781,20807300,0.0,0.0
2025-04-22,363.3800048828125,367.7699890136719,359.8599853515625,366.82000732421875,362.5638427734375,19485000,0.0,0.0
2025-04-23,376.05999755859375,380.3900146484375,373.0199890136719,374.3900146484375,370.0459899902344,20545500,0.0,0.0
2025-04-24,375.70001220703125,388.45001220703125,375.19000244140625,387.29998779296875,382.80621337890625,22232300,0.0,0.0
2025-04-25,387.0,392.1600036621094,384.6000061035156,391.8500061035156,387.3034362792969,18973200,0.0,0.0
2025-04-28,391.9599914550781,392.739990234375,386.6400146484375,391.1600036621094,386.62139892578125,16579400,0.0,0.0
2025-04-29,391.29998779296875,395.1000061035156,390.3800048828125,394.0400085449219,389.468017578125,14974000,0.0,0.0
2025-04-30,390.29998779296875,396.6600036621094,384.44000244140625,395.260009765625,390.673828125,36461100,0.0,0.0
2025-05-01,431.1099853515625,436.989990234375,424.8999938964844,425.3999938964844,420.464111328125,58938100,0.0,0.0
2025-05-02,431.739990234375,439.44000244140625,429.989990234375,435.2799987792969,430.2294921875,30757400,0.0,0.0
2025-05-05,432.8699951171875,439.5,432.1099853515625,436.1700134277344,431.1091613769531,20136100,0.0,0.0
2025-05-06,432.20001220703125,437.7300109863281,431.1700134277344,433.30999755859375,428.2823791503906,15104200,0.0,0.0
2025-05-07,433.8399963378906,438.1199951171875,431.1099853515625,433.3500061035156,428.3218994140625,23295300,0.0,0.0
2025-05-08,437.92999267578125,443.6700134277344,435.6600036621094,438.1700134277344,433.08599853515625,23491300,0.0,0.0
2025-05-09,440.0,440.739990234375,435.8800048828125,438.7300109863281,433.6394348144531,15324200,0.0,0.0
2025-05-12,445.94000244140625,449.3699951171875,439.7799987792969,449.260009765625,444.0472717285156,22821900,0.0,0.0
2025-05-13,447.7799987792969,450.6700134277344,445.3599853515625,449.1400146484375,443.9287109375,23618800,0.0,0.0
2025-05-14,448.1400146484375,453.8999938964844,448.1400146484375,452.94000244140625,447.6846008300781,19902800,0.0,0.0
2025-05-15,450.7699890136719,456.19000244140625,450.42999267578125,453.1300048828125,448.6946105957031,21992300,0.83,0.0
2025-05-16,452.04998779296875,454.3599853515625,448.7300109863281,454.2699890136719,449.82342529296875,23849800,0.0,0.0
2025-05-19,450.8800048828125,459.5899963378906,450.79998779296875,458.8699951171875,454.37841796875,21336500,0.0,0.0
2025-05-20,455.5899963378906,458.3399963378906,454.32000732421875,458.1700134277344,453.6852722167969,15441800,0.0,0.0
2025-05-21,454.57000732421875,457.7799987792969,451.80999755859375,452.57000732421875,448.14007568359375,19216900,0.0,0.0
2025-05-22,454.95001220703125,460.25,453.8999938964844,454.8599853515625,450.4076843261719,18025600,0.0,0.0
2025-05-23,449.9800109863281,453.69000244140625,448.9100036621094,450.17999267578125,445.7734375,16883500,0.0,0.0
2025-05-27,456.4800109863281,460.95001220703125,456.1199951171875,460.69000244140625,456.1805725097656,20974300,0.0,0.0
2025-05-28,461.2200012207031,462.5199890136719,456.92999267578125,457.3599853515625,452.8831787109375,17086300,0.0,0.0
2025-05-29,461.54998779296875,461.7200012207031,455.30999755859375,458.67999267578125,454.1902770996094,13974800,0.0,0.0
2025-05-30,459.7200012207031,461.67999267578125,455.5400085449219,460.3599853515625,455.85382080078125,34770500,0.0,0.0
2025-06-02,457.1400146484375,462.1099853515625,456.8900146484375,461.9700012207031,457.44805908203125,16626500,0.0,0.0
2025-06-03,461.4700012207031,464.1400146484375,460.8599853515625,462.9700012207031,458.43829345703125,15743800,0.0,0.0
2025-06-04,464.0,465.69000244140625,463.0199890136719,463.8699951171875,459.3294982910156,14162700,0.0,0.0
2025-06-05,464.9599914550781,469.6499938964844,464.0299987792969,467.67999267578125,463.1021728515625,20131700,0.0,0.0
2025-06-06,470.0899963378906,473.3399963378906,468.7799987792969,470.3800048828125,465.7757568359375,15285600,0.0,0.0
2025-06-09,469.70001220703125,473.42999267578125,468.6199951171875,472.75,468.1225280761719,16469900,0.0,0.0
2025-06-10,471.19000244140625,472.79998779296875,466.9599914550781,470.9200134277344,466.3104248046875,15375900,0.0,0.0
2025-06-11,470.0199890136719,475.4700012207031,469.6600036621094,472.6199951171875,467.9938049316406,16399200,0.0,0.0
2025-06-12,475.0199890136719,480.4200134277344,473.5199890136719,478.8699951171875,474.1826477050781,18950600,0.0,0.0
2025-06-13,476.4100036621094,479.17999267578125,472.760009765625,474.9599914550781,470.3109436035156,16814500,0.0,0.0
2025-06-16,475.2099914550781,480.69000244140625,475.0,479.1400146484375,474.4499816894531,15626100,0.0,0.0
2025-06-17,475.3999938964844,478.739990234375,474.0799865722656,478.0400085449219,473.36077880859375,15414100,0.0,0.0
2025-06-18,478.0,481.0,474.4599914550781,480.239990234375,475.5391845703125,17526500,0.0,0.0
2025-06-20,482.2300109863281,483.4599914550781,476.8699951171875,477.3999938964844,472.7270202636719,37576200,0.0,0.0
2025-06-23,478.2099914550781,487.75,472.510009765625,486.0,481.24285888671875,24864000,0.0,0.0
2025-06-24,488.95001220703125,491.8500061035156,486.79998779296875,490.1099853515625,485.3126220703125,22305600,0.0,0.0
2025-06-25,492.0400085449219,494.55999755859375,489.3900146484375,492.2699890136719,487.45147705078125,17495100,0.0,0.0
2025-06-26,492.9800109863281,498.0400085449219,492.80999755859375,497.45001220703125,492.5807800292969,21578900,0.0,0.0
2025-06-27,497.54998779296875,499.29998779296875,493.0299987792969,495.94000244140625,491.0855712890625,34539200,0.0,0.0
2025-06-30,497.0400085449219,500.760009765625,495.3299865722656,497.4100036621094,492.5411682128906,28369000,0.0,0.0
2025-07-01,496.4700012207031,498.04998779296875,490.9800109863281,492.04998779296875,487.2336120605469,19945400,0.0,0.0
2025-07-02,489.989990234375,493.5,488.70001220703125,491.0899963378906,486.28302001953125,16319600,0.0,0.0
2025-07-03,493.80999755859375,500.1300048828125,493.44000244140625,498.8399963378906,493.9571533203125,13984800,0.0,0.0
2025-07-07,497.3800048828125,498.75,495.2300109863281,497.7200012207031,492.8481140136719,13981600,0.0,0.0
2025-07-08,497.239990234375,498.20001220703125,494.1099853515625,496.6199951171875,491.7589111328125,11846600,0.0,0.0
2025-07-09,500.29998779296875,506.7799987792969,499.739990234375,503.510009765625,498.58148193359375,18659500,0.0,0.0
2025-07-10,503.04998779296875,504.44000244140625,497.75,501.4800109863281,496.5713806152344,16492100,0.0,0.0
2025-07-11,498.4700012207031,505.0299987792969,497.79998779296875,503.32000732421875,498.393310546875,16459500,0.0,0.0
2025-07-14,501.5199890136719,503.9700012207031,501.0299987792969,503.0199890136719,498.09625244140625,12058800,0.0,0.0
2025-07-15,503.0199890136719,508.29998779296875,502.7900085449219,505.82000732421875,500.8688659667969,14927200,0.0,0.0
2025-07-16,505.17999267578125,506.7200012207031,501.8900146484375,505.6199951171875,500.6708068847656,15154400,0.0,0.0
2025-07-17,505.67999267578125,513.3699951171875,505.6199951171875,511.70001220703125,506.6912841796875,17503100,0.0,0.0
2025-07-18,514.47998046875,514.6400146484375,507.42999267578125,510.04998779296875,505.05743408203125,21209700,0.0,0.0
2025-07-21,506.7099914550781,512.0900268554688,505.54998779296875,510.05999755859375,505.06732177734375,14066800,0.0,0.0
2025-07-22,510.9700012207031,511.20001220703125,505.2699890136719,505.2699890136719,500.32421875,13868600,0.0,0.0
2025-07-23,506.75,506.7900085449219,500.70001220703125,505.8699951171875,500.9183349609375,16396600,0.0,0.0
2025-07-24,508.7699890136719,513.6699829101562,507.29998779296875,510.8800048828125,505.87933349609375,16107000,0.0,0.0
2025-07-25,512.469970703125,518.2899780273438,510.3599853515625,513.7100219726562,508.6816101074219,19125700,0.0,0.0
2025-07-28,514.0800170898438,515.0,510.1199951171875,512.5,507.4834899902344,14308000,0.0,0.0
2025-07-29,515.530029296875,517.6199951171875,511.55999755859375,512.5700073242188,507.55279541015625,16469200,0.0,0.0
2025-07-30,515.1699829101562,515.9500122070312,509.44000244140625,513.239990234375,508.2162170410156,26380400,0.0,0.0
2025-07-31,555.22998046875,555.4500122070312,531.9000244140625,533.5,528.2779541015625,51617300,0.0,0.0
2025-08-01,535.0,535.7999877929688,520.8599853515625,524.1099853515625,518.9797973632812,28977600,0.0,0.0
2025-08-04,528.27001953125,538.25,528.1300048828125,535.6400146484375,530.3970336914062,25349000,0.0,0.0
2025-08-05,537.1799926757812,537.2999877929688,527.239990234375,527.75,522.5841674804688,19171600,0.0,0.0
2025-08-06,530.9000244140625,531.7000122070312,524.030029296875,524.9400024414062,519.8016967773438,21355700,0.0,0.0
2025-08-07,526.7999877929688,528.0900268554688,517.5499877929688,520.8400268554688,515.7418823242188,16079100,0.0,0.0
2025-08-08,522.5999755859375,524.6599731445312,519.4099731445312,522.0399780273438,516.9300537109375,15531000,0.0,0.0
2025-08-11,522.2999877929688,527.5900268554688,519.719970703125,521.77001953125,516.6627197265625,20194400,0.0,0.0
2025-08-12,523.75,530.97998046875,522.7000122070312,529.239990234375,524.0595703125,18667000,0.0,0.0
2025-08-13,532.1099853515625,532.7000122070312,519.3699951171875,520.5800170898438,515.484375,19619200,0.0,0.0
2025-08-14,522.5599975585938,525.9500122070312,520.1400146484375,522.47998046875,517.36572265625,20269100,0.0,0.0
2025-08-15,522.77001953125,526.0999755859375,519.0800170898438,520.1699829101562,515.078369140625,25213300,0.0,0.0
2025-08-18,521.5900268554688,522.8200073242188,514.02001953125,517.0999755859375,512.0383911132812,23760600,0.0,0.0
2025-08-19,515.0,515.1599731445312,508.54998779296875,509.7699890136719,504.7801818847656,21481000,0.0,0.0
2025-08-20,509.8699951171875,511.0,504.44000244140625,505.7200012207031,500.7698669433594,27723000,0.0,0.0
2025-08-21,503.69000244140625,507.6300048828125,502.7200012207031,504.239990234375,500.1251525878906,18443300,0.83,0.0
2025-08-22,504.25,510.7300109863281,502.4100036621094,507.2300109863281,503.09075927734375,24324200,0.0,0.0
2025-08-25,506.6300048828125,508.19000244140625,504.1199951171875,504.260009765625,500.14495849609375,21638600,0.0,0.0
2025-08-26,504.3599853515625,504.9800109863281,498.510009765625,502.0400085449219,497.9430847167969,30835700,0.0,0.0
2025-08-27,502.0,507.2900085449219,499.8999938964844,506.739990234375,502.6047668457031,17277900,0.0,0.0
2025-08-28,507.0899963378906,511.0899963378906,505.5,509.6400146484375,505.4810791015625,18015600,0.0,0.0
2025-08-29,508.6600036621094,509.6000061035156,504.489990234375,506.69000244140625,502.5551452636719,20961600,0.0,0.0
2025-09-02,500.4700012207031,506.0,496.80999755859375,505.1199951171875,500.9979553222656,18128000,0.0,0.0
2025-09-03,503.7900085449219,507.7900085449219,502.32000732421875,505.3500061035156,501.22607421875,16345100,0.0,0.0
2025-09-04,504.29998779296875,508.1499938964844,503.1499938964844,507.9700012207031,503.82470703125,15509500,0.0,0.0
2025-09-05,509.07000732421875,511.9700012207031,492.3699951171875,495.0,490.9605407714844,31994800,0.0,0.0
2025-09-08,498.1099853515625,501.20001220703125,495.0299987792969,498.20001220703125,494.13446044921875,16771000,0.0,0.0
2025-09-09,501.42999267578125,502.25,497.70001220703125,498.4100036621094,494.34271240234375,14410500,0.0,0.0
2025-09-10,502.9800109863281,503.2300109863281,496.7200012207031,500.3699951171875,496.2867126464844,21611800,0.0,0.0
2025-09-11,502.25,503.1700134277344,497.8800048828125,501.010009765625,496.9215087890625,18881600,0.0,0.0
2025-09-12,506.6499938964844,512.5499877929688,503.8500061035156,509.8999938964844,505.7389221191406,23624900,0.0,0.0
2025-09-15,508.7900085449219,515.469970703125,507.0,515.3599853515625,511.1543884277344,17143800,0.0,0.0
2025-09-16,516.8800048828125,517.22998046875,508.6000061035156,509.0400085449219,504.8859558105469,19711900,0.0,0.0
2025-09-17,510.6199951171875,511.2900085449219,505.92999267578125,510.0199890136719,505.8579406738281,15816600,0.0,0.0
2025-09-18,511.489990234375,513.0700073242188,507.6600036621094,508.45001220703125,504.3008117675781,18913700,0.0,0.0
2025-09-19,510.55999755859375,519.2999877929688,510.30999755859375,517.9299926757812,513.703369140625,52474100,0.0,0.0
2025-09-22,515.5900268554688,517.739990234375,512.5399780273438,514.4500122070312,510.25189208984375,20009300,0.0,0.0
2025-09-23,513.7999877929688,514.5900268554688,507.30999755859375,509.2300109863281,505.0744323730469,19799600,0.0,0.0
2025-09-24,510.3800048828125,512.47998046875,506.9200134277344,510.1499938964844,505.9869079589844,13533700,0.0,0.0
2025-09-25,508.29998779296875,510.010009765625,505.0400085449219,507.0299987792969,502.8923645019531,15786500,0.0,0.0
2025-09-26,510.05999755859375,513.9400024414062,506.6199951171875,511.4599914550781,507.28619384765625,16213100,0.0,0.0
2025-09-29,511.5,516.8499755859375,508.8800048828125,514.5999755859375,510.4005432128906,17617800,0.0,0.0
2025-09-30,513.239990234375,518.1599731445312,509.6600036621094,517.9500122070312,513.7232666015625,19728200,0.0,0.0
2025-10-01,514.7999877929688,520.510009765625,511.69000244140625,519.7100219726562,515.4689331054688,22632300,0.0,0.0
2025-10-02,517.6400146484375,521.5999755859375,510.67999267578125,515.739990234375,511.53131103515625,21222900,0.0,0.0
2025-10-03,517.0999755859375,520.489990234375,515.0,517.3499755859375,513.1281127929688,15112300,0.0,0.0
2025-10-06,518.6099853515625,531.030029296875,518.2000122070312,528.5700073242188,524.256591796875,21388600,0.0,0.0
2025-10-07,528.2899780273438,529.7999877929688,521.4400024414062,523.97998046875,519.7039794921875,14615200,0.0,0.0
2025-10-08,523.280029296875,526.9500122070312,523.0900268554688,524.8499755859375,520.56689453125,13363400,0.0,0.0
2025-10-09,522.3400268554688,524.3300170898438,517.4000244140625,522.4000244140625,518.136962890625,18343600,0.0,0.0
2025-10-10,519.6400146484375,523.5800170898438,509.6300048828125,510.9599914550781,506.790283203125,24133800,0.0,0.0
2025-10-13,516.4099731445312,516.4099731445312,511.67999267578125,514.0499877929688,509.8550720214844,14284200,0.0,0.0
2025-10-14,510.2300109863281,515.280029296875,506.0,513.5700073242188,509.3790283203125,14684300,0.0,0.0
2025-10-15,514.9600219726562,517.1900024414062,510.0,513.4299926757812,509.2401428222656,14694700,0.0,0.0
2025-10-16,512.5800170898438,516.8499755859375,508.1300048828125,511.6099853515625,507.4349670410156,15559600,0.0,0.0
2025-10-17,509.0400085449219,515.47998046875,507.30999755859375,513.5800170898438,509.3888854980469,19867800,0.0,0.0
2025-10-20,514.6099853515625,518.7000122070312,513.4299926757812,516.7899780273438,512.57275390625,14665600,0.0,0.0
2025-10-21,517.5,518.6900024414062,513.0399780273438,517.6599731445312,513.4356079101562,15586200,0.0,0.0
2025-10-22,521.1500244140625,525.22998046875,517.7100219726562,520.5399780273438,516.2921142578125,18962700,0.0,0.0
2025-10-23,522.4600219726562,523.9500122070312,518.6099853515625,520.5599975585938,516.3118896484375,14023500,0.0,0.0
2025-10-24,522.7899780273438,525.3499755859375,520.7100219726562,523.6099853515625,519.3370971679688,15532400,0.0,0.0
2025-10-27,531.780029296875,534.5800170898438,529.010009765625,531.52001953125,527.1824951171875,18734700,0.0,0.0
2025-10-28,550.0,553.719970703125,540.77001953125,542.0700073242188,537.6463623046875,29986700,0.0,0.0
2025-10-29,544.9400024414062,546.27001953125,536.72998046875,541.5499877929688,537.130615234375,36023000,0.0,0.0
2025-10-30,530.47998046875,534.969970703125,522.1199951171875,525.760009765625,521.469482421875,41023100,0.0,0.0
2025-10-31,528.8800048828125,529.3200073242188,515.0999755859375,517.8099975585938,513.5844116210938,34006400,0.0,0.0
2025-11-03,519.8099975585938,524.9600219726562,514.5900268554688,517.030029296875,512.810791015625,22374700,0.0,0.0
2025-11-04,511.760009765625,515.5499877929688,507.8399963378906,514.3300170898438,510.1327819824219,20958700,0.0,0.0
2025-11-05,513.2999877929688,514.8300170898438,506.5799865722656,507.1600036621094,503.02130126953125,23024300,0.0,0.0
2025-11-06,505.6600036621094,505.70001220703125,495.80999755859375,497.1000061035156,493.04339599609375,27406500,0.0,0.0
2025-11-07,496.95001220703125,499.3800048828125,493.25,496.82000732421875,492.76568603515625,24019800,0.0,0.0
2025-11-10,500.0400085449219,506.8500061035156,498.79998779296875,506.0,501.87078857421875,26101500,0.0,0.0
2025-11-11,504.79998779296875,509.6000061035156,502.3500061035156,508.67999267578125,504.5289001464844,17980000,0.0,0.0
2025-11-12,509.3599853515625,511.6700134277344,499.1199951171875,511.1400146484375,506.9688415527344,26574900,0.0,0.0
2025-11-13,510.30999755859375,513.5,501.2900085449219,503.2900085449219,499.1828918457031,25273100,0.0,0.0
2025-11-14,498.2300109863281,511.6000061035156,497.44000244140625,510.17999267578125,506.0166320800781,28505700,0.0,0.0
2025-11-17,508.45001220703125,512.1199951171875,504.9100036621094,507.489990234375,503.3486328125,19092800,0.0,0.0
2025-11-18,495.3699951171875,502.9800109863281,486.7799987792969,493.7900085449219,489.7604064941406,33815100,0.0,0.0
2025-11-19,490.1000061035156,495.19000244140625,482.8299865722656,487.1199951171875,483.14483642578125,23245300,0.0,0.0
2025-11-20,492.7099914550781,493.57000732421875,475.5,478.42999267578125,475.41387939453125,26802500,0.91,0.0
2025-11-21,478.5,478.9200134277344,468.2699890136719,472.1199951171875,469.1436462402344,31769200,0.0,0.0
2025-11-24,475.0,476.8999938964844,468.0199890136719,474.0,471.0118103027344,34421000,0.0,0.0
2025-11-25,474.07000732421875,479.1499938964844,464.8900146484375,476.989990234375,473.98297119140625,28019800,0.0,0.0
2025-11-26,486.30999755859375,488.30999755859375,481.20001220703125,485.5,482.4393310546875,25709100,0.0,0.0
2025-11-28,487.6000061035156,492.6300048828125,486.6499938964844,492.010009765625,488.9082946777344,14386700,0.0,0.0
2025-12-01,488.44000244140625,489.8599853515625,484.6499938964844,486.739990234375,483.6714782714844,23964000,0.0,0.0
2025-12-02,486.7200012207031,493.5,486.32000732421875,490.0,486.91094970703125,19562700,0.0,0.0
2025-12-03,476.32000732421875,484.239990234375,475.20001220703125,477.7300109863281,474.7182922363281,34615100,0.0,0.0
2025-12-04,479.760009765625,481.32000732421875,476.489990234375,480.8399963378906,477.8087158203125,22318200,0.0,0.0
2025-12-05,482.5199890136719,483.3999938964844,478.8800048828125,483.1600036621094,480.11407470703125,22608700,0.0,0.0
2025-12-08,484.8900146484375,492.29998779296875,484.3800048828125,491.0199890136719,487.92449951171875,21965900,0.0,0.0
2025-12-09,489.1000061035156,492.1199951171875,488.5,492.0199890136719,488.918212890625,14696100,0.0,0.0
2025-12-10,484.0299987792969,484.25,475.0799865722656,478.55999755859375,475.5430603027344,35756200,0.0,0.0
2025-12-11,476.6300048828125,486.0299987792969,475.8599853515625,483.4700012207031,480.4221496582031,24669200,0.0,0.0
2025-12-12,479.82000732421875,482.45001220703125,476.3399963378906,478.5299987792969,475.5132751464844,21248100,0.0,0.0
2025-12-15,480.1000061035156,480.7200012207031,472.5199890136719,474.82000732421875,471.82666015625,23727700,0.0,0.0
2025-12-16,471.9100036621094,477.8900146484375,470.8800048828125,476.3900146484375,473.38677978515625,20705600,0.0,0.0
2025-12-17,476.9100036621094,480.0,475.0,476.1199951171875,473.1184387207031,24527200,0.0,0.0
2025-12-18,478.19000244140625,489.6000061035156,477.8900146484375,483.9800109863281,480.9289245605469,28573500,0.0,0.0
2025-12-19,487.3599853515625,487.8500061035156,482.489990234375,485.9200134277344,482.856689453125,70836100,0.0,0.0
2025-12-22,486.1199951171875,488.7300109863281,482.69000244140625,484.9200134277344,481.86297607421875,16963000,0.0,0.0
2025-12-23,484.9800109863281,487.8299865722656,484.739990234375,486.8500061035156,483.7807922363281,14683600,0.0,0.0
2025-12-24,485.67999267578125,489.1600036621094,484.8299865722656,488.0199890136719,484.94342041015625,5855900,0.0,0.0
2025-12-26,486.7099914550781,488.1199951171875,485.9599914550781,487.7099914550781,484.6354064941406,8842200,0.0,0.0
2025-12-29,484.8599853515625,488.3500061035156,484.17999267578125,487.1000061035156,484.02923583984375,10893400,0.0,0.0
2025-12-30,485.92999267578125,489.67999267578125,485.5,487.4800109863281,484.4068603515625,13944500,0.0,0.0
2025-12-31,487.8399963378906,488.1400146484375,483.29998779296875,483.6199951171875,480.5711669921875,15601600,0.0,0.0
2026-01-02,484.3900146484375,484.6600036621094,470.1600036621094,472.94000244140625,469.95849609375,25571600,0.0,0.0
2026-01-05,474.05999755859375,476.07000732421875,469.5,472.8500061035156,469.86907958984375,25250300,0.0,0.0
2026-01-06,473.79998779296875,478.739990234375,469.75,478.510009765625,475.4933776855469,23037700,0.0,0.0
2026-01-07,479.760009765625,489.70001220703125,477.95001220703125,483.4700012207031,480.4221496582031,25564200,0.0,0.0
2026-01-08,481.239990234375,482.6600036621094,475.8599853515625,478.1099853515625,475.0959167480469,18162600,0.0,0.0
2026-01-09,474.05999755859375,479.82000732421875,472.20001220703125,479.2799987792969,476.258544921875,18491000,0.0,0.0
2026-01-12,476.6700134277344,480.989990234375,475.67999267578125,477.17999267578125,474.1717529296875,23519900,0.0,0.0
2026-01-13,474.67999267578125,475.7799987792969,465.95001220703125,470.6700134277344,467.70281982421875,28545800,0.0,0.0
2026-01-14,466.4599914550781,468.20001220703125,457.1700134277344,459.3800048828125,456.4840087890625,28184300,0.0,0.0
2026-01-15,464.1199951171875,464.25,455.8999938964844,456.6600036621094,453.7811279296875,23225800,0.0,0.0
2026-01-16,457.8299865722656,463.19000244140625,456.4800109863281,459.8599853515625,456.9609375,34246700,0.0,0.0
2026-01-20,451.2200012207031,456.79998779296875,449.2799987792969,454.5199890136719,451.65460205078125,26130000,0.0,0.0
2026-01-21,452.6000061035156,452.69000244140625,438.67999267578125,444.1099853515625,441.3102111816406,37980500,0.0,0.0
2026-01-22,447.6199951171875,452.8399963378906,444.70001220703125,451.1400146484375,448.29595947265625,25349400,0.0,0.0
2026-01-23,451.8699951171875,471.1000061035156,450.5299987792969,465.95001220703125,463.0125732421875,38000200,0.0,0.0
2026-01-26,465.30999755859375,474.25,462.0,470.2799987792969,467.3152770996094,29291200,0.0,0.0
2026-01-27,473.70001220703125,482.8699951171875,473.1600036621094,480.5799865722656,477.5503234863281,29213900,0.0,0.0
2026-01-28,483.2099914550781,483.739990234375,478.0,481.6300048828125,478.5937194824219,36875400,0.0,0.0
2026-01-29,439.989990234375,442.5,421.0199890136719,433.5,430.76715087890625,128855300,0.0,0.0
2026-01-30,439.1700134277344,439.6000061035156,426.45001220703125,430.2900085449219,427.577392578125,58566800,0.0,0.0
2026-02-02,430.239990234375,430.739990234375,422.25,423.3699951171875,420.70098876953125,42219900,0.0,0.0
2026-02-03,422.010009765625,422.04998779296875,408.55999755859375,411.2099914550781,408.61767578125,61424100,0.0,0.0
2026-02-04,411.0,419.79998779296875,409.239990234375,414.19000244140625,411.5788879394531,45012400,0.0,0.0
2026-02-05,407.44000244140625,408.29998779296875,392.32000732421875,393.6700134277344,391.1882629394531,66289200,0.0,0.0
2026-02-06,399.1700134277344,401.7900085449219,392.9200134277344,401.1400146484375,398.6111755371094,53515300,0.0,0.0
2026-02-09,404.8500061035156,414.8900146484375,400.8699951171875,413.6000061035156,410.99261474609375,45480500,0.0,0.0
2026-02-10,419.6199951171875,423.67999267578125,412.70001220703125,413.2699890136719,410.6646423339844,44857900,0.0,0.0
2026-02-11,416.17999267578125,416.4599914550781,401.010009765625,404.3699951171875,401.8207702636719,42491000,0.0,0.0
2026-02-12,405.0,406.20001220703125,398.010009765625,401.8399963378906,399.3067626953125,40802400,0.0,0.0
2026-02-13,404.45001220703125,405.5400085449219,398.04998779296875,401.32000732421875,398.7900085449219,34091600,0.0,0.0
2026-02-17,399.2200012207031,400.5199890136719,394.5299987792969,396.8599853515625,394.3581237792969,32078800,0.0,0.0
2026-02-18,398.1300048828125,402.55999755859375,396.32000732421875,399.6000061035156,397.0808410644531,23223400,0.0,0.0
2026-02-19,400.69000244140625,404.42999267578125,396.6700134277344,398.4599914550781,396.8517761230469,28234000,0.91,0.0
2026-02-20,396.1099853515625,400.1199951171875,395.1600036621094,397.2300109863281,395.6267395019531,34015200,0.0,0.0
2026-02-23,395.0,395.3599853515625,383.1000061035156,384.4700012207031,382.9182434082031,43238300,0.0,0.0
2026-02-24,384.1400146484375,389.3599853515625,381.7099914550781,389.0,387.429931640625,33884700,0.0,0.0
2026-02-25,390.5299987792969,401.4700012207031,390.1600036621094,400.6000061035156,398.9831237792969,43625500,0.0,0.0
2026-02-26,404.7099914550781,407.489990234375,398.739990234375,401.7200012207031,400.0986022949219,34405900,0.0,0.0
2026-02-27,390.8800048828125,396.82000732421875,389.8800048828125,392.739990234375,391.15484619140625,51367200,0.0,0.0
2026-03-02,392.8599853515625,401.19000244140625,390.6300048828125,398.54998779296875,396.9413757324219,35474900,0.0,0.0
2026-03-03,393.1400146484375,406.70001220703125,392.6700134277344,403.92999267578125,402.2996826171875,38199200,0.0,0.0
2026-03-04,401.2699890136719,411.0299987792969,400.30999755859375,405.20001220703125,403.5645751953125,35808000,0.0,0.0
2026-03-05,404.4200134277344,411.6099853515625,404.3999938964844,410.67999267578125,409.0224304199219,39001300,0.0,0.0
2026-03-06,409.20001220703125,413.04998779296875,408.510009765625,408.9599914550781,407.30938720703125,31123900,0.0,0.0
2026-03-09,404.9200134277344,410.2099914550781,403.5,409.4100036621094,407.757568359375,30131900,0.0,0.0
2026-03-10,410.0299987792969,410.20001220703125,402.92999267578125,405.760009765625,404.122314453125,31706400,0.0,0.0
2026-03-11,405.57000732421875,409.010009765625,401.5899963378906,404.8800048828125,403.245849609375,25512100,0.0,0.0
2026-03-12,404.6300048828125,406.1199951171875,401.7099914550781,401.8599853515625,400.2380065917969,27263900,0.0,0.0
2026-03-13,401.0,404.79998779296875,394.25,395.54998779296875,393.9534912109375,26848000,0.0,0.0
2026-03-16,398.07000732421875,400.6300048828125,394.7900085449219,399.95001220703125,398.33575439453125,27733700,0.0,0.0
2026-03-17,400.2699890136719,404.3999938964844,397.75,399.4100036621094,397.7979431152344,26228300,0.0,0.0
2026-03-18,397.1300048828125,398.0,391.0,391.7900085449219,390.20867919921875,25908500,0.0,0.0
2026-03-19,390.1000061035156,392.489990234375,387.05999755859375,389.0199890136719,387.4498596191406,25138800,0.0,0.0
2026-03-20,386.7900085449219,387.0,380.1199951171875,381.8699951171875,380.3287048339844,50853200,0.0,0.0
2026-03-23,383.8999938964844,387.2099914550781,381.67999267578125,383.0,381.4541931152344,29680100,0.0,0.0
2026-03-24,382.3599853515625,382.4700012207031,371.8500061035156,372.739990234375,371.2355651855469,42733600,0.0,0.0
2026-03-25,376.9200134277344,377.05999755859375,369.6300048828125,371.0400085449219,369.5424499511719,31181200,0.0,0.0
2026-03-26,370.82000732421875,374.7200012207031,365.19000244140625,365.9700012207031,364.4928894042969,36836600,0.0,0.0
2026-03-27,361.8999938964844,362.45001220703125,356.510009765625,356.7699890136719,355.3300476074219,37883400,0.0,0.0
2026-03-30,361.8999938964844,365.3599853515625,356.2799987792969,358.9599914550781,357.5111999511719,44797000,0.0,0.0
2026-03-31,364.54998779296875,372.8999938964844,363.07000732421875,370.1700134277344,368.67596435546875,45244400,0.0,0.0
2026-04-01,373.489990234375,373.989990234375,368.20001220703125,369.3699951171875,367.8791809082031,29417200,0.0,0.0
2026-04-02,367.2099914550781,373.6400146484375,364.1499938964844,373.4599914550781,371.9526672363281,24099100,0.0,0.0
2026-04-06,373.489990234375,373.7300109863281,369.5,372.8800048828125,371.3750305175781,16146600,0.0,0.0
2026-04-07,370.3399963378906,372.45001220703125,366.55999755859375,372.2900085449219,370.78741455078125,21443300,0.0,0.0
2026-04-08,384.9800109863281,385.0,371.4100036621094,374.3299865722656,372.8191223144531,33064800,0.0,0.0
2026-04-09,372.5,373.5,367.04998779296875,373.07000732421875,371.5642395019531,30435300,0.0,0.0
2026-04-10,372.9800109863281,375.6400146484375,370.0299987792969,370.8699951171875,369.37310791015625,28111100,0.0,0.0
2026-04-13,373.6099853515625,384.5400085449219,371.0199890136719,384.3699951171875,382.8186340332031,35745800,0.0,0.0
2026-04-14,387.9200134277344,394.69000244140625,386.5199890136719,393.1099853515625,391.5233459472656,37504500,0.0,0.0
2026-04-15,398.0,414.3699951171875,396.7300109863281,411.2200012207031,409.5602722167969,45063400,0.0,0.0
2026-04-16,419.8599853515625,420.82000732421875,412.1400146484375,420.260009765625,418.56378173828125,41642400,0.0,0.0
2026-04-17,424.82000732421875,431.5799865722656,420.69000244140625,422.7900085449219,421.0835876464844,48568200,0.0,0.0
2026-04-20,421.1499938964844,423.3299865722656,416.29998779296875,418.07000732421875,416.38262939453125,27582200,0.0,0.0
2026-04-21,420.239990234375,427.17999267578125,417.20001220703125,424.1600036621094,422.4480285644531,32048500,0.0,0.0
2026-04-22,426.19000244140625,433.70001220703125,423.6700134277344,432.9200134277344,431.1726989746094,29378200,0.0,0.0
2026-04-23,419.8900146484375,423.6600036621094,411.4100036621094,415.75,414.0719909667969,38308000,0.0,0.0
2026-04-24,416.9700012207031,424.95001220703125,415.79998779296875,424.6199951171875,422.90618896484375,27457400,0.0,0.0
2026-04-27,422.3800048828125,427.1099853515625,417.07000732421875,424.82000732421875,423.1053771972656,30867300,0.0,0.0
2026-04-28,424.57000732421875,429.9200134277344,421.8999938964844,429.25,427.5174865722656,30438100,0.0,0.0
2026-04-29,424.5799865722656,426.82000732421875,420.2900085449219,424.4599914550781,422.746826171875,38288300,0.0,0.0
2026-04-30,410.80999755859375,414.4200134277344,398.010009765625,407.7799987792969,406.1341552734375,70909400,0.0,0.0
2026-05-01,412.79998779296875,417.1099853515625,410.44000244140625,414.44000244140625,412.76727294921875,31372400,0.0,0.0
2026-05-04,411.5400085449219,420.7799987792969,410.79998779296875,413.6199951171875,411.9505615234375,28066500,0.0,0.0
2026-05-05,415.32000732421875,416.7799987792969,408.79998779296875,411.3800048828125,409.7196044921875,25700900,0.0,0.0
2026-05-06,408.0,418.4200134277344,405.1099853515625,413.9599914550781,412.2891845703125,30285900,0.0,0.0
2026-05-07,420.1099853515625,427.9800109863281,418.760009765625,420.7699890136719,419.07171630859375,34942400,0.0,0.0
2026-05-08,417.3900146484375,418.6300048828125,414.0,415.1199951171875,413.44451904296875,33383800,0.0,0.0
2026-05-11,407.8699951171875,412.69000244140625,405.5,412.6600036621094,410.99444580078125,35657900,0.0,0.0
2026-05-12,414.4800109863281,415.5,406.6400146484375,407.7699890136719,406.1241760253906,38594200,0.0,0.0
2026-05-13,403.20001220703125,406.30999755859375,401.0299987792969,405.2099914550781,403.57452392578125,29667100,0.0,0.0
2026-05-14,404.4800109863281,411.8399963378906,400.8800048828125,409.42999267578125,407.7774658203125,27077500,0.0,0.0
2026-05-15,414.2699890136719,428.1700134277344,412.9100036621094,421.9200134277344,420.2170715332031,50771200,0.0,0.0
2026-05-18,416.6199951171875,425.1199951171875,415.6099853515625,423.5400085449219,421.83056640625,32564100,0.0,0.0
2026-05-19,429.8999938964844,432.70001220703125,416.489990234375,417.4200134277344,415.7352600097656,33018700,0.0,0.0
2026-05-20,414.1700134277344,422.1000061035156,411.29998779296875,421.05999755859375,419.36053466796875,27864000,0.0,0.0
2026-05-21,424.75,426.3399963378906,415.7099914550781,419.0899963378906,418.3025207519531,31393500,0.91,0.0
2026-05-22,419.5400085449219,424.3999938964844,416.3299865722656,418.57000732421875,417.7835388183594,22390300,0.0,0.0
2026-05-26,416.42999267578125,419.7699890136719,413.0199890136719,416.0299987792969,415.248291015625,30398000,0.0,0.0
2026-05-27,411.010009765625,415.94000244140625,409.5799865722656,412.6700134277344,411.8946228027344,28901500,0.0,0.0
2026-05-28,412.9800109863281,429.489990234375,412.6700134277344,426.989990234375,426.18768310546875,47250500,0.0,0.0
2026-05-29,432.54998779296875,450.3299865722656,432.3599853515625,450.239990234375,449.3940124511719,79654400,0.0,0.0
2026-06-01,464.8399963378906,466.32000732421875,458.2699890136719,460.5199890136719,459.6546936035156,53628900,0.0,0.0
2026-06-02,446.8800048828125,453.5,440.42999267578125,441.30999755859375,440.48077392578125,37036800,0.0,0.0
2026-06-03,438.45001220703125,440.3900146484375,424.25,427.3399963378906,426.53704833984375,39037000,0.0,0.0
2026-06-04,435.80999755859375,436.1499938964844,426.4100036621094,428.04998779296875,427.2456970214844,26899500,0.0,0.0
2026-06-05,428.3399963378906,429.4700012207031,414.3999938964844,416.6700134277344,415.8870849609375,34782200,0.0,0.0
2026-06-08,414.1400146484375,417.1600036621094,408.55999755859375,411.739990234375,410.9663391113281,32086700,0.0,0.0
2026-06-09,409.0299987792969,411.9800109863281,398.4800109863281,403.4100036621094,402.6520080566406,35317300,0.0,0.0
2026-06-10,398.54998779296875,405.0400085449219,397.1600036621094,397.3599853515625,396.61334228515625,32576000,0.0,0.0
2026-06-11,395.2099914550781,396.8500061035156,384.0,390.3399963378906,389.6065673828125,47224100,0.0,0.0
2026-06-12,391.42999267578125,391.739990234375,382.2699890136719,390.739990234375,390.00579833984375,34865800,0.0,0.0
2026-06-15,396.79998779296875,401.75,392.8500061035156,399.760009765625,399.0088806152344,32266400,0.0,0.0
2026-06-16,395.7900085449219,396.8399963378906,390.69000244140625,393.8299865722656,393.0899963378906,31506800,0.0,0.0
2026-06-17,390.25,390.3699951171875,377.32000732421875,378.9100036621094,378.1980285644531,41987800,0.0,0.0
2026-06-18,377.82000732421875,381.3699951171875,373.2799987792969,379.3999938964844,378.6871032714844,59714200,0.0,0.0
2026-06-22,375.739990234375,381.6300048828125,367.07000732421875,367.3399963378906,366.6497802734375,45171100,0.0,0.0
2026-06-23,372.3800048828125,377.2200012207031,370.6700134277344,373.94000244140625,373.23736572265625,40647600,0.0,0.0
2026-06-24,371.57000732421875,378.8800048828125,364.7799987792969,365.4599914550781,364.7733154296875,44509900,0.0,0.0
2026-06-25,362.7699890136719,364.2300109863281,349.20001220703125,352.8299865722656,352.1670227050781,66179000,0.0,0.0
2026-06-26,357.1499938964844,376.6099853515625,355.42999267578125,372.9700012207031,372.2691955566406,186201600,0.0,0.0
2026-06-29,377.5,380.5,359.8999938964844,368.57000732421875,367.8774719238281,51229900,0.0,0.0
2026-06-30,371.0299987792969,374.1499938964844,367.45001220703125,373.0199890136719,372.319091796875,44945700,0.0,0.0
2026-07-01,380.8299865722656,388.8299865722656,374.8900146484375,384.2799987792969,383.5579528808594,48065800,0.0,0.0
2026-07-02,384.4800109863281,392.20001220703125,383.70001220703125,390.489990234375,389.7562561035156,42128900,0.0,0.0
2026-07-06,387.0400085449219,389.1499938964844,381.2200012207031,386.739990234375,386.0133056640625,34224500,0.0,0.0
2026-07-07,392.489990234375,395.57000732421875,388.2200012207031,388.8399963378906,388.109375,29297500,0.0,0.0
2026-07-08,384.0299987792969,385.30999755859375,381.3299865722656,383.3399963378906,382.6197204589844,25908300,0.0,0.0
2026-07-09,374.45001220703125,384.6499938964844,373.3500061035156,384.3599853515625,383.6377868652344,31083200,0.0,0.0
2026-07-10,387.79998779296875,391.9100036621094,381.5,385.1000061035156,384.37640380859375,24644600,0.0,0.0
2026-07-13,387.75,393.6499938964844,384.1499938964844,390.989990234375,390.2553405761719,28914900,0.0,0.0
2026-07-14,382.82000732421875,388.19000244140625,378.6499938964844,384.92999267578125,384.20672607421875,27863900,0.0,0.0
2026-07-15,387.79998779296875,398.9599914550781,386.3999938964844,395.6300048828125,394.8866271972656,36253700,0.0,0.0
2026-07-16,398.30999755859375,405.989990234375,392.04998779296875,401.1000061035156,400.3463439941406,37047400,0.0,0.0
2026-07-17,394.8599853515625,398.3900146484375,389.3900146484375,393.82000732421875,393.08001708984375,33049800,0.0,0.0
2026-07-20,391.4100036621094,403.17999267578125,389.6499938964844,402.2900085449219,401.53411865234375,27915800,0.0,0.0
2026-07-21,398.80999755859375,401.4700012207031,396.32000732421875,397.75,397.00262451171875,24126600,0.0,0.0
2026-07-22,399.5799865722656,401.0,386.9599914550781,390.3399963378906,389.6065673828125,28142500,0.0,0.0
2026-07-23,389.9700012207031,391.7799987792969,377.3900146484375,381.5799865722656,380.8630065917969,30351800,0.0,0.0
2026-07-24,387.04998779296875,389.0299987792969,380.6499938964844,381.70001220703125,380.9828186035156,27659400,0.0,0.0
2026-07-27,390.0799865722656,394.20001220703125,387.989990234375,389.1000061035156,388.368896484375,27856200,0.0,0.0
2026-07-28,393.1600036621094,400.32000732421875,391.29998779296875,393.3500061035156,392.61090087890625,32367500,0.0,0.0
2026-07-29,393.3999938964844,401.25,388.739990234375,390.5400085449219,389.8061828613281,47209000,0.0,0.0
2026-07-30,437.8999938964844,458.69000244140625,432.44000244140625,451.1000061035156,450.2524108886719,110160700,0.0,0.0
2026-07-31,450.0,466.8399963378906,449.3299865722656,464.7200012207031,463.8468017578125,60846000,0.0,0.0
2026-08-03,476.1300048828125,491.6499938964844,475.0,487.6499938964844,486.73370361328125,66762100,0.0,0.0
2026-08-04,480.8999938964844,499.44000244140625,479.1700134277344,492.80999755859375,491.884033203125,50455500,0.0,0.0
2026-08-05,496.3599853515625,498.239990234375,485.67999267578125,487.4599914550781,486.5440673828125,33388900,0.0,0.0
2026-08-06,488.54998779296875,501.55999755859375,488.5199890136719,499.8599853515625,498.9207458496094,36441500,0.0,0.0
2026-08-07,499.2099914550781,505.17999267578125,498.7300109863281,499.989990234375,499.0505065917969,28846200,0.0,0.0
2026-08-10,503.44000244140625,513.72998046875,502.2699890136719,506.05999755859375,505.109130859375,31206100,0.0,0.0
2026-08-11,504.3299865722656,505.3299865722656,499.54998779296875,503.80999755859375,502.86334228515625,23049800,0.0,0.0
2026-08-12,499.989990234375,501.5,491.5199890136719,492.42999267578125,491.5047302246094,29001500,0.0,0.0
2026-08-13,493.2699890136719,501.3399963378906,493.010009765625,496.8800048828125,495.9463806152344,23039000,0.0,0.0
2026-08-14,496.3599853515625,500.010009765625,493.9200134277344,495.3999938964844,494.4691467285156,16217600,0.0,0.0
2026-08-17,490.1400146484375,492.6600036621094,478.4100036621094,480.3500061035156,479.44744873046875,29635800,0.0,0.0
2026-08-18,481.5400085449219,484.2699890136719,477.1499938964844,481.6300048828125,480.72503662109375,24087600,0.0,0.0
2026-08-19,480.07000732421875,489.29998779296875,479.3599853515625,484.30999755859375,483.3999938964844,19961900,0.0,0.0
2026-08-20,483.29998779296875,484.1600036621094,479.5,481.1499938964844,481.1499938964844,20020800,0.91,0.0
2026-08-21,479.8800048828125,486.3599853515625,478.5299987792969,483.239990234375,483.239990234375,22510800,0.0,0.0
2026-08-24,483.2099914550781,490.6099853515625,481.8599853515625,487.30999755859375,487.30999755859375,17230800,0.0,0.0
2026-08-25,485.44000244140625,492.44000244140625,484.29998779296875,491.7099914550781,491.7099914550781,19519000,0.0,0.0
2026-08-26,487.8500061035156,497.3999938964844,487.30999755859375,496.3699951171875,496.3699951171875,20712000,0.0,0.0
