Price,Adj Close,Close,Dividends,High,Low,Open,Stock Splits,Volume
Ticker,MSFT,MSFT,MSFT,MSFT,MSFT,MSFT,MSFT,MSFT
Date,,,,,,,,
2015-01-02,39.607173919677734,46.7599983215332,0.0,47.41999816894531,46.540000915527344,46.65999984741211,0.0,27913900
2015-01-05,39.24296188354492,46.33000183105469,0.0,46.72999954223633,46.25,46.369998931884766,0.0,39673900
2015-01-06,38.66698455810547,45.650001525878906,0.0,46.75,45.540000915527344,46.380001068115234,0.0,36447900
2015-01-07,39.15825653076172,46.22999954223633,0.0,46.459999084472656,45.4900016784668,45.97999954223633,0.0,29114100
2015-01-08,40.310218811035156,47.59000015258789,0.0,47.75,46.720001220703125,46.75,0.0,29645200
2015-01-09,39.97140884399414,47.189998626708984,0.0,47.81999969482422,46.900001525878906,47.61000061035156,0.0,23944200
2015-01-12,39.47165298461914,46.599998474121094,0.0,47.540000915527344,46.36000061035156,47.41999816894531,0.0,23651900
2015-01-13,39.268375396728516,46.36000061035156,0.0,47.90999984741211,46.060001373291016,46.970001220703125,0.0,35270600
2015-01-14,38.92954635620117,45.959999084472656,0.0,46.2400016784668,45.619998931884766,45.959999084472656,0.0,29719600
2015-01-15,38.52298355102539,45.47999954223633,0.0,46.380001068115234,45.40999984741211,46.220001220703125,0.0,32750800
2015-01-16,39.16671371459961,46.2400016784668,0.0,46.279998779296875,45.16999816894531,45.310001373291016,0.0,35695300
2015-01-20,39.29377746582031,46.38999938964844,0.0,46.650001525878906,45.56999969482422,46.29999923706055,0.0,36161900
2015-01-21,38.89567184448242,45.91999816894531,0.0,46.13999938964844,45.47999954223633,45.939998626708984,0.0,39081100
2015-01-22,39.92057418823242,47.130001068115234,0.0,47.13999938964844,46.08000183105469,46.380001068115234,0.0,35898000
2015-01-23,39.96294021606445,47.18000030517578,0.0,47.38999938964844,46.79999923706055,47.36000061035156,0.0,26211600
2015-01-26,39.818946838378906,47.0099983215332,0.0,47.130001068115234,46.2400016784668,47.0,0.0,42525500
2015-01-27,36.13434982299805,42.65999984741211,0.0,43.20000076293945,42.11000061035156,42.95000076293945,0.0,169164000
2015-01-28,34.88921356201172,41.189998626708984,0.0,42.790000915527344,41.15999984741211,42.7400016784668,0.0,84507100
2015-01-29,35.583778381347656,42.0099983215332,0.0,42.119998931884766,40.790000915527344,40.93000030517578,0.0,63585300
2015-01-30,34.22005844116211,40.400001525878906,0.0,41.58000183105469,40.349998474121094,41.54999923706055,0.0,78004900
2015-02-02,34.96543884277344,41.279998779296875,0.0,41.369998931884766,40.22999954223633,40.59000015258789,0.0,50352500
2015-02-03,35.23650360107422,41.599998474121094,0.0,41.93000030517578,41.04999923706055,41.630001068115234,0.0,52082400
2015-02-04,35.439781188964844,41.84000015258789,0.0,42.209999084472656,41.36000061035156,41.939998626708984,0.0,41614800
2015-02-05,35.95650100708008,42.45000076293945,0.0,42.63999938964844,41.86000061035156,42.220001220703125,0.0,36548200
2015-02-06,35.922603607177734,42.40999984741211,0.0,42.790000915527344,42.150001525878906,42.68000030517578,0.0,34616600
2015-02-09,35.8802490234375,42.36000061035156,0.0,42.7400016784668,42.209999084472656,42.2400016784668,0.0,31381100
2015-02-10,36.083526611328125,42.599998474121094,0.0,42.77000045776367,42.18000030517578,42.7400016784668,0.0,29670700
2015-02-11,35.89717483520508,42.380001068115234,0.0,42.650001525878906,42.209999084472656,42.650001525878906,0.0,38262500
2015-02-12,36.49856948852539,43.09000015258789,0.0,43.09000015258789,42.5099983215332,42.65999984741211,0.0,33268800
2015-02-13,37.15925979614258,43.869998931884766,0.0,43.869998931884766,43.150001525878906,43.380001068115234,0.0,40264900
2015-02-17,37.17631912231445,43.58000183105469,0.31,44.0,43.189998626708984,43.970001220703125,0.0,33695700
2015-02-18,37.133670806884766,43.529998779296875,0.0,43.70000076293945,43.38999938964844,43.630001068115234,0.0,27111700
2015-02-19,37.10807800292969,43.5,0.0,43.529998779296875,43.04999923706055,43.18000030517578,0.0,27603400
2015-02-20,37.415191650390625,43.86000061035156,0.0,43.880001068115234,43.290000915527344,43.5099983215332,0.0,29721100
2015-02-23,37.66257858276367,44.150001525878906,0.0,44.189998626708984,43.650001525878906,43.70000076293945,0.0,32518800
2015-02-24,37.61138153076172,44.09000015258789,0.0,44.29999923706055,43.91999816894531,44.150001525878906,0.0,25271700
2015-02-25,37.52607727050781,43.9900016784668,0.0,44.09000015258789,43.79999923706055,43.95000076293945,0.0,29759800
2015-02-26,37.58578872680664,44.060001373291016,0.0,44.22999954223633,43.88999938964844,43.9900016784668,0.0,28957300
2015-02-27,37.406654357910156,43.849998474121094,0.0,44.20000076293945,43.65999984741211,44.130001068115234,0.0,33807700
2015-03-02,37.4322395324707,43.880001068115234,0.0,44.189998626708984,43.54999923706055,43.66999816894531,0.0,31924000
2015-03-03,36.92040252685547,43.279998779296875,0.0,43.83000183105469,43.09000015258789,43.560001373291016,0.0,31748600
2015-03-04,36.73272705078125,43.060001373291016,0.0,43.209999084472656,42.880001068115234,43.0099983215332,0.0,25748700
2015-03-05,36.775390625,43.11000061035156,0.0,43.2400016784668,42.81999969482422,43.06999969482422,0.0,23193500
2015-03-06,36.135589599609375,42.36000061035156,0.0,43.11000061035156,42.150001525878906,43.0,0.0,36248800
2015-03-09,36.553585052490234,42.849998474121094,0.0,43.130001068115234,42.189998626708984,42.189998626708984,0.0,32108000
2015-03-10,35.854087829589844,42.029998779296875,0.0,42.709999084472656,42.029998779296875,42.349998474121094,0.0,39159700
2015-03-11,35.81141662597656,41.97999954223633,0.0,42.369998931884766,41.84000015258789,42.310001373291016,0.0,32215300
2015-03-12,34.992488861083984,41.02000045776367,0.0,41.650001525878906,40.86000061035156,41.33000183105469,0.0,59992500
2015-03-13,35.29959487915039,41.380001068115234,0.0,41.470001220703125,40.61000061035156,40.70000076293945,0.0,58007700
2015-03-16,35.45315170288086,41.560001373291016,0.0,41.63999938964844,41.279998779296875,41.470001220703125,0.0,35273500
2015-03-17,35.572574615478516,41.70000076293945,0.0,41.83000183105469,41.150001525878906,41.369998931884766,0.0,31673400
2015-03-18,36.2550163269043,42.5,0.0,42.83000183105469,41.33000183105469,41.43000030517578,0.0,44194800
2015-03-19,36.07587814331055,42.290000915527344,0.0,42.59000015258789,42.220001220703125,42.2599983215332,0.0,33879100
2015-03-20,36.579185485839844,42.880001068115234,0.0,42.97999954223633,42.4900016784668,42.560001373291016,0.0,71904500
2015-03-23,36.56211853027344,42.86000061035156,0.0,43.130001068115234,42.779998779296875,42.880001068115234,0.0,26246100
2015-03-24,36.59624481201172,42.900001525878906,0.0,43.16999816894531,42.75,42.779998779296875,0.0,25513300
2015-03-25,35.36783981323242,41.459999084472656,0.0,42.93000030517578,41.439998626708984,42.91999816894531,0.0,43469900
2015-03-26,35.15456008911133,41.209999084472656,0.0,41.61000061035156,40.91999816894531,41.220001220703125,0.0,37495600
2015-03-27,34.949832916259766,40.970001220703125,0.0,41.43000030517578,40.83000183105469,41.119998931884766,0.0,34401400
2015-03-30,34.94129943847656,40.959999084472656,0.0,41.540000915527344,40.90999984741211,41.099998474121094,0.0,35049700
2015-03-31,34.685386657714844,40.65999984741211,0.0,41.029998779296875,40.540000915527344,40.779998779296875,0.0,34887200
2015-04-01,34.73657989501953,40.720001220703125,0.0,40.7599983215332,40.310001373291016,40.599998474121094,0.0,36865300
2015-04-02,34.36975860595703,40.290000915527344,0.0,40.7400016784668,40.119998931884766,40.65999984741211,0.0,37487500
2015-04-06,35.444610595703125,41.54999923706055,0.0,41.779998779296875,40.18000030517578,40.34000015258789,0.0,39223700
2015-04-07,35.42755889892578,41.529998779296875,0.0,41.90999984741211,41.310001373291016,41.61000061035156,0.0,28809400
2015-04-08,35.33369827270508,41.41999816894531,0.0,41.689998626708984,41.040000915527344,41.459999084472656,0.0,24753400
2015-04-09,35.384883880615234,41.47999954223633,0.0,41.619998931884766,41.25,41.25,0.0,25723900
2015-04-10,35.58963394165039,41.720001220703125,0.0,41.95000076293945,41.40999984741211,41.630001068115234,0.0,28022000
2015-04-13,35.62375259399414,41.7599983215332,0.0,42.060001373291016,41.38999938964844,41.400001525878906,0.0,30276700
2015-04-14,35.5299186706543,41.650001525878906,0.0,42.029998779296875,41.38999938964844,41.79999923706055,0.0,24244400
2015-04-15,36.050289154052734,42.2599983215332,0.0,42.459999084472656,41.68000030517578,41.7599983215332,0.0,27343600
2015-04-16,35.9649772644043,42.15999984741211,0.0,42.34000015258789,41.81999969482422,41.95000076293945,0.0,22509700
2015-04-17,35.50431823730469,41.619998931884766,0.0,41.7400016784668,41.15999984741211,41.66999816894531,0.0,42387600
2015-04-20,36.60476303100586,42.90999984741211,0.0,43.16999816894531,41.68000030517578,41.72999954223633,0.0,46057700
2015-04-21,36.37445068359375,42.63999938964844,0.0,43.150001525878906,42.529998779296875,43.0,0.0,26013800
2015-04-22,36.67301559448242,42.9900016784668,0.0,43.130001068115234,42.54999923706055,42.66999816894531,0.0,25064300
2015-04-23,36.971580505371094,43.34000015258789,0.0,43.61000061035156,42.79999923706055,42.88999938964844,0.0,46309500
2015-04-24,40.8359489440918,47.869998931884766,0.0,48.13999938964844,45.650001525878906,45.65999984741211,0.0,130933700
2015-04-27,40.97243118286133,48.029998779296875,0.0,48.130001068115234,47.220001220703125,47.22999954223633,0.0,59248200
2015-04-28,41.93638610839844,49.15999984741211,0.0,49.209999084472656,47.70000076293945,47.779998779296875,0.0,60730800
2015-04-29,41.85108184814453,49.060001373291016,0.0,49.310001373291016,48.5,48.720001220703125,0.0,47804600
2015-04-30,41.4927978515625,48.63999938964844,0.0,49.540000915527344,48.599998474121094,48.70000076293945,0.0,64725500
2015-05-01,41.50986099243164,48.65999984741211,0.0,48.880001068115234,48.400001525878906,48.58000183105469,0.0,38937300
2015-05-04,41.15157699584961,48.2400016784668,0.0,48.869998931884766,48.18000030517578,48.369998931884766,0.0,34039500
2015-05-05,40.605621337890625,47.599998474121094,0.0,48.15999984741211,47.310001373291016,47.81999969482422,0.0,50369200
2015-05-06,39.479583740234375,46.279998779296875,0.0,47.77000045776367,46.02000045776367,47.56999969482422,0.0,52433000
2015-05-07,39.837860107421875,46.70000076293945,0.0,47.09000015258789,46.15999984741211,46.27000045776367,0.0,32971700
2015-05-08,40.733577728271484,47.75,0.0,47.97999954223633,47.52000045776367,47.54999923706055,0.0,35364900
2015-05-11,40.4094123840332,47.369998931884766,0.0,47.90999984741211,47.369998931884766,47.54999923706055,0.0,24609400
2015-05-12,40.392356872558594,47.349998474121094,0.0,47.68000030517578,46.41999816894531,46.849998474121094,0.0,29928300
2015-05-13,40.63121032714844,47.630001068115234,0.0,48.31999969482422,47.56999969482422,48.189998626708984,0.0,34184600
2015-05-14,41.56104278564453,48.720001220703125,0.0,48.81999969482422,48.029998779296875,48.029998779296875,0.0,32980900
2015-05-15,41.20275115966797,48.29999923706055,0.0,48.90999984741211,48.04999923706055,48.869998931884766,0.0,28642700
2015-05-18,40.955379486083984,48.0099983215332,0.0,48.220001220703125,47.61000061035156,47.97999954223633,0.0,24136500
2015-05-19,40.852352142333984,47.58000183105469,0.31,47.810001373291016,47.18000030517578,47.560001373291016,0.0,28574800
2015-05-20,40.852352142333984,47.58000183105469,0.0,47.93000030517578,47.27000045776367,47.38999938964844,0.0,25047900
2015-05-21,40.714969635009766,47.41999816894531,0.0,47.599998474121094,47.0099983215332,47.279998779296875,0.0,22410700
2015-05-22,40.268497467041016,46.900001525878906,0.0,47.349998474121094,46.81999969482422,47.29999923706055,0.0,25720600
2015-05-26,40.0023307800293,46.59000015258789,0.0,46.880001068115234,46.189998626708984,46.83000183105469,0.0,29581900
2015-05-27,40.87809371948242,47.61000061035156,0.0,47.77000045776367,46.619998931884766,46.81999969482422,0.0,27335600
2015-05-28,40.740726470947266,47.45000076293945,0.0,48.02000045776367,47.38999938964844,47.5,0.0,19283700
2015-05-29,40.2341423034668,46.86000061035156,0.0,47.56999969482422,46.59000015258789,47.43000030517578,0.0,36519600
2015-06-01,40.55182647705078,47.22999954223633,0.0,47.77000045776367,46.619998931884766,47.060001373291016,0.0,28837300
2015-06-02,40.28566360473633,46.91999816894531,0.0,47.349998474121094,46.619998931884766,46.93000030517578,0.0,21498300
2015-06-03,40.225555419921875,46.849998474121094,0.0,47.7400016784668,46.81999969482422,47.369998931884766,0.0,28002200
2015-06-04,39.804847717285156,46.36000061035156,0.0,47.15999984741211,46.20000076293945,46.790000915527344,0.0,27745500
2015-06-05,39.61594772338867,46.13999938964844,0.0,46.52000045776367,45.84000015258789,46.310001373291016,0.0,25438100
2015-06-08,39.26392364501953,45.72999954223633,0.0,46.43000030517578,45.66999816894531,46.29999923706055,0.0,22121600
2015-06-09,39.195228576660156,45.650001525878906,0.0,45.939998626708984,45.459999084472656,45.7599983215332,0.0,24406100
2015-06-10,40.019493103027344,46.61000061035156,0.0,46.83000183105469,45.689998626708984,45.790000915527344,0.0,28417400
2015-06-11,39.87352752685547,46.439998626708984,0.0,46.91999816894531,46.130001068115234,46.65999984741211,0.0,27347800
2015-06-12,39.469993591308594,45.970001220703125,0.0,46.470001220703125,45.900001525878906,46.220001220703125,0.0,23931000
2015-06-15,39.04926681518555,45.47999954223633,0.0,45.650001525878906,45.02000045776367,45.45000076293945,0.0,33254500
2015-06-16,39.34980010986328,45.83000183105469,0.0,46.2400016784668,45.29999923706055,45.349998474121094,0.0,27070300
2015-06-17,39.469993591308594,45.970001220703125,0.0,46.06999969482422,45.36000061035156,45.72999954223633,0.0,28704100
2015-06-18,40.113929748535156,46.720001220703125,0.0,46.79999923706055,46.16999816894531,46.220001220703125,0.0,32658300
2015-06-19,39.58158493041992,46.099998474121094,0.0,46.83000183105469,45.9900016784668,46.790000915527344,0.0,63837000
2015-06-22,39.6932373046875,46.22999954223633,0.0,46.720001220703125,46.15999984741211,46.33000183105469,0.0,20318100
2015-06-23,39.41847610473633,45.90999984741211,0.0,46.279998779296875,45.619998931884766,46.130001068115234,0.0,25896500
2015-06-24,39.186649322509766,45.63999938964844,0.0,46.25,45.54999923706055,45.66999816894531,0.0,34890900
2015-06-25,39.195228576660156,45.650001525878906,0.0,46.060001373291016,45.5,46.029998779296875,0.0,20616000
2015-06-26,38.86037826538086,45.2599983215332,0.0,46.279998779296875,45.029998779296875,45.650001525878906,0.0,49835300
2015-06-29,38.09624099731445,44.369998931884766,0.0,45.22999954223633,44.36000061035156,45.040000915527344,0.0,34081700
2015-06-30,37.9073371887207,44.150001525878906,0.0,44.720001220703125,43.939998626708984,44.709999084472656,0.0,35945400
2015-07-01,38.1649055480957,44.45000076293945,0.0,45.22999954223633,44.099998474121094,44.459999084472656,0.0,28343900
2015-07-02,38.12198257446289,44.400001525878906,0.0,44.75,44.060001373291016,44.47999954223633,0.0,21752000
2015-07-06,38.113380432128906,44.38999938964844,0.0,44.47999954223633,43.95000076293945,43.959999084472656,0.0,23034000
2015-07-07,38.0361213684082,44.29999923706055,0.0,44.4900016784668,43.31999969482422,44.34000015258789,0.0,36435800
2015-07-08,37.98461151123047,44.2400016784668,0.0,44.900001525878906,44.029998779296875,44.439998626708984,0.0,39785900
2015-07-09,38.22500991821289,44.52000045776367,0.0,45.220001220703125,44.5,44.75,0.0,32424700
2015-07-10,38.302284240722656,44.61000061035156,0.0,45.13999938964844,44.56999969482422,45.0099983215332,0.0,25465800
2015-07-13,39.10078048706055,45.540000915527344,0.0,45.619998931884766,44.95000076293945,44.97999954223633,0.0,28178300
2015-07-14,39.16946792602539,45.619998931884766,0.0,45.959999084472656,45.310001373291016,45.45000076293945,0.0,22880300
2015-07-15,39.289676666259766,45.7599983215332,0.0,45.88999938964844,45.43000030517578,45.68000030517578,0.0,26629600
2015-07-16,40.06241989135742,46.65999984741211,0.0,46.689998626708984,45.970001220703125,46.0099983215332,0.0,26271700
2015-07-17,40.02808380126953,46.619998931884766,0.0,46.779998779296875,46.2599983215332,46.54999923706055,0.0,29467100
2015-07-20,40.28566360473633,46.91999816894531,0.0,47.130001068115234,46.439998626708984,46.650001525878906,0.0,30631900
2015-07-21,40.594764709472656,47.279998779296875,0.0,47.33000183105469,46.47999954223633,46.779998779296875,0.0,42781900
2015-07-22,39.10078048706055,45.540000915527344,0.0,46.93000030517578,45.20000076293945,45.439998626708984,0.0,59152400
2015-07-23,39.5901985168457,46.11000061035156,0.0,46.22999954223633,45.099998474121094,45.27000045776367,0.0,33934000
2015-07-24,39.44422912597656,45.939998626708984,0.0,46.31999969482422,45.79999923706055,45.90999984741211,0.0,32333200
2015-07-27,38.93764877319336,45.349998474121094,0.0,46.0099983215332,45.25,45.939998626708984,0.0,39701400
2015-07-28,38.929073333740234,45.34000015258789,0.0,45.63999938964844,44.790000915527344,45.58000183105469,0.0,34328900
2015-07-29,39.74473571777344,46.290000915527344,0.0,46.779998779296875,45.2599983215332,45.400001525878906,0.0,40945900
2015-07-30,40.25131607055664,46.880001068115234,0.0,47.400001525878906,45.93000030517578,46.2599983215332,0.0,39777900
2015-07-31,40.09675598144531,46.70000076293945,0.0,47.369998931884766,46.5,47.290000915527344,0.0,31201500
2015-08-03,40.19121170043945,46.810001373291016,0.0,47.0,46.45000076293945,46.97999954223633,0.0,24125900
2015-08-04,40.817996978759766,47.540000915527344,0.0,47.709999084472656,46.68000030517578,46.75,0.0,33403900
2015-08-05,40.852352142333984,47.58000183105469,0.0,48.40999984741211,47.540000915527344,47.97999954223633,0.0,26959700
2015-08-06,40.02808380126953,46.619998931884766,0.0,47.77000045776367,46.33000183105469,47.709999084472656,0.0,27368000
2015-08-07,40.13113021850586,46.7400016784668,0.0,46.779998779296875,46.2599983215332,46.38999938964844,0.0,19163000
2015-08-10,40.63768768310547,47.33000183105469,0.0,47.4900016784668,46.84000015258789,46.95000076293945,0.0,23079900
2015-08-11,39.847774505615234,46.40999984741211,0.0,46.939998626708984,45.900001525878906,46.81999969482422,0.0,29237400
2015-08-12,40.13113021850586,46.7400016784668,0.0,46.900001525878906,45.709999084472656,46.189998626708984,0.0,30181400
2015-08-13,40.12251663208008,46.72999954223633,0.0,47.099998474121094,46.4900016784668,47.060001373291016,0.0,22627200
2015-08-14,40.3543586730957,47.0,0.0,47.099998474121094,46.52000045776367,46.529998779296875,0.0,21473400
2015-08-17,40.62909698486328,47.31999969482422,0.0,47.45000076293945,46.56999969482422,46.810001373291016,0.0,21099700
2015-08-18,40.85382080078125,47.27000045776367,0.31,47.43000030517578,46.70000076293945,46.84000015258789,0.0,23574100
2015-08-19,40.28338623046875,46.61000061035156,0.0,47.08000183105469,46.29999923706055,46.779998779296875,0.0,31485500
2015-08-20,39.46235656738281,45.65999984741211,0.0,46.470001220703125,45.65999984741211,46.06999969482422,0.0,36238200
2015-08-21,37.2238883972168,43.06999969482422,0.0,45.47999954223633,43.06999969482422,45.29999923706055,0.0,70053100
2015-08-24,36.022560119628906,41.68000030517578,0.0,42.689998626708984,39.720001220703125,40.45000076293945,0.0,88753700
2015-08-25,34.976806640625,40.470001220703125,0.0,43.2400016784668,40.38999938964844,42.56999969482422,0.0,70616600
2015-08-26,36.91276550292969,42.709999084472656,0.0,42.84000015258789,41.060001373291016,42.0099983215332,0.0,63408000
2015-08-27,37.94123458862305,43.900001525878906,0.0,43.95000076293945,42.93000030517578,43.22999954223633,0.0,50943200
2015-08-28,37.967166900634766,43.93000030517578,0.0,44.150001525878906,43.38999938964844,43.400001525878906,0.0,28246700
2015-08-31,37.61281967163086,43.52000045776367,0.0,43.93000030517578,43.099998474121094,43.560001373291016,0.0,34441700
2015-09-01,36.1435661315918,41.81999969482422,0.0,42.59000015258789,41.65999984741211,42.16999816894531,0.0,49688900
2015-09-02,37.47452926635742,43.36000061035156,0.0,43.380001068115234,41.880001068115234,42.36000061035156,0.0,37671500
2015-09-03,37.59553527832031,43.5,0.0,43.97999954223633,43.279998779296875,43.40999984741211,0.0,28285200
2015-09-04,36.82634353637695,42.61000061035156,0.0,43.040000915527344,42.20000076293945,42.810001373291016,0.0,37138800
2015-09-08,37.93260192871094,43.88999938964844,0.0,44.0,43.20000076293945,43.29999923706055,0.0,32469800
2015-09-09,37.2238883972168,43.06999969482422,0.0,44.400001525878906,42.90999984741211,44.209999084472656,0.0,33469500
2015-09-10,37.414031982421875,43.290000915527344,0.0,43.790000915527344,42.75,43.119998931884766,0.0,31366600
2015-09-11,37.578250885009766,43.47999954223633,0.0,43.59000015258789,42.939998626708984,43.13999938964844,0.0,27132500
2015-09-14,37.19797897338867,43.040000915527344,0.0,43.439998626708984,42.86000061035156,43.43000030517578,0.0,23656000
2015-09-15,38.0103759765625,43.97999954223633,0.0,44.290000915527344,43.08000183105469,43.189998626708984,0.0,28882200
2015-09-16,38.28695297241211,44.29999923706055,0.0,44.380001068115234,43.84000015258789,43.970001220703125,0.0,23372200
2015-09-17,38.24372482299805,44.25,0.0,45.0,44.08000183105469,44.290000915527344,0.0,32768200
2015-09-18,37.578250885009766,43.47999954223633,0.0,43.9900016784668,43.33000183105469,43.5,0.0,63143700
2015-09-21,38.12273025512695,44.11000061035156,0.0,44.470001220703125,43.599998474121094,43.619998931884766,0.0,26177200
2015-09-22,37.94123458862305,43.900001525878906,0.0,44.04999923706055,43.310001373291016,43.380001068115234,0.0,28085900
2015-09-23,37.91530990600586,43.869998931884766,0.0,44.16999816894531,43.5099983215332,43.93000030517578,0.0,17145200
2015-09-24,37.949867248535156,43.90999984741211,0.0,44.130001068115234,43.27000045776367,43.45000076293945,0.0,27905600
2015-09-25,37.97581100463867,43.939998626708984,0.0,44.72999954223633,43.7599983215332,44.47999954223633,0.0,29384600
2015-09-28,37.414031982421875,43.290000915527344,0.0,44.09000015258789,43.209999084472656,43.83000183105469,0.0,27613800
2015-09-29,37.543678283691406,43.439998626708984,0.0,43.56999969482422,43.04999923706055,43.369998931884766,0.0,32763600
2015-09-30,38.25237274169922,44.2599983215332,0.0,44.29999923706055,43.65999984741211,43.880001068115234,0.0,34958900
2015-10-01,38.554866790771484,44.61000061035156,0.0,44.75,43.75,44.75,0.0,28657900
2015-10-02,39.384559631347656,45.56999969482422,0.0,45.56999969482422,43.91999816894531,44.27000045776367,0.0,41839000
2015-10-05,40.30067825317383,46.630001068115234,0.0,46.88999938964844,45.70000076293945,45.75,0.0,34369300
2015-10-06,40.404396057128906,46.75,0.0,47.18000030517578,46.220001220703125,46.33000183105469,0.0,27017200
2015-10-07,40.44761657714844,46.79999923706055,0.0,47.349998474121094,45.95000076293945,47.099998474121094,0.0,27711500
2015-10-08,41.009376525878906,47.45000076293945,0.0,47.52000045776367,46.5,46.560001373291016,0.0,33772700
2015-10-09,40.715518951416016,47.11000061035156,0.0,47.540000915527344,46.91999816894531,47.45000076293945,0.0,28600600
2015-10-12,40.62045669555664,47.0,0.0,47.06999969482422,46.5,46.97999954223633,0.0,19769100
2015-10-13,40.525394439697266,46.88999938964844,0.0,47.130001068115234,46.560001373291016,46.560001373291016,0.0,19987800
2015-10-14,40.343902587890625,46.68000030517578,0.0,47.099998474121094,46.529998779296875,46.650001525878906,0.0,24697800
2015-10-15,40.62910079956055,47.0099983215332,0.0,47.029998779296875,46.529998779296875,47.0099983215332,0.0,27189400
2015-10-16,41.06123733520508,47.5099983215332,0.0,47.540000915527344,46.900001525878906,47.02000045776367,0.0,26450300
2015-10-19,41.15629196166992,47.619998931884766,0.0,47.880001068115234,47.02000045776367,47.41999816894531,0.0,29387600
2015-10-20,41.28593826293945,47.77000045776367,0.0,47.810001373291016,47.02000045776367,47.439998626708984,0.0,30802200
2015-10-21,40.79331970214844,47.20000076293945,0.0,47.9900016784668,47.11000061035156,47.91999816894531,0.0,25144300
2015-10-22,41.51064682006836,48.029998779296875,0.0,48.95000076293945,47.09000015258789,47.529998779296875,0.0,56637100
2015-10-23,45.69370651245117,52.869998931884766,0.0,54.06999969482422,52.25,52.29999923706055,0.0,135227100
2015-10-26,46.88638687133789,54.25,0.0,54.31999969482422,52.5,52.529998779296875,0.0,64633300
2015-10-27,46.40238571166992,53.689998626708984,0.0,54.369998931884766,53.58000183105469,53.9900016784668,0.0,50999900
2015-10-28,46.65303039550781,53.97999954223633,0.0,53.97999954223633,52.86000061035156,53.540000915527344,0.0,47000800
2015-10-29,46.1171875,53.36000061035156,0.0,53.83000183105469,53.220001220703125,53.540000915527344,0.0,30202100
2015-10-30,45.49490737915039,52.63999938964844,0.0,53.9900016784668,52.619998931884766,53.31999969482422,0.0,46619800
2015-11-02,46.01348114013672,53.2400016784668,0.0,53.36000061035156,52.619998931884766,52.849998474121094,0.0,30285000
2015-11-03,46.799957275390625,54.150001525878906,0.0,54.38999938964844,52.900001525878906,52.93000030517578,0.0,36596900
2015-11-04,47.016014099121094,54.400001525878906,0.0,54.880001068115234,54.060001373291016,54.18000030517578,0.0,37087800
2015-11-05,46.99873352050781,54.380001068115234,0.0,54.70000076293945,54.0,54.4900016784668,0.0,31468500
2015-11-06,47.465431213378906,54.91999816894531,0.0,54.97999954223633,53.959999084472656,54.09000015258789,0.0,32851200
2015-11-09,46.808597564697266,54.15999984741211,0.0,54.869998931884766,53.560001373291016,54.54999923706055,0.0,32513100
2015-11-10,46.246822357177734,53.5099983215332,0.0,54.130001068115234,53.27000045776367,54.06999969482422,0.0,55283700
2015-11-11,46.367820739746094,53.650001525878906,0.0,54.20000076293945,53.459999084472656,53.70000076293945,0.0,36516300
2015-11-12,46.08261489868164,53.31999969482422,0.0,53.97999954223633,53.189998626708984,53.47999954223633,0.0,35361100
2015-11-13,45.66777038574219,52.84000015258789,0.0,53.290000915527344,52.529998779296875,53.06999969482422,0.0,36848200
2015-11-16,46.47154235839844,53.77000045776367,0.0,53.88999938964844,52.849998474121094,53.08000183105469,0.0,32165200
2015-11-17,46.08869934082031,52.970001220703125,0.36,53.529998779296875,52.849998474121094,53.16999816894531,0.0,31551300
2015-11-18,46.854366302490234,53.849998474121094,0.0,53.97999954223633,52.97999954223633,53.0,0.0,29710000
2015-11-19,46.932682037353516,53.939998626708984,0.0,54.65999984741211,53.779998779296875,53.9900016784668,0.0,28149200
2015-11-20,47.150203704833984,54.189998626708984,0.0,54.29999923706055,53.27000045776367,54.25,0.0,37147600
2015-11-23,47.150203704833984,54.189998626708984,0.0,54.459999084472656,53.75,54.25,0.0,28235900
2015-11-24,47.202415466308594,54.25,0.0,54.439998626708984,53.58000183105469,53.91999816894531,0.0,24600000
2015-11-25,46.71515655517578,53.689998626708984,0.0,54.22999954223633,53.689998626708984,54.09000015258789,0.0,21005100
2015-11-27,46.92396545410156,53.93000030517578,0.0,54.08000183105469,53.790000915527344,53.79999923706055,0.0,9009100
2015-11-30,47.2894172668457,54.349998474121094,0.0,54.959999084472656,54.0,54.540000915527344,0.0,56241400
2015-12-01,48.046409606933594,55.220001220703125,0.0,55.22999954223633,54.29999923706055,54.40999984741211,0.0,39952800
2015-12-02,48.037689208984375,55.209999084472656,0.0,55.959999084472656,55.060001373291016,55.31999969482422,0.0,47274900
2015-12-03,47.15892028808594,54.20000076293945,0.0,55.77000045776367,53.93000030517578,55.4900016784668,0.0,38627800
2015-12-04,48.646766662597656,55.90999984741211,0.0,56.22999954223633,54.099998474121094,54.119998931884766,0.0,43963700
2015-12-07,48.559749603271484,55.810001373291016,0.0,55.970001220703125,55.290000915527344,55.790000915527344,0.0,30709800
2015-12-08,48.54234313964844,55.790000915527344,0.0,56.099998474121094,54.9900016784668,55.470001220703125,0.0,32878000
2015-12-09,47.83757400512695,54.97999954223633,0.0,55.869998931884766,54.5099983215332,55.369998931884766,0.0,36373200
2015-12-10,48.089900970458984,55.27000045776367,0.0,55.65999984741211,55.0099983215332,55.38999938964844,0.0,31775800
2015-12-11,47.0370979309082,54.060001373291016,0.0,55.099998474121094,54.0099983215332,54.709999084472656,0.0,39549500
2015-12-14,47.9767951965332,55.13999938964844,0.0,55.209999084472656,53.68000030517578,54.33000183105469,0.0,46768900
2015-12-15,48.028995513916016,55.20000076293945,0.0,55.900001525878906,55.09000015258789,55.65999984741211,0.0,39843000
2015-12-16,48.83818054199219,56.130001068115234,0.0,56.25,54.7599983215332,55.540000915527344,0.0,37503300
2015-12-17,48.46403884887695,55.70000076293945,0.0,56.790000915527344,55.529998779296875,56.36000061035156,0.0,41280900
2015-12-18,47.09800720214844,54.130001068115234,0.0,56.0,54.029998779296875,55.77000045776367,0.0,84684200
2015-12-21,47.70707321166992,54.83000183105469,0.0,55.349998474121094,54.22999954223633,54.880001068115234,0.0,37246300
2015-12-22,48.15951156616211,55.349998474121094,0.0,55.47999954223633,54.5,54.9900016784668,0.0,28322200
2015-12-23,48.568458557128906,55.81999969482422,0.0,55.880001068115234,55.439998626708984,55.70000076293945,0.0,27279800
2015-12-24,48.43794631958008,55.66999816894531,0.0,55.959999084472656,55.43000030517578,55.86000061035156,0.0,9558500
2015-12-28,48.68156051635742,55.95000076293945,0.0,55.95000076293945,54.97999954223633,55.349998474121094,0.0,22458300
2015-12-29,49.20363235473633,56.54999923706055,0.0,56.849998474121094,56.060001373291016,56.290000915527344,0.0,27731400
2015-12-30,48.994808197021484,56.310001373291016,0.0,56.779998779296875,56.290000915527344,56.470001220703125,0.0,21704500
2015-12-31,48.27261734008789,55.47999954223633,0.0,56.189998626708984,55.41999816894531,56.040000915527344,0.0,27334100
2016-01-04,47.68096160888672,54.79999923706055,0.0,54.79999923706055,53.38999938964844,54.31999969482422,0.0,53778000
2016-01-05,47.89848709106445,55.04999923706055,0.0,55.38999938964844,54.540000915527344,54.93000030517578,0.0,34079700
2016-01-06,47.02839660644531,54.04999923706055,0.0,54.400001525878906,53.63999938964844,54.31999969482422,0.0,39518900
2016-01-07,45.39262771606445,52.16999816894531,0.0,53.4900016784668,52.06999969482422,52.70000076293945,0.0,56564900
2016-01-08,45.53182601928711,52.33000183105469,0.0,53.279998779296875,52.150001525878906,52.369998931884766,0.0,48754000
2016-01-11,45.5057258605957,52.29999923706055,0.0,52.849998474121094,51.459999084472656,52.5099983215332,0.0,36943800
2016-01-12,45.923377990722656,52.779998779296875,0.0,53.099998474121094,52.060001373291016,52.7599983215332,0.0,36095500
2016-01-13,44.93146896362305,51.63999938964844,0.0,54.06999969482422,51.29999923706055,53.79999923706055,0.0,66883600
2016-01-14,46.210506439208984,53.11000061035156,0.0,53.41999816894531,51.56999969482422,52.0,0.0,52381900
2016-01-15,44.36591339111328,50.9900016784668,0.0,51.970001220703125,50.34000015258789,51.310001373291016,0.0,71820700
2016-01-19,43.99177932739258,50.560001373291016,0.0,51.68000030517578,50.060001373291016,51.47999954223633,0.0,43564500
2016-01-20,44.19189453125,50.790000915527344,0.0,51.380001068115234,49.099998474121094,49.97999954223633,0.0,63273000
2016-01-21,43.92216110229492,50.47999954223633,0.0,51.58000183105469,50.29999923706055,51.0,0.0,40191200
2016-01-22,45.497032165527344,52.290000915527344,0.0,52.33000183105469,51.2599983215332,51.40999984741211,0.0,37555800
2016-01-25,45.061988830566406,51.790000915527344,0.0,52.650001525878906,51.650001525878906,51.939998626708984,0.0,34707700
2016-01-26,45.39262771606445,52.16999816894531,0.0,52.439998626708984,51.54999923706055,51.790000915527344,0.0,28900800
2016-01-27,44.56603240966797,51.220001220703125,0.0,52.20000076293945,51.02000045776367,52.0099983215332,0.0,36775200
2016-01-28,45.29692077636719,52.060001373291016,0.0,52.209999084472656,51.25,51.86000061035156,0.0,62513800
2016-01-29,47.933284759521484,55.09000015258789,0.0,55.09000015258789,54.0,54.72999954223633,0.0,83611700
2016-02-01,47.60266876220703,54.709999084472656,0.0,55.09000015258789,54.5,54.880001068115234,0.0,44208500
2016-02-02,46.11480712890625,53.0,0.0,54.2599983215332,52.650001525878906,54.16999816894531,0.0,56313800
2016-02-03,45.38393020629883,52.15999984741211,0.0,53.38999938964844,51.2599983215332,53.25,0.0,57559800
2016-02-04,45.24470138549805,52.0,0.0,52.810001373291016,51.369998931884766,52.099998474121094,0.0,46987100
2016-02-05,43.64374542236328,50.15999984741211,0.0,52.0,49.560001373291016,51.939998626708984,0.0,62009000
2016-02-08,42.99116516113281,49.40999984741211,0.0,49.56999969482422,48.189998626708984,49.54999923706055,0.0,59290500
2016-02-09,42.878055572509766,49.279998779296875,0.0,50.2400016784668,48.66999816894531,49.02000045776367,0.0,46740500
2016-02-10,43.25218963623047,49.709999084472656,0.0,50.38999938964844,49.52000045776367,49.88999938964844,0.0,38237000
2016-02-11,43.23478698730469,49.689998626708984,0.0,50.11000061035156,48.5099983215332,48.68000030517578,0.0,48878600
2016-02-12,43.939571380615234,50.5,0.0,50.68000030517578,49.75,50.25,0.0,34243300
2016-02-16,44.77208709716797,51.09000015258789,0.36,51.09000015258789,50.130001068115234,50.900001525878906,0.0,37291200
2016-02-17,45.9376220703125,52.41999816894531,0.0,52.77000045776367,51.45000076293945,51.4900016784668,0.0,40789000
2016-02-18,45.736061096191406,52.189998626708984,0.0,52.95000076293945,52.099998474121094,52.33000183105469,0.0,27176000
2016-02-19,45.411834716796875,51.81999969482422,0.0,52.279998779296875,51.529998779296875,51.970001220703125,0.0,33559100
2016-02-22,46.139183044433594,52.650001525878906,0.0,53.0,52.279998779296875,52.279998779296875,0.0,25008300
2016-02-23,44.85097122192383,51.18000030517578,0.0,52.369998931884766,50.97999954223633,52.34000015258789,0.0,28895300
2016-02-24,45.00872039794922,51.36000061035156,0.0,51.5,50.20000076293945,50.689998626708984,0.0,33014500
2016-02-25,45.65719223022461,52.099998474121094,0.0,52.099998474121094,50.61000061035156,51.72999954223633,0.0,26939500
2016-02-26,44.956119537353516,51.29999923706055,0.0,52.68000030517578,51.099998474121094,52.599998474121094,0.0,35975900
2016-02-29,44.58805465698242,50.880001068115234,0.0,51.650001525878906,50.65999984741211,51.349998474121094,0.0,31654000
2016-03-01,46.077850341796875,52.58000183105469,0.0,52.59000015258789,50.91999816894531,50.970001220703125,0.0,33024500
2016-03-02,46.40208435058594,52.95000076293945,0.0,52.959999084472656,52.15999984741211,52.40999984741211,0.0,29289900
2016-03-03,45.87628173828125,52.349998474121094,0.0,52.970001220703125,51.779998779296875,52.970001220703125,0.0,24427800
2016-03-04,45.59584045410156,52.029998779296875,0.0,52.45000076293945,51.709999084472656,52.400001525878906,0.0,33034200
2016-03-07,44.71950912475586,51.029998779296875,0.0,51.79999923706055,50.58000183105469,51.560001373291016,0.0,38407800
2016-03-08,45.262840270996094,51.650001525878906,0.0,52.130001068115234,50.599998474121094,50.79999923706055,0.0,33835100
2016-03-09,46.305686950683594,52.84000015258789,0.0,52.849998474121094,51.86000061035156,51.88999938964844,0.0,28251600
2016-03-10,45.61337661743164,52.04999923706055,0.0,52.939998626708984,51.15999984741211,52.93000030517578,0.0,38387800
2016-03-11,46.50724792480469,53.06999969482422,0.0,53.06999969482422,52.380001068115234,53.0,0.0,32275700
2016-03-14,46.59489059448242,53.16999816894531,0.0,53.59000015258789,52.630001068115234,52.709999084472656,0.0,24083600
2016-03-15,46.96294403076172,53.59000015258789,0.0,53.59000015258789,52.7400016784668,52.75,0.0,21104800
2016-03-16,47.628971099853516,54.349998474121094,0.0,54.599998474121094,53.400001525878906,53.45000076293945,0.0,31691700
2016-03-17,47.90061569213867,54.65999984741211,0.0,55.0,54.0,54.209999084472656,0.0,28223900
2016-03-18,46.87529373168945,53.4900016784668,0.0,54.970001220703125,53.45000076293945,54.91999816894531,0.0,67625500
2016-03-21,47.19953918457031,53.86000061035156,0.0,53.93000030517578,52.93000030517578,53.25,0.0,23925700
2016-03-22,47.383583068847656,54.06999969482422,0.0,54.25,53.459999084472656,53.61000061035156,0.0,23124100
2016-03-23,47.29594421386719,53.970001220703125,0.0,54.2400016784668,53.7400016784668,54.11000061035156,0.0,20129000
2016-03-24,47.50625991821289,54.209999084472656,0.0,54.33000183105469,53.72999954223633,53.84000015258789,0.0,19950000
2016-03-28,46.91911315917969,53.540000915527344,0.0,54.290000915527344,53.33000183105469,54.209999084472656,0.0,17025100
2016-03-29,47.944435119628906,54.709999084472656,0.0,54.86000061035156,53.45000076293945,53.65999984741211,0.0,23924300
2016-03-30,48.24239730834961,55.04999923706055,0.0,55.63999938964844,54.900001525878906,54.93000030517578,0.0,23008300
2016-03-31,48.4001350402832,55.22999954223633,0.0,55.59000015258789,54.86000061035156,54.95000076293945,0.0,26360500
2016-04-01,48.698089599609375,55.56999969482422,0.0,55.61000061035156,54.56999969482422,55.04999923706055,0.0,24399200
2016-04-04,48.575401306152344,55.43000030517578,0.0,55.65999984741211,55.0,55.43000030517578,0.0,18928800
2016-04-05,47.81297302246094,54.560001373291016,0.0,55.29999923706055,54.459999084472656,55.189998626708984,0.0,19272300
2016-04-06,48.303733825683594,55.119998931884766,0.0,55.20000076293945,54.209999084472656,54.36000061035156,0.0,21188700
2016-04-07,47.725341796875,54.459999084472656,0.0,54.90999984741211,54.22999954223633,54.869998931884766,0.0,19225100
2016-04-08,47.6902961730957,54.41999816894531,0.0,55.279998779296875,54.31999969482422,54.66999816894531,0.0,22167200
2016-04-11,47.593894958496094,54.310001373291016,0.0,55.150001525878906,54.29999923706055,54.4900016784668,0.0,21414200
2016-04-12,47.8918571472168,54.650001525878906,0.0,54.779998779296875,53.7599983215332,54.369998931884766,0.0,24944300
2016-04-13,48.50529479980469,55.349998474121094,0.0,55.439998626708984,54.88999938964844,55.119998931884766,0.0,20818000
2016-04-14,48.5140495300293,55.36000061035156,0.0,55.58000183105469,55.06999969482422,55.220001220703125,0.0,20877100
2016-04-15,48.76818084716797,55.650001525878906,0.0,55.91999816894531,55.11000061035156,55.29999923706055,0.0,28793800
2016-04-18,49.47803497314453,56.459999084472656,0.0,56.59000015258789,55.209999084472656,55.4900016784668,0.0,23786000
2016-04-19,49.41667175292969,56.38999938964844,0.0,56.77000045776367,55.68000030517578,56.630001068115234,0.0,29596800
2016-04-20,48.71560287475586,55.59000015258789,0.0,56.5,55.4900016784668,56.290000915527344,0.0,36195700
2016-04-21,48.882110595703125,55.779998779296875,0.0,56.22999954223633,55.41999816894531,55.79999923706055,0.0,38909100
2016-04-22,45.376766204833984,51.779998779296875,0.0,52.43000030517578,50.77000045776367,51.90999984741211,0.0,126834100
2016-04-25,45.66596984863281,52.11000061035156,0.0,52.130001068115234,51.630001068115234,51.779998779296875,0.0,33226900
2016-04-26,45.07881164550781,51.439998626708984,0.0,52.349998474121094,51.09000015258789,52.2599983215332,0.0,33532600
2016-04-27,44.64063262939453,50.939998626708984,0.0,51.5,50.54999923706055,51.47999954223633,0.0,43369300
2016-04-28,43.72925567626953,49.900001525878906,0.0,50.77000045776367,49.560001373291016,50.619998931884766,0.0,43134800
2016-04-29,43.702964782714844,49.869998931884766,0.0,50.25,49.349998474121094,49.349998474121094,0.0,48411700
2016-05-02,44.35145568847656,50.61000061035156,0.0,50.75,49.779998779296875,50.0,0.0,33114500
2016-05-03,43.62409591674805,49.779998779296875,0.0,50.40999984741211,49.599998474121094,50.34000015258789,0.0,26460200
2016-05-04,43.702964782714844,49.869998931884766,0.0,50.060001373291016,49.459999084472656,49.84000015258789,0.0,24257600
2016-05-05,43.76430130004883,49.939998626708984,0.0,50.29999923706055,49.72999954223633,49.869998931884766,0.0,25390700
2016-05-06,44.15865707397461,50.38999938964844,0.0,50.38999938964844,49.65999984741211,49.91999816894531,0.0,24787300
2016-05-09,43.87822341918945,50.06999969482422,0.0,50.59000015258789,50.0,50.4900016784668,0.0,17951600
2016-05-10,44.710758209228516,51.02000045776367,0.0,51.099998474121094,50.189998626708984,50.33000183105469,0.0,22891000
2016-05-11,44.73703384399414,51.04999923706055,0.0,51.779998779296875,51.0,51.130001068115234,0.0,24039100
2016-05-12,45.14015197753906,51.5099983215332,0.0,51.810001373291016,50.91999816894531,51.20000076293945,0.0,24102800
2016-05-13,44.76333236694336,51.08000183105469,0.0,51.900001525878906,51.040000915527344,51.439998626708984,0.0,22592300
2016-05-16,45.42058563232422,51.83000183105469,0.0,51.959999084472656,50.75,50.79999923706055,0.0,20032000
2016-05-17,44.57341766357422,50.5099983215332,0.36,51.72999954223633,50.36000061035156,51.720001220703125,0.0,27803500
2016-05-18,44.83815002441406,50.810001373291016,0.0,51.13999938964844,50.29999923706055,50.47999954223633,0.0,24907500
2016-05-19,44.40574264526367,50.31999969482422,0.0,50.619998931884766,49.81999969482422,50.470001220703125,0.0,23842400
2016-05-20,44.67047882080078,50.619998931884766,0.0,51.220001220703125,50.400001525878906,50.47999954223633,0.0,23905800
2016-05-23,44.149818420410156,50.029998779296875,0.0,50.68000030517578,49.97999954223633,50.599998474121094,0.0,26118700
2016-05-24,45.52648162841797,51.59000015258789,0.0,51.709999084472656,50.400001525878906,50.70000076293945,0.0,34757900
2016-05-25,45.99418640136719,52.119998931884766,0.0,52.4900016784668,51.790000915527344,51.91999816894531,0.0,24040200
2016-05-26,45.79121017456055,51.88999938964844,0.0,51.97999954223633,51.36000061035156,51.93000030517578,0.0,24335200
2016-05-27,46.17067337036133,52.31999969482422,0.0,52.31999969482422,51.77000045776367,51.91999816894531,0.0,17721400
2016-05-31,46.77075958251953,53.0,0.0,53.0,52.08000183105469,52.2599983215332,0.0,37653100
2016-06-01,46.638389587402344,52.849998474121094,0.0,52.95000076293945,52.439998626708984,52.439998626708984,0.0,25324800
2016-06-02,46.311885833740234,52.47999954223633,0.0,52.7400016784668,51.84000015258789,52.63999938964844,0.0,22840800
2016-06-03,45.70297622680664,51.790000915527344,0.0,52.41999816894531,51.599998474121094,52.380001068115234,0.0,23368300
2016-06-06,46.00301742553711,52.130001068115234,0.0,52.349998474121094,51.88999938964844,51.9900016784668,0.0,18243300
2016-06-07,45.976539611816406,52.099998474121094,0.0,52.72999954223633,52.099998474121094,52.2400016784668,0.0,20866800
2016-06-08,45.923587799072266,52.040000915527344,0.0,52.439998626708984,51.869998931884766,52.02000045776367,0.0,21149400
2016-06-09,45.552955627441406,51.619998931884766,0.0,52.0,51.4900016784668,52.0,0.0,20305700
2016-06-10,45.42940902709961,51.47999954223633,0.0,52.04999923706055,51.040000915527344,51.04999923706055,0.0,25833200
2016-06-13,44.24689483642578,50.13999938964844,0.0,50.720001220703125,49.060001373291016,49.58000183105469,0.0,83217800
2016-06-14,43.97333526611328,49.83000183105469,0.0,50.099998474121094,49.56999969482422,49.900001525878906,0.0,42577100
2016-06-15,43.849796295166016,49.689998626708984,0.0,50.119998931884766,49.689998626708984,49.779998779296875,0.0,33757600
2016-06-16,44.467529296875,50.38999938964844,0.0,50.470001220703125,49.5099983215332,49.52000045776367,0.0,31188600
2016-06-17,44.23808288574219,50.130001068115234,0.0,50.43000030517578,49.81999969482422,50.40999984741211,0.0,45710500
2016-06-20,44.18511962890625,50.06999969482422,0.0,50.83000183105469,50.029998779296875,50.63999938964844,0.0,35607900
2016-06-21,45.17350769042969,51.189998626708984,0.0,51.43000030517578,50.15999984741211,50.20000076293945,0.0,34097800
2016-06-22,44.99700164794922,50.9900016784668,0.0,51.459999084472656,50.95000076293945,51.08000183105469,0.0,28816800
2016-06-23,45.80887985229492,51.90999984741211,0.0,52.060001373291016,51.150001525878906,51.279998779296875,0.0,29028800
2016-06-24,43.97333526611328,49.83000183105469,0.0,50.939998626708984,49.52000045776367,49.810001373291016,0.0,133503000
2016-06-27,42.73788070678711,48.43000030517578,0.0,49.150001525878906,48.040000915527344,49.099998474121094,0.0,50216300
2016-06-28,43.62916946411133,49.439998626708984,0.0,49.470001220703125,48.66999816894531,48.91999816894531,0.0,38140700
2016-06-29,44.59988784790039,50.540000915527344,0.0,50.720001220703125,49.79999923706055,49.90999984741211,0.0,31304000
2016-06-30,45.155853271484375,51.16999816894531,0.0,51.29999923706055,50.5,50.720001220703125,0.0,28527800
2016-07-01,45.14701461791992,51.15999984741211,0.0,51.720001220703125,51.06999969482422,51.130001068115234,0.0,21400400
2016-07-05,45.155853271484375,51.16999816894531,0.0,51.279998779296875,50.7400016784668,50.83000183105469,0.0,24806400
2016-07-06,45.34115219116211,51.380001068115234,0.0,51.540000915527344,50.38999938964844,50.779998779296875,0.0,28167500
2016-07-07,45.34115219116211,51.380001068115234,0.0,51.61000061035156,51.06999969482422,51.41999816894531,0.0,19585200
2016-07-08,46.15302658081055,52.29999923706055,0.0,52.36000061035156,51.54999923706055,51.72999954223633,0.0,28391000
2016-07-11,46.40895462036133,52.59000015258789,0.0,52.83000183105469,52.470001220703125,52.5,0.0,22269200
2016-07-12,46.956077575683594,53.209999084472656,0.0,53.400001525878906,52.790000915527344,52.939998626708984,0.0,27317600
2016-07-13,47.2208137512207,53.5099983215332,0.0,53.86000061035156,53.18000030517578,53.560001373291016,0.0,25356800
2016-07-14,47.42378616333008,53.7400016784668,0.0,53.9900016784668,53.58000183105469,53.84000015258789,0.0,24545500
2016-07-15,47.38848114013672,53.70000076293945,0.0,54.0,53.209999084472656,53.95000076293945,0.0,32024400
2016-07-18,47.617923736572266,53.959999084472656,0.0,54.34000015258789,53.54999923706055,53.70000076293945,0.0,31433900
2016-07-19,46.85017395019531,53.09000015258789,0.0,53.900001525878906,52.93000030517578,53.709999084472656,0.0,53336500
2016-07-20,49.338741302490234,55.90999984741211,0.0,56.84000015258789,55.529998779296875,56.150001525878906,0.0,89893300
2016-07-21,49.24166488647461,55.79999923706055,0.0,56.22999954223633,55.7599983215332,55.97999954223633,0.0,32776700
2016-07-22,49.92116165161133,56.56999969482422,0.0,56.630001068115234,55.779998779296875,56.08000183105469,0.0,32157200
2016-07-25,50.06235885620117,56.72999954223633,0.0,56.7400016784668,56.2599983215332,56.470001220703125,0.0,25610600
2016-07-26,50.08884048461914,56.7599983215332,0.0,57.290000915527344,56.5099983215332,56.52000045776367,0.0,28079000
2016-07-27,49.5858268737793,56.189998626708984,0.0,56.79999923706055,56.11000061035156,56.61000061035156,0.0,32327500
2016-07-28,49.60347366333008,56.209999084472656,0.0,56.369998931884766,55.720001220703125,56.0,0.0,37550400
2016-07-29,50.01823806762695,56.68000030517578,0.0,56.7599983215332,56.04999923706055,56.2599983215332,0.0,30558700
2016-08-01,49.929996490478516,56.58000183105469,0.0,56.75,56.13999938964844,56.599998474121094,0.0,26003400
2016-08-02,49.929996490478516,56.58000183105469,0.0,56.900001525878906,56.310001373291016,56.849998474121094,0.0,35122000
2016-08-03,50.27416229248047,56.970001220703125,0.0,57.11000061035156,56.4900016784668,56.68000030517578,0.0,22075600
2016-08-04,50.6447868347168,57.38999938964844,0.0,57.52000045776367,56.66999816894531,56.79999923706055,0.0,26587700
2016-08-05,51.147796630859375,57.959999084472656,0.0,58.209999084472656,57.45000076293945,57.650001525878906,0.0,29335200
2016-08-08,51.23603439331055,58.060001373291016,0.0,58.09000015258789,57.779998779296875,58.060001373291016,0.0,19473500
2016-08-09,51.359588623046875,58.20000076293945,0.0,58.5,58.02000045776367,58.16999816894531,0.0,16920700
2016-08-10,51.20074462890625,58.02000045776367,0.0,58.31999969482422,57.81999969482422,58.15999984741211,0.0,15756900
2016-08-11,51.447853088378906,58.29999923706055,0.0,58.45000076293945,58.029998779296875,58.029998779296875,0.0,18162300
2016-08-12,51.13015365600586,57.939998626708984,0.0,58.189998626708984,57.619998931884766,58.029998779296875,0.0,21655200
2016-08-15,51.28900146484375,58.119998931884766,0.0,58.5,57.959999084472656,58.0099983215332,0.0,19283900
2016-08-16,51.00484085083008,57.439998626708984,0.36,57.619998931884766,57.27000045776367,57.61000061035156,0.0,20523500
2016-08-17,51.11139678955078,57.560001373291016,0.0,57.68000030517578,57.22999954223633,57.540000915527344,0.0,18856400
2016-08-18,51.146907806396484,57.599998474121094,0.0,57.70000076293945,57.27000045776367,57.41999816894531,0.0,14214300
2016-08-19,51.164676666259766,57.619998931884766,0.0,57.72999954223633,57.20000076293945,57.43000030517578,0.0,17271000
2016-08-22,51.209075927734375,57.66999816894531,0.0,57.75,57.2599983215332,57.599998474121094,0.0,15221900
2016-08-23,51.40443801879883,57.88999938964844,0.0,58.18000030517578,57.849998474121094,57.900001525878906,0.0,18732400
2016-08-24,51.457698822021484,57.95000076293945,0.0,58.040000915527344,57.720001220703125,57.79999923706055,0.0,18151500
2016-08-25,51.6530647277832,58.16999816894531,0.0,58.290000915527344,57.779998779296875,57.880001068115234,0.0,18552600
2016-08-26,51.52873992919922,58.029998779296875,0.0,58.70000076293945,57.689998626708984,58.279998779296875,0.0,20971200
2016-08-29,51.59089660644531,58.099998474121094,0.0,58.599998474121094,58.099998474121094,58.18000030517578,0.0,16417200
2016-08-30,51.40443801879883,57.88999938964844,0.0,58.189998626708984,57.61000061035156,57.97999954223633,0.0,16930200
2016-08-31,51.02259826660156,57.459999084472656,0.0,57.79999923706055,57.29999923706055,57.650001525878906,0.0,20860300
2016-09-01,51.138031005859375,57.59000015258789,0.0,57.81999969482422,57.0099983215332,57.0099983215332,0.0,26075400
2016-09-02,51.209075927734375,57.66999816894531,0.0,58.189998626708984,57.41999816894531,57.66999816894531,0.0,18900500
2016-09-06,51.155792236328125,57.61000061035156,0.0,57.79999923706055,57.209999084472656,57.779998779296875,0.0,16278400
2016-09-07,51.2001953125,57.65999984741211,0.0,57.84000015258789,57.40999984741211,57.470001220703125,0.0,17493400
2016-09-08,50.995967864990234,57.43000030517578,0.0,57.790000915527344,57.18000030517578,57.630001068115234,0.0,20146100
2016-09-09,49.91263198852539,56.209999084472656,0.0,57.52000045776367,56.209999084472656,56.790000915527344,0.0,35113900
2016-09-12,50.658531188964844,57.04999923706055,0.0,57.209999084472656,55.61000061035156,56.0,0.0,29303000
2016-09-13,50.196781158447266,56.529998779296875,0.0,56.650001525878906,56.04999923706055,56.5,0.0,30130200
2016-09-14,49.957027435302734,56.2599983215332,0.0,56.630001068115234,56.029998779296875,56.38999938964844,0.0,24062500
2016-09-15,50.78285217285156,57.189998626708984,0.0,57.349998474121094,55.97999954223633,56.150001525878906,0.0,26847000
2016-09-16,50.83612060546875,57.25,0.0,57.630001068115234,56.75,57.630001068115234,0.0,44607000
2016-09-19,50.551979064941406,56.93000030517578,0.0,57.75,56.849998474121094,57.27000045776367,0.0,20937100
2016-09-20,50.44541931152344,56.810001373291016,0.0,57.349998474121094,56.75,57.349998474121094,0.0,17384000
2016-09-21,51.288997650146484,57.7599983215332,0.0,57.849998474121094,57.08000183105469,57.5099983215332,0.0,33707300
2016-09-22,51.34226608276367,57.81999969482422,0.0,58.0,57.630001068115234,57.91999816894531,0.0,19822200
2016-09-23,50.995967864990234,57.43000030517578,0.0,57.90999984741211,57.380001068115234,57.869998931884766,0.0,19955300
2016-09-26,50.52534484863281,56.900001525878906,0.0,57.13999938964844,56.83000183105469,57.08000183105469,0.0,21688700
2016-09-27,51.457698822021484,57.95000076293945,0.0,58.060001373291016,56.68000030517578,56.93000030517578,0.0,28065100
2016-09-28,51.52873992919922,58.029998779296875,0.0,58.060001373291016,57.66999816894531,57.880001068115234,0.0,20536400
2016-09-29,50.96931838989258,57.400001525878906,0.0,58.16999816894531,57.209999084472656,57.810001373291016,0.0,25463500
2016-09-30,51.146907806396484,57.599998474121094,0.0,57.77000045776367,57.34000015258789,57.56999969482422,0.0,29910800
2016-10-03,50.98707580566406,57.41999816894531,0.0,57.54999923706055,57.060001373291016,57.40999984741211,0.0,19189500
2016-10-04,50.82724380493164,57.2400016784668,0.0,57.599998474121094,56.970001220703125,57.27000045776367,0.0,20085900
2016-10-05,51.182437896728516,57.63999938964844,0.0,57.959999084472656,57.2599983215332,57.290000915527344,0.0,16726400
2016-10-06,51.271236419677734,57.7400016784668,0.0,57.86000061035156,57.279998779296875,57.7400016784668,0.0,16212600
2016-10-07,51.32450485229492,57.79999923706055,0.0,57.97999954223633,57.41999816894531,57.849998474121094,0.0,20089000
2016-10-10,51.537628173828125,58.040000915527344,0.0,58.38999938964844,57.869998931884766,57.90999984741211,0.0,18196500
2016-10-11,50.78285217285156,57.189998626708984,0.0,58.02000045776367,56.88999938964844,57.88999938964844,0.0,26497400
2016-10-12,50.711814880371094,57.11000061035156,0.0,57.27000045776367,56.400001525878906,57.11000061035156,0.0,22177500
2016-10-13,50.543087005615234,56.91999816894531,0.0,57.29999923706055,56.31999969482422,56.70000076293945,0.0,25313700
2016-10-14,50.98707580566406,57.41999816894531,0.0,57.7400016784668,57.119998931884766,57.119998931884766,0.0,27402500
2016-10-17,50.80948257446289,57.220001220703125,0.0,57.459999084472656,56.869998931884766,57.36000061035156,0.0,23830000
2016-10-18,51.2001953125,57.65999984741211,0.0,57.95000076293945,57.40999984741211,57.529998779296875,0.0,19149500
2016-10-19,51.084754943847656,57.529998779296875,0.0,57.84000015258789,57.400001525878906,57.470001220703125,0.0,22878400
2016-10-20,50.83612060546875,57.25,0.0,57.52000045776367,56.65999984741211,57.5,0.0,49455600
2016-10-21,52.976131439208984,59.65999984741211,0.0,60.45000076293945,59.4900016784668,60.279998779296875,0.0,80032200
2016-10-24,54.165992736816406,61.0,0.0,61.0,59.93000030517578,59.939998626708984,0.0,54067000
2016-10-25,54.15711975097656,60.9900016784668,0.0,61.369998931884766,60.79999923706055,60.849998474121094,0.0,35137200
2016-10-26,53.83744812011719,60.630001068115234,0.0,61.20000076293945,60.470001220703125,60.810001373291016,0.0,29911600
2016-10-27,53.366825103759766,60.099998474121094,0.0,60.83000183105469,60.09000015258789,60.61000061035156,0.0,28479900
2016-10-28,53.16259765625,59.869998931884766,0.0,60.52000045776367,59.58000183105469,60.0099983215332,0.0,33574700
2016-10-31,53.20700454711914,59.91999816894531,0.0,60.41999816894531,59.91999816894531,60.15999984741211,0.0,26434700
2016-11-01,53.1004524230957,59.79999923706055,0.0,60.02000045776367,59.25,59.970001220703125,0.0,24533000
2016-11-02,52.77190017700195,59.43000030517578,0.0,59.93000030517578,59.29999923706055,59.81999969482422,0.0,22147000
2016-11-03,52.5765266418457,59.209999084472656,0.0,59.63999938964844,59.11000061035156,59.529998779296875,0.0,21600400
2016-11-04,52.13255310058594,58.709999084472656,0.0,59.279998779296875,58.52000045776367,58.650001525878906,0.0,28697000
2016-11-07,53.65098571777344,60.41999816894531,0.0,60.52000045776367,59.779998779296875,59.779998779296875,0.0,31664800
2016-11-08,53.69538116455078,60.470001220703125,0.0,60.779998779296875,60.150001525878906,60.54999923706055,0.0,22935400
2016-11-09,53.428985595703125,60.16999816894531,0.0,60.59000015258789,59.20000076293945,60.0,0.0,49632500
2016-11-10,52.12367248535156,58.70000076293945,0.0,60.4900016784668,57.630001068115234,60.47999954223633,0.0,57822400
2016-11-11,52.40782928466797,59.02000045776367,0.0,59.119998931884766,58.0099983215332,58.22999954223633,0.0,38767800
2016-11-14,51.60866928100586,58.119998931884766,0.0,59.08000183105469,57.279998779296875,59.02000045776367,0.0,41328400
2016-11-15,52.62778091430664,58.869998931884766,0.39,59.4900016784668,58.31999969482422,58.33000183105469,0.0,35904100
2016-11-16,53.3250732421875,59.650001525878906,0.0,59.65999984741211,58.810001373291016,58.939998626708984,0.0,27332500
2016-11-17,54.2100944519043,60.63999938964844,0.0,60.95000076293945,59.970001220703125,60.40999984741211,0.0,32132700
2016-11-18,53.95083236694336,60.349998474121094,0.0,61.13999938964844,60.29999923706055,60.779998779296875,0.0,27686300
2016-11-21,54.40677261352539,60.86000061035156,0.0,60.970001220703125,60.41999816894531,60.5,0.0,19652600
2016-11-22,54.63919448852539,61.119998931884766,0.0,61.2599983215332,60.810001373291016,60.97999954223633,0.0,23206700
2016-11-23,53.995540618896484,60.400001525878906,0.0,61.099998474121094,60.25,61.0099983215332,0.0,21848900
2016-11-25,54.11176681518555,60.529998779296875,0.0,60.529998779296875,60.130001068115234,60.29999923706055,0.0,8409600
2016-11-28,54.18328094482422,60.61000061035156,0.0,61.02000045776367,60.209999084472656,60.34000015258789,0.0,20732600
2016-11-29,54.612369537353516,61.09000015258789,0.0,61.40999984741211,60.52000045776367,60.650001525878906,0.0,22366700
2016-11-30,53.87039566040039,60.2599983215332,0.0,61.18000030517578,60.220001220703125,60.86000061035156,0.0,34655400
2016-12-01,52.92279052734375,59.20000076293945,0.0,60.150001525878906,58.939998626708984,60.11000061035156,0.0,34542100
2016-12-02,52.96748352050781,59.25,0.0,59.470001220703125,58.79999923706055,59.08000183105469,0.0,25515700
2016-12-05,53.83462905883789,60.220001220703125,0.0,60.59000015258789,59.560001373291016,59.70000076293945,0.0,23552700
2016-12-06,53.59325408935547,59.95000076293945,0.0,60.459999084472656,59.79999923706055,60.43000030517578,0.0,19907000
2016-12-07,54.86269760131836,61.369998931884766,0.0,61.380001068115234,59.79999923706055,60.0099983215332,0.0,30809000
2016-12-08,54.54085159301758,61.0099983215332,0.0,61.58000183105469,60.84000015258789,61.29999923706055,0.0,21220800
2016-12-09,55.399070739746094,61.970001220703125,0.0,61.9900016784668,61.130001068115234,61.18000030517578,0.0,27349400
2016-12-12,55.57786560058594,62.16999816894531,0.0,62.29999923706055,61.720001220703125,61.81999969482422,0.0,20198100
2016-12-13,56.30196762084961,62.97999954223633,0.0,63.41999816894531,62.2400016784668,62.5,0.0,35718900
2016-12-14,56.033782958984375,62.68000030517578,0.0,63.45000076293945,62.529998779296875,63.0,0.0,30352700
2016-12-15,55.944393157958984,62.58000183105469,0.0,63.150001525878906,62.29999923706055,62.70000076293945,0.0,27669900
2016-12-16,55.69407653808594,62.29999923706055,0.0,62.95000076293945,62.119998931884766,62.95000076293945,0.0,42453100
2016-12-19,56.87411880493164,63.619998931884766,0.0,63.77000045776367,62.41999816894531,62.560001373291016,0.0,34338200
2016-12-20,56.80260467529297,63.540000915527344,0.0,63.79999923706055,63.029998779296875,63.689998626708984,0.0,26028400
2016-12-21,56.80260467529297,63.540000915527344,0.0,63.70000076293945,63.119998931884766,63.43000030517578,0.0,17096300
2016-12-22,56.811527252197266,63.54999923706055,0.0,64.0999984741211,63.40999984741211,63.84000015258789,0.0,22176600
2016-12-23,56.5344123840332,63.2400016784668,0.0,63.540000915527344,62.79999923706055,63.45000076293945,0.0,12403800
2016-12-27,56.570167541503906,63.279998779296875,0.0,64.06999969482422,63.209999084472656,63.209999084472656,0.0,11763200
2016-12-28,56.31092071533203,62.9900016784668,0.0,63.400001525878906,62.83000183105469,63.400001525878906,0.0,14653300
2016-12-29,56.230472564697266,62.900001525878906,0.0,63.20000076293945,62.72999954223633,62.86000061035156,0.0,10250600
2016-12-30,55.55104446411133,62.13999938964844,0.0,62.9900016784668,62.029998779296875,62.959999084472656,0.0,25579900
2017-01-03,55.944393157958984,62.58000183105469,0.0,62.84000015258789,62.130001068115234,62.790000915527344,0.0,20694100
2017-01-04,55.69407653808594,62.29999923706055,0.0,62.75,62.119998931884766,62.47999954223633,0.0,21340000
2017-01-05,55.69407653808594,62.29999923706055,0.0,62.65999984741211,62.029998779296875,62.189998626708984,0.0,24876000
2017-01-06,56.176815032958984,62.84000015258789,0.0,63.150001525878906,62.040000915527344,62.29999923706055,0.0,19922900
2017-01-09,55.99803161621094,62.63999938964844,0.0,63.08000183105469,62.540000915527344,62.7599983215332,0.0,20382700
2017-01-10,55.98015213012695,62.619998931884766,0.0,63.06999969482422,62.279998779296875,62.72999954223633,0.0,18593000
2017-01-11,56.48971176147461,63.189998626708984,0.0,63.22999954223633,62.43000030517578,62.61000061035156,0.0,21517300
2017-01-12,55.9712028503418,62.61000061035156,0.0,63.400001525878906,61.95000076293945,63.060001373291016,0.0,20968200
2017-01-13,56.05165481567383,62.70000076293945,0.0,62.869998931884766,62.349998474121094,62.619998931884766,0.0,19422300
2017-01-17,55.899688720703125,62.529998779296875,0.0,62.70000076293945,62.029998779296875,62.68000030517578,0.0,20664000
2017-01-18,55.87288284301758,62.5,0.0,62.70000076293945,62.119998931884766,62.66999816894531,0.0,19670100
2017-01-19,55.69407653808594,62.29999923706055,0.0,62.97999954223633,62.20000076293945,62.2400016784668,0.0,18451700
2017-01-20,56.08742141723633,62.7400016784668,0.0,62.81999969482422,62.369998931884766,62.66999816894531,0.0,30213500
2017-01-23,56.284095764160156,62.959999084472656,0.0,63.119998931884766,62.56999969482422,62.70000076293945,0.0,23097600
2017-01-24,56.78471755981445,63.52000045776367,0.0,63.7400016784668,62.939998626708984,63.20000076293945,0.0,24672900
2017-01-25,56.92774963378906,63.68000030517578,0.0,64.0999984741211,63.45000076293945,63.95000076293945,0.0,23672700
2017-01-26,57.455177307128906,64.2699966430664,0.0,64.54000091552734,63.54999923706055,64.12000274658203,0.0,43554600
2017-01-27,58.80507278442383,65.77999877929688,0.0,65.91000366210938,64.88999938964844,65.38999938964844,0.0,44818000
2017-01-30,58.2239990234375,65.12999725341797,0.0,65.79000091552734,64.80000305175781,65.69000244140625,0.0,31651400
2017-01-31,57.79489517211914,64.6500015258789,0.0,65.1500015258789,64.26000213623047,64.86000061035156,0.0,25270500
2017-02-01,56.8383674621582,63.58000183105469,0.0,64.62000274658203,63.470001220703125,64.36000061035156,0.0,39671500
2017-02-02,56.47182083129883,63.16999816894531,0.0,63.40999984741211,62.75,63.25,0.0,45827000
2017-02-03,56.92774963378906,63.68000030517578,0.0,63.70000076293945,63.06999969482422,63.5,0.0,30301800
2017-02-06,56.891990661621094,63.63999938964844,0.0,63.650001525878906,63.13999938964844,63.5,0.0,19796400
2017-02-07,56.70425796508789,63.43000030517578,0.0,63.779998779296875,63.22999954223633,63.7400016784668,0.0,20277200
2017-02-08,56.623809814453125,63.34000015258789,0.0,63.810001373291016,63.220001220703125,63.56999969482422,0.0,18096400
2017-02-09,57.267452239990234,64.05999755859375,0.0,64.44000244140625,63.31999969482422,63.52000045776367,0.0,22644400
2017-02-10,57.21382141113281,64.0,0.0,64.30000305175781,63.97999954223633,64.25,0.0,18170700
2017-02-13,57.857486724853516,64.72000122070312,0.0,64.86000061035156,64.12999725341797,64.23999786376953,0.0,22920100
2017-02-14,58.073333740234375,64.56999969482422,0.39,64.72000122070312,64.0199966430664,64.41000366210938,0.0,23108400
2017-02-15,58.03734588623047,64.52999877929688,0.0,64.56999969482422,64.16000366210938,64.5,0.0,17005200
2017-02-16,58.028350830078125,64.5199966430664,0.0,65.23999786376953,64.44000244140625,64.73999786376953,0.0,20546300
2017-02-17,58.118309020996094,64.62000274658203,0.0,64.69000244140625,64.30000305175781,64.47000122070312,0.0,21248800
2017-02-21,58.001373291015625,64.48999786376953,0.0,64.94999694824219,64.44999694824219,64.61000061035156,0.0,20655900
2017-02-22,57.884464263916016,64.36000061035156,0.0,64.38999938964844,64.05000305175781,64.33000183105469,0.0,19292700
2017-02-23,58.118309020996094,64.62000274658203,0.0,64.7300033569336,64.19000244140625,64.41999816894531,0.0,20273100
2017-02-24,58.118309020996094,64.62000274658203,0.0,64.80000305175781,64.13999938964844,64.52999877929688,0.0,21796800
2017-02-27,57.76754379272461,64.2300033569336,0.0,64.54000091552734,64.05000305175781,64.54000091552734,0.0,15871500
2017-02-28,57.542701721191406,63.97999954223633,0.0,64.19999694824219,63.7599983215332,64.08000183105469,0.0,23239800
2017-03-01,58.40610885620117,64.94000244140625,0.0,64.98999786376953,64.0199966430664,64.12999725341797,0.0,26937500
2017-03-02,57.569679260253906,64.01000213623047,0.0,64.75,63.880001068115234,64.69000244140625,0.0,24539600
2017-03-03,57.78553009033203,64.25,0.0,64.27999877929688,63.619998931884766,63.9900016784668,0.0,18135900
2017-03-06,57.803497314453125,64.2699966430664,0.0,64.55999755859375,63.810001373291016,63.970001220703125,0.0,18750300
2017-03-07,57.92043685913086,64.4000015258789,0.0,64.77999877929688,64.19000244140625,64.19000244140625,0.0,18521000
2017-03-08,58.4510612487793,64.98999786376953,0.0,65.08000183105469,64.25,64.26000213623047,0.0,21510900
2017-03-09,58.21723556518555,64.7300033569336,0.0,65.19999694824219,64.4800033569336,65.19000244140625,0.0,19846800
2017-03-10,58.3970947265625,64.93000030517578,0.0,65.26000213623047,64.75,65.11000061035156,0.0,19538200
2017-03-13,58.199249267578125,64.70999908447266,0.0,65.19000244140625,64.56999969482422,65.01000213623047,0.0,20100000
2017-03-14,57.92942810058594,64.41000366210938,0.0,64.55000305175781,64.1500015258789,64.52999877929688,0.0,14280200
2017-03-15,58.23522186279297,64.75,0.0,64.91999816894531,64.25,64.55000305175781,0.0,24833800
2017-03-16,58.13629913330078,64.63999938964844,0.0,64.76000213623047,64.30000305175781,64.75,0.0,20674300
2017-03-17,58.3431510925293,64.87000274658203,0.0,65.23999786376953,64.68000030517578,64.91000366210938,0.0,49219700
2017-03-20,58.3970947265625,64.93000030517578,0.0,65.18000030517578,64.72000122070312,64.91000366210938,0.0,14598100
2017-03-21,57.749549865722656,64.20999908447266,0.0,65.5,64.12999725341797,65.19000244140625,0.0,26640500
2017-03-22,58.48704528808594,65.02999877929688,0.0,65.13999938964844,64.12000274658203,64.12000274658203,0.0,20680000
2017-03-23,58.3431510925293,64.87000274658203,0.0,65.23999786376953,64.7699966430664,64.94000244140625,0.0,19269200
2017-03-24,58.44208526611328,64.9800033569336,0.0,65.44999694824219,64.76000213623047,65.36000061035156,0.0,22617100
2017-03-27,58.55000686645508,65.0999984741211,0.0,65.22000122070312,64.3499984741211,64.62999725341797,0.0,18614700
2017-03-28,58.720882415771484,65.29000091552734,0.0,65.47000122070312,64.6500015258789,64.95999908447266,0.0,20080400
2017-03-29,58.88279724121094,65.47000122070312,0.0,65.5,64.94999694824219,65.12000274658203,0.0,13618400
2017-03-30,59.0986328125,65.70999908447266,0.0,65.9800033569336,65.36000061035156,65.41999816894531,0.0,15122800
2017-03-31,59.233551025390625,65.86000061035156,0.0,66.19000244140625,65.44999694824219,65.6500015258789,0.0,21040300
2017-04-03,58.95473098754883,65.55000305175781,0.0,65.94000244140625,65.19000244140625,65.80999755859375,0.0,20400900
2017-04-04,59.11660385131836,65.7300033569336,0.0,65.80999755859375,65.27999877929688,65.38999938964844,0.0,12997400
2017-04-05,58.963714599609375,65.55999755859375,0.0,66.3499984741211,65.44000244140625,66.30000305175781,0.0,21448600
2017-04-06,59.11660385131836,65.7300033569336,0.0,66.05999755859375,65.4800033569336,65.5999984741211,0.0,18103500
2017-04-07,59.07164764404297,65.68000030517578,0.0,65.95999908447266,65.44000244140625,65.8499984741211,0.0,14108500
2017-04-10,58.93674087524414,65.52999877929688,0.0,65.81999969482422,65.36000061035156,65.61000061035156,0.0,17952700
2017-04-11,58.89177703857422,65.4800033569336,0.0,65.61000061035156,64.8499984741211,65.5999984741211,0.0,18791500
2017-04-12,58.66694259643555,65.2300033569336,0.0,65.51000213623047,65.11000061035156,65.41999816894531,0.0,17108500
2017-04-13,58.415096282958984,64.94999694824219,0.0,65.86000061035156,64.94999694824219,65.29000091552734,0.0,17896500
2017-04-17,58.89177703857422,65.4800033569336,0.0,65.48999786376953,65.01000213623047,65.04000091552734,0.0,16689300
2017-04-18,58.81082534790039,65.38999938964844,0.0,65.70999908447266,65.16000366210938,65.33000183105469,0.0,15155600
2017-04-19,58.496036529541016,65.04000091552734,0.0,65.75,64.88999938964844,65.6500015258789,0.0,26992800
2017-04-20,58.90974807739258,65.5,0.0,65.75,65.13999938964844,65.45999908447266,0.0,22299500
2017-04-21,59.71921157836914,66.4000015258789,0.0,66.69999694824219,65.44999694824219,65.66999816894531,0.0,32522600
2017-04-24,60.735496520996094,67.52999877929688,0.0,67.66000366210938,67.0999984741211,67.4800033569336,0.0,29770000
2017-04-25,61.086280822753906,67.91999816894531,0.0,68.04000091552734,67.5999984741211,67.9000015258789,0.0,30242700
2017-04-26,61.00533676147461,67.83000183105469,0.0,68.30999755859375,67.62000274658203,68.08000183105469,0.0,26190800
2017-04-27,61.401065826416016,68.2699966430664,0.0,68.37999725341797,67.58000183105469,68.1500015258789,0.0,34971000
2017-04-28,61.571937561035156,68.45999908447266,0.0,69.13999938964844,67.69000244140625,68.91000366210938,0.0,39548800
2017-05-01,62.42636489868164,69.41000366210938,0.0,69.55000305175781,68.5,68.68000030517578,0.0,31954400
2017-05-02,62.327415466308594,69.30000305175781,0.0,69.70999908447266,69.12999725341797,69.70999908447266,0.0,23906100
2017-05-03,62.129539489746094,69.08000183105469,0.0,69.37999725341797,68.70999908447266,69.37999725341797,0.0,28928000
2017-05-04,61.88671112060547,68.80999755859375,0.0,69.08000183105469,68.63999938964844,69.02999877929688,0.0,21749400
2017-05-05,62.05760955810547,69.0,0.0,69.02999877929688,68.48999786376953,68.9000015258789,0.0,19128800
2017-05-08,62.0036506652832,68.94000244140625,0.0,69.05000305175781,68.41999816894531,68.97000122070312,0.0,18566100
2017-05-09,62.09359359741211,69.04000091552734,0.0,69.27999877929688,68.68000030517578,68.86000061035156,0.0,22858400
2017-05-10,62.336421966552734,69.30999755859375,0.0,69.55999755859375,68.91999816894531,68.98999786376953,0.0,17977800
2017-05-11,61.571937561035156,68.45999908447266,0.0,68.7300033569336,68.12000274658203,68.36000061035156,0.0,28789400
2017-05-12,61.5000114440918,68.37999725341797,0.0,68.61000061035156,68.04000091552734,68.61000061035156,0.0,18714100
2017-05-15,61.54496383666992,68.43000030517578,0.0,68.4800033569336,67.56999969482422,68.13999938964844,0.0,31530300
2017-05-16,62.7841796875,69.41000366210938,0.39,69.44000244140625,68.16000366210938,68.2300033569336,0.0,34956000
2017-05-17,61.038429260253906,67.4800033569336,0.0,69.0999984741211,67.43000030517578,68.88999938964844,0.0,30548800
2017-05-18,61.246482849121094,67.70999908447266,0.0,68.12999725341797,67.13999938964844,67.4000015258789,0.0,25201300
2017-05-19,61.228363037109375,67.69000244140625,0.0,68.0999984741211,67.43000030517578,67.5,0.0,26961100
2017-05-22,61.91581344604492,68.44999694824219,0.0,68.5,67.5,67.88999938964844,0.0,16237600
2017-05-23,62.12388610839844,68.68000030517578,0.0,68.75,68.37999725341797,68.72000122070312,0.0,15425800
2017-05-24,62.205257415771484,68.7699966430664,0.0,68.87999725341797,68.44999694824219,68.87000274658203,0.0,14593900
2017-05-25,62.97413635253906,69.62000274658203,0.0,69.87999725341797,68.91000366210938,68.97000122070312,0.0,21854100
2017-05-26,63.28167724609375,69.95999908447266,0.0,70.22000122070312,69.5199966430664,69.80000305175781,0.0,19827900
2017-05-30,63.688743591308594,70.41000366210938,0.0,70.41000366210938,69.7699966430664,69.79000091552734,0.0,17072800
2017-05-31,63.17313003540039,69.83999633789062,0.0,70.73999786376953,69.80999755859375,70.52999877929688,0.0,30436400
2017-06-01,63.40829086303711,70.0999984741211,0.0,70.61000061035156,69.44999694824219,70.23999786376953,0.0,21603600
2017-06-02,64.90987396240234,71.76000213623047,0.0,71.86000061035156,70.23999786376953,70.44000244140625,0.0,34770300
2017-06-05,65.38021087646484,72.27999877929688,0.0,72.88999938964844,71.80999755859375,71.97000122070312,0.0,33316800
2017-06-06,65.59729766845703,72.5199966430664,0.0,72.62000274658203,72.2699966430664,72.30000305175781,0.0,31511100
2017-06-07,65.47972106933594,72.38999938964844,0.0,72.7699966430664,71.94999694824219,72.63999938964844,0.0,22301800
2017-06-08,65.08173370361328,71.94999694824219,0.0,72.5199966430664,71.5,72.51000213623047,0.0,24588300
2017-06-09,63.607295989990234,70.31999969482422,0.0,72.08000183105469,68.58999633789062,72.04000091552734,0.0,49187400
2017-06-12,63.118865966796875,69.77999877929688,0.0,69.94000244140625,68.12999725341797,69.25,0.0,47761700
2017-06-13,63.905826568603516,70.6500015258789,0.0,70.81999969482422,69.95999908447266,70.0199966430664,0.0,25258600
2017-06-14,63.56208038330078,70.2699966430664,0.0,71.0999984741211,69.43000030517578,70.91000366210938,0.0,25510700
2017-06-15,63.227420806884766,69.9000015258789,0.0,70.20999908447266,68.80000305175781,69.2699966430664,0.0,26068700
2017-06-16,63.31784439086914,70.0,0.0,70.02999877929688,69.22000122070312,69.7300033569336,0.0,48345100
2017-06-19,64.10482788085938,70.87000274658203,0.0,70.94000244140625,70.3499984741211,70.5,0.0,23798300
2017-06-20,63.236454010009766,69.91000366210938,0.0,70.87000274658203,69.87000274658203,70.81999969482422,0.0,21512200
2017-06-21,63.56208038330078,70.2699966430664,0.0,70.62000274658203,69.94000244140625,70.20999908447266,0.0,19891100
2017-06-22,63.55305099487305,70.26000213623047,0.0,70.58999633789062,69.70999908447266,70.54000091552734,0.0,22965700
2017-06-23,64.41236114501953,71.20999908447266,0.0,71.25,69.91999816894531,70.08999633789062,0.0,27617300
2017-06-26,63.79725646972656,70.52999877929688,0.0,71.70999908447266,70.44000244140625,71.4000015258789,0.0,19607000
2017-06-27,62.603271484375,69.20999908447266,0.0,70.18000030517578,69.18000030517578,70.11000061035156,0.0,25215100
2017-06-28,63.13695526123047,69.80000305175781,0.0,69.83999633789062,68.79000091552734,69.20999908447266,0.0,25806200
2017-06-29,61.95199966430664,68.48999786376953,0.0,69.48999786376953,68.08999633789062,69.37999725341797,0.0,28918700
2017-06-30,62.350006103515625,68.93000030517578,0.0,69.37999725341797,68.73999786376953,68.77999877929688,0.0,24161100
2017-07-03,61.66257095336914,68.16999816894531,0.0,69.5999984741211,68.0199966430664,69.33000183105469,0.0,16165500
2017-07-05,62.485694885253906,69.08000183105469,0.0,69.44000244140625,68.22000122070312,68.26000213623047,0.0,21176300
2017-07-06,62.02434539794922,68.56999969482422,0.0,68.77999877929688,68.12000274658203,68.2699966430664,0.0,21117600
2017-07-07,62.829402923583984,69.45999908447266,0.0,69.83999633789062,68.69999694824219,68.69999694824219,0.0,16878300
2017-07-10,63.29977798461914,69.9800033569336,0.0,70.25,69.19999694824219,69.45999908447266,0.0,15014500
2017-07-11,63.308807373046875,69.98999786376953,0.0,70.68000030517578,69.75,70.0,0.0,17460000
2017-07-12,64.3581314086914,71.1500015258789,0.0,71.27999877929688,70.55000305175781,70.69000244140625,0.0,17750900
2017-07-13,64.91886901855469,71.7699966430664,0.0,72.04000091552734,71.30999755859375,71.5,0.0,20269800
2017-07-14,65.83248901367188,72.77999877929688,0.0,73.2699966430664,71.95999908447266,72.23999786376953,0.0,25868100
2017-07-17,66.34807586669922,73.3499984741211,0.0,73.44999694824219,72.72000122070312,72.80000305175781,0.0,21803900
2017-07-18,66.30284881591797,73.30000305175781,0.0,73.38999938964844,72.66000366210938,73.08999633789062,0.0,26435300
2017-07-19,66.80938720703125,73.86000061035156,0.0,74.04000091552734,73.44999694824219,73.5,0.0,22416200
2017-07-20,67.13502502441406,74.22000122070312,0.0,74.30000305175781,73.27999877929688,74.18000030517578,0.0,42361000
2017-07-21,66.74608612060547,73.79000091552734,0.0,74.29000091552734,73.16999816894531,73.44999694824219,0.0,46717100
2017-07-24,66.57421875,73.5999984741211,0.0,73.75,73.12999725341797,73.52999877929688,0.0,21394800
2017-07-25,67.10791778564453,74.19000244140625,0.0,74.30999755859375,73.5,73.80000305175781,0.0,22018700
2017-07-26,66.98123168945312,74.05000305175781,0.0,74.37999725341797,73.80999755859375,74.33999633789062,0.0,16252200
2017-07-27,66.17623138427734,73.16000366210938,0.0,74.41999816894531,72.31999969482422,73.76000213623047,0.0,36844200
2017-07-28,66.0676498413086,73.04000091552734,0.0,73.30999755859375,72.54000091552734,72.66999816894531,0.0,18306700
2017-07-31,65.76012420654297,72.69999694824219,0.0,73.44000244140625,72.41000366210938,73.30000305175781,0.0,23600100
2017-08-01,65.65159606933594,72.58000183105469,0.0,73.41999816894531,72.48999786376953,73.0999984741211,0.0,22132300
2017-08-02,65.36212158203125,72.26000213623047,0.0,72.55999755859375,71.44000244140625,72.55000305175781,0.0,26499200
2017-08-03,65.26262664794922,72.1500015258789,0.0,72.44000244140625,71.8499984741211,72.19000244140625,0.0,18214400
2017-08-04,65.74201965332031,72.68000030517578,0.0,73.04000091552734,72.23999786376953,72.4000015258789,0.0,22579000
2017-08-07,65.48876953125,72.4000015258789,0.0,72.9000015258789,72.26000213623047,72.80000305175781,0.0,18705700
2017-08-08,65.84154510498047,72.79000091552734,0.0,73.12999725341797,71.75,72.08999633789062,0.0,22044600
2017-08-09,65.55207061767578,72.47000122070312,0.0,72.51000213623047,72.05000305175781,72.25,0.0,22213400
2017-08-10,64.59325408935547,71.41000366210938,0.0,72.19000244140625,71.3499984741211,71.9000015258789,0.0,24734500
2017-08-11,65.57920837402344,72.5,0.0,72.69999694824219,71.27999877929688,71.61000061035156,0.0,21443700
2017-08-14,66.56515502929688,73.58999633789062,0.0,73.72000122070312,72.94999694824219,73.05999755859375,0.0,20096600
2017-08-15,66.5833511352539,73.22000122070312,0.39,73.58999633789062,73.04000091552734,73.58999633789062,0.0,19181400
2017-08-16,66.9743881225586,73.6500015258789,0.0,74.0999984741211,73.16999816894531,73.33999633789062,0.0,18150400
2017-08-17,65.83767700195312,72.4000015258789,0.0,73.87000274658203,72.4000015258789,73.58000183105469,0.0,22977500
2017-08-18,65.91952514648438,72.48999786376953,0.0,72.83999633789062,71.93000030517578,72.2699966430664,0.0,18761500
2017-08-21,65.6103286743164,72.1500015258789,0.0,72.4800033569336,71.69999694824219,72.47000122070312,0.0,17734800
2017-08-22,66.5287857055664,73.16000366210938,0.0,73.23999786376953,72.3499984741211,72.3499984741211,0.0,14343700
2017-08-23,66.12869262695312,72.72000122070312,0.0,73.1500015258789,72.52999877929688,72.95999908447266,0.0,13766500
2017-08-24,66.10139465332031,72.69000244140625,0.0,72.86000061035156,72.06999969482422,72.73999786376953,0.0,17098300
2017-08-25,66.21961212158203,72.81999969482422,0.0,73.3499984741211,72.4800033569336,72.86000061035156,0.0,12794300
2017-08-28,66.22868347167969,72.83000183105469,0.0,73.08999633789062,72.55000305175781,73.05999755859375,0.0,14569700
2017-08-29,66.42876434326172,73.05000305175781,0.0,73.16000366210938,72.05000305175781,72.25,0.0,11478400
2017-08-30,67.30178833007812,74.01000213623047,0.0,74.20999908447266,72.83000183105469,73.01000213623047,0.0,16897800
2017-08-31,67.99285125732422,74.7699966430664,0.0,74.95999908447266,73.80000305175781,74.02999877929688,0.0,27652800
2017-09-01,67.23809814453125,73.94000244140625,0.0,74.73999786376953,73.63999938964844,74.70999908447266,0.0,21736200
2017-09-05,66.93799591064453,73.61000061035156,0.0,73.88999938964844,72.9800033569336,73.33999633789062,0.0,21556000
2017-09-06,66.74702453613281,73.4000015258789,0.0,74.04000091552734,73.3499984741211,73.73999786376953,0.0,16535800
2017-09-07,67.60182189941406,74.33999633789062,0.0,74.5999984741211,73.5999984741211,73.68000030517578,0.0,17471200
2017-09-08,67.27445220947266,73.9800033569336,0.0,74.44000244140625,73.83999633789062,74.33000183105469,0.0,14703800
2017-09-11,67.9837646484375,74.76000213623047,0.0,74.94000244140625,74.30999755859375,74.30999755859375,0.0,17910400
2017-09-12,67.91101837158203,74.68000030517578,0.0,75.23999786376953,74.37000274658203,74.76000213623047,0.0,14394900
2017-09-13,68.39298248291016,75.20999908447266,0.0,75.2300033569336,74.55000305175781,74.93000030517578,0.0,13380800
2017-09-14,67.99285125732422,74.7699966430664,0.0,75.48999786376953,74.5199966430664,75.0,0.0,15733900
2017-09-15,68.48390197753906,75.30999755859375,0.0,75.38999938964844,74.06999969482422,74.83000183105469,0.0,38578400
2017-09-18,68.3475112915039,75.16000366210938,0.0,75.97000122070312,75.04000091552734,75.2300033569336,0.0,23307000
2017-09-19,68.6021499633789,75.44000244140625,0.0,75.70999908447266,75.01000213623047,75.20999908447266,0.0,16093300
2017-09-20,68.14744567871094,74.94000244140625,0.0,75.55000305175781,74.30999755859375,75.3499984741211,0.0,21587900
2017-09-21,67.48362731933594,74.20999908447266,0.0,75.23999786376953,74.11000061035156,75.11000061035156,0.0,19186100
2017-09-22,67.66547393798828,74.41000366210938,0.0,74.51000213623047,73.8499984741211,73.98999786376953,0.0,14111400
2017-09-25,66.61972045898438,73.26000213623047,0.0,74.25,72.91999816894531,74.08999633789062,0.0,24149200
2017-09-26,66.61972045898438,73.26000213623047,0.0,73.80999755859375,72.98999786376953,73.66999816894531,0.0,18019600
2017-09-27,67.15625762939453,73.8499984741211,0.0,74.16999816894531,73.16999816894531,73.55000305175781,0.0,19565100
2017-09-28,67.17445373535156,73.87000274658203,0.0,73.97000122070312,73.30999755859375,73.54000091552734,0.0,10883800
2017-09-29,67.73822021484375,74.48999786376953,0.0,74.54000091552734,73.87999725341797,73.94000244140625,0.0,17079100
2017-10-02,67.84735107421875,74.61000061035156,0.0,75.01000213623047,74.30000305175781,74.70999908447266,0.0,15304800
2017-10-03,67.5290756225586,74.26000213623047,0.0,74.87999725341797,74.19000244140625,74.66999816894531,0.0,12190400
2017-10-04,67.92009735107422,74.69000244140625,0.0,74.72000122070312,73.70999908447266,74.08999633789062,0.0,13317700
2017-10-05,69.0841064453125,75.97000122070312,0.0,76.12000274658203,74.95999908447266,75.22000122070312,0.0,21195300
2017-10-06,69.11137390136719,76.0,0.0,76.02999877929688,75.54000091552734,75.66999816894531,0.0,13959800
2017-10-09,69.37506103515625,76.29000091552734,0.0,76.55000305175781,75.86000061035156,75.97000122070312,0.0,11386500
2017-10-10,69.37506103515625,76.29000091552734,0.0,76.62999725341797,76.13999938964844,76.33000183105469,0.0,13944500
2017-10-11,69.49331665039062,76.41999816894531,0.0,76.45999908447266,75.94999694824219,76.36000061035156,0.0,15388900
2017-10-12,70.1298828125,77.12000274658203,0.0,77.29000091552734,76.37000274658203,76.48999786376953,0.0,16876500
2017-10-13,70.46633911132812,77.48999786376953,0.0,77.87000274658203,77.29000091552734,77.58999633789062,0.0,15335700
2017-10-16,70.61181640625,77.6500015258789,0.0,77.80999755859375,77.3499984741211,77.41999816894531,0.0,12380100
2017-10-17,70.5572509765625,77.58999633789062,0.0,77.62000274658203,77.25,77.47000122070312,0.0,16824000
2017-10-18,70.57544708251953,77.61000061035156,0.0,77.8499984741211,77.37000274658203,77.66999816894531,0.0,13300700
2017-10-19,70.8482666015625,77.91000366210938,0.0,77.93000030517578,77.3499984741211,77.56999969482422,0.0,15092800
2017-10-20,71.66667175292969,78.80999755859375,0.0,78.97000122070312,78.22000122070312,78.31999969482422,0.0,22866400
2017-10-23,71.68484497070312,78.83000183105469,0.0,79.33999633789062,78.76000213623047,78.98999786376953,0.0,20627200
2017-10-24,71.71215057373047,78.86000061035156,0.0,79.19999694824219,78.45999908447266,78.9000015258789,0.0,17517200
2017-10-25,71.50298309326172,78.62999725341797,0.0,79.0999984741211,78.01000213623047,78.58000183105469,0.0,20410800
2017-10-26,71.62120056152344,78.76000213623047,0.0,79.41999816894531,78.75,79.19999694824219,0.0,32120700
2017-10-27,76.21345520019531,83.80999755859375,0.0,86.19999694824219,83.61000061035156,84.37000274658203,0.0,71066700
2017-10-30,76.28622436523438,83.88999938964844,0.0,84.33000183105469,83.11000061035156,83.69999694824219,0.0,31756700
2017-10-31,75.64057159423828,83.18000030517578,0.0,84.36000061035156,83.11000061035156,84.36000061035156,0.0,27086600
2017-11-01,75.64057159423828,83.18000030517578,0.0,83.76000213623047,82.87999725341797,83.68000030517578,0.0,22307400
2017-11-02,76.43172454833984,84.05000305175781,0.0,84.45999908447266,83.12000274658203,83.3499984741211,0.0,23992900
2017-11-03,76.5135498046875,84.13999938964844,0.0,84.54000091552734,83.4000015258789,84.08000183105469,0.0,17633500
2017-11-06,76.81365966796875,84.47000122070312,0.0,84.69999694824219,84.08000183105469,84.19999694824219,0.0,19860900
2017-11-07,76.63175964355469,84.2699966430664,0.0,84.9000015258789,83.93000030517578,84.7699966430664,0.0,17939700
2017-11-08,76.8955078125,84.55999755859375,0.0,84.61000061035156,83.83000183105469,84.13999938964844,0.0,18034200
2017-11-09,76.46807861328125,84.08999633789062,0.0,84.2699966430664,82.9000015258789,84.11000061035156,0.0,21178400
2017-11-10,76.26805114746094,83.87000274658203,0.0,84.0999984741211,83.2300033569336,83.79000091552734,0.0,19397800
2017-11-13,76.32260131835938,83.93000030517578,0.0,83.94000244140625,83.45999908447266,83.66000366210938,0.0,14196900
2017-11-14,76.43172454833984,84.05000305175781,0.0,84.0999984741211,82.9800033569336,83.5,0.0,18801300
2017-11-15,75.83765411376953,82.9800033569336,0.42,83.69000244140625,82.69000244140625,83.47000122070312,0.0,19383100
2017-11-16,76.0387191772461,83.19999694824219,0.0,83.41999816894531,82.94000244140625,83.0999984741211,0.0,20962800
2017-11-17,75.30758666992188,82.4000015258789,0.0,83.12000274658203,82.23999786376953,83.12000274658203,0.0,22079000
2017-11-20,75.42638397216797,82.52999877929688,0.0,82.58999633789062,82.25,82.4000015258789,0.0,16315000
2017-11-21,76.51397705078125,83.72000122070312,0.0,83.83999633789062,82.73999786376953,82.73999786376953,0.0,21237500
2017-11-22,75.95648193359375,83.11000061035156,0.0,83.9000015258789,83.04000091552734,83.83000183105469,0.0,20553100
2017-11-24,76.09355163574219,83.26000213623047,0.0,83.43000030517578,82.77999877929688,83.01000213623047,0.0,7425600
2017-11-27,76.65105438232422,83.87000274658203,0.0,83.9800033569336,83.30000305175781,83.30999755859375,0.0,18265200
2017-11-28,77.57411193847656,84.87999725341797,0.0,85.05999755859375,84.0199966430664,84.06999969482422,0.0,21926000
2017-11-29,76.16667938232422,83.33999633789062,0.0,84.91999816894531,83.18000030517578,84.70999908447266,0.0,27381100
2017-11-30,76.92525482177734,84.16999816894531,0.0,84.5199966430664,83.33999633789062,83.51000213623047,0.0,33054600
2017-12-01,77.00750732421875,84.26000213623047,0.0,84.80999755859375,83.22000122070312,83.5999984741211,0.0,29532100
2017-12-04,74.10122680664062,81.08000183105469,0.0,84.43000030517578,80.69999694824219,84.41999816894531,0.0,39094900
2017-12-05,74.56730651855469,81.58999633789062,0.0,82.68000030517578,80.9800033569336,81.33999633789062,0.0,26152300
2017-12-06,75.6548843383789,82.77999877929688,0.0,83.13999938964844,81.43000030517578,81.55000305175781,0.0,26162100
2017-12-07,75.38983154296875,82.48999786376953,0.0,82.80000305175781,82.0,82.54000091552734,0.0,23184500
2017-12-08,76.91609191894531,84.16000366210938,0.0,84.58000183105469,83.33000183105469,83.62999725341797,0.0,24489100
2017-12-11,77.89400482177734,85.2300033569336,0.0,85.37000274658203,84.12000274658203,84.29000091552734,0.0,22857900
2017-12-12,78.2138900756836,85.58000183105469,0.0,86.05000305175781,85.08000183105469,85.30999755859375,0.0,23924100
2017-12-13,78.00366973876953,85.3499984741211,0.0,86.0,85.16999816894531,85.73999786376953,0.0,22062700
2017-12-14,77.40048217773438,84.69000244140625,0.0,85.87000274658203,84.52999877929688,85.43000030517578,0.0,19306000
2017-12-15,79.37458038330078,86.8499984741211,0.0,87.08999633789062,84.87999725341797,85.26000213623047,0.0,53936700
2017-12-18,78.94500732421875,86.37999725341797,0.0,87.5,86.2300033569336,87.12000274658203,0.0,22283800
2017-12-19,78.4423599243164,85.83000183105469,0.0,86.3499984741211,85.2699966430664,86.3499984741211,0.0,23524800
2017-12-20,78.15904235839844,85.5199966430664,0.0,86.30000305175781,84.70999908447266,86.19999694824219,0.0,23674900
2017-12-21,78.1407699584961,85.5,0.0,86.0999984741211,85.4000015258789,86.05000305175781,0.0,17990700
2017-12-22,78.1498794555664,85.51000213623047,0.0,85.62999725341797,84.91999816894531,85.4000015258789,0.0,14145800
2017-12-26,78.04938507080078,85.4000015258789,0.0,85.52999877929688,85.02999877929688,85.30999755859375,0.0,9891200
2017-12-27,78.33270263671875,85.70999908447266,0.0,85.9800033569336,85.22000122070312,85.6500015258789,0.0,14678000
2017-12-28,78.3418197631836,85.72000122070312,0.0,85.93000030517578,85.55000305175781,85.9000015258789,0.0,10594300
2017-12-29,78.17731475830078,85.54000091552734,0.0,86.05000305175781,85.5,85.62999725341797,0.0,18717400
2018-01-02,78.5520248413086,85.94999694824219,0.0,86.30999755859375,85.5,86.12999725341797,0.0,22483800
2018-01-03,78.91761016845703,86.3499984741211,0.0,86.51000213623047,85.97000122070312,86.05999755859375,0.0,26061400
2018-01-04,79.61219024658203,87.11000061035156,0.0,87.66000366210938,86.56999969482422,86.58999633789062,0.0,21912000
2018-01-05,80.59923553466797,88.19000244140625,0.0,88.41000366210938,87.43000030517578,87.66000366210938,0.0,23407100
2018-01-08,80.68150329589844,88.27999877929688,0.0,88.58000183105469,87.5999984741211,88.19999694824219,0.0,22113000
2018-01-09,80.62665557861328,88.22000122070312,0.0,88.7300033569336,87.86000061035156,88.6500015258789,0.0,19484300
2018-01-10,80.26106262207031,87.81999969482422,0.0,88.19000244140625,87.41000366210938,87.86000061035156,0.0,18652200
2018-01-11,80.49870300292969,88.08000183105469,0.0,88.12999725341797,87.23999786376953,88.12999725341797,0.0,17808900
2018-01-12,81.88786315917969,89.5999984741211,0.0,89.77999877929688,88.44999694824219,88.66999816894531,0.0,24271500
2018-01-16,80.74545288085938,88.3499984741211,0.0,90.79000091552734,88.01000213623047,90.0999984741211,0.0,36599700
2018-01-17,82.38138580322266,90.13999938964844,0.0,90.27999877929688,88.75,89.08000183105469,0.0,25621200
2018-01-18,82.34484100341797,90.0999984741211,0.0,90.66999816894531,89.66000366210938,89.80000305175781,0.0,24159700
2018-01-19,82.25343322753906,90.0,0.0,90.61000061035156,89.66000366210938,90.13999938964844,0.0,36875000
2018-01-22,83.72486877441406,91.61000061035156,0.0,91.62000274658203,89.73999786376953,90.0,0.0,23601600
2018-01-23,83.9898910522461,91.9000015258789,0.0,92.30000305175781,91.54000091552734,91.9000015258789,0.0,23412800
2018-01-24,83.91677856445312,91.81999969482422,0.0,93.43000030517578,91.58000183105469,92.55000305175781,0.0,33277500
2018-01-25,84.38288116455078,92.33000183105469,0.0,93.23999786376953,91.93000030517578,92.47000122070312,0.0,26383200
2018-01-26,85.9639892578125,94.05999755859375,0.0,94.05999755859375,92.58000183105469,93.12000274658203,0.0,29172200
2018-01-29,85.83602905273438,93.91999816894531,0.0,95.44999694824219,93.72000122070312,95.13999938964844,0.0,31569900
2018-01-30,84.75759887695312,92.73999786376953,0.0,93.66000366210938,92.0999984741211,93.30000305175781,0.0,38635100
2018-01-31,86.83221435546875,95.01000213623047,0.0,95.4000015258789,93.51000213623047,93.75,0.0,48756300
2018-02-01,86.14677429199219,94.26000213623047,0.0,96.06999969482422,93.58000183105469,94.79000091552734,0.0,47227900
2018-02-02,83.88026428222656,91.77999877929688,0.0,93.97000122070312,91.5,93.63999938964844,0.0,47867800
2018-02-05,80.42559051513672,88.0,0.0,93.23999786376953,88.0,90.55999755859375,0.0,51031500
2018-02-06,83.46895599365234,91.33000183105469,0.0,91.4800033569336,85.25,86.88999938964844,0.0,67998600
2018-02-07,81.89702606201172,89.61000061035156,0.0,91.7699966430664,89.19999694824219,90.48999786376953,0.0,41107600
2018-02-08,77.69294738769531,85.01000213623047,0.0,89.87999725341797,84.76000213623047,89.70999908447266,0.0,55628700
2018-02-09,80.59009552001953,88.18000030517578,0.0,88.93000030517578,83.83000183105469,86.30000305175781,0.0,63499100
2018-02-12,81.45832061767578,89.12999725341797,0.0,89.77999877929688,87.93000030517578,88.73999786376953,0.0,35720300
2018-02-13,82.09808349609375,89.83000183105469,0.0,90.0,87.80000305175781,88.93000030517578,0.0,26407700
2018-02-14,83.38359069824219,90.80999755859375,0.42,90.98999786376953,88.41000366210938,88.51000213623047,0.0,34960900
2018-02-15,85.08230590820312,92.66000366210938,0.0,92.72000122070312,90.62000274658203,91.20999908447266,0.0,27823900
2018-02-16,84.47627258300781,92.0,0.0,93.5,91.80000305175781,92.44999694824219,0.0,30596900
2018-02-20,85.13737487792969,92.72000122070312,0.0,93.05999755859375,91.01000213623047,91.4800033569336,0.0,30911700
2018-02-21,84.00796508789062,91.48999786376953,0.0,93.36000061035156,91.48999786376953,92.9800033569336,0.0,26922500
2018-02-22,84.22834777832031,91.7300033569336,0.0,92.7300033569336,91.36000061035156,92.05000305175781,0.0,24392800
2018-02-23,86.3677978515625,94.05999755859375,0.0,94.06999969482422,92.36000061035156,93.5999984741211,0.0,26329200
2018-02-26,87.6165542602539,95.41999816894531,0.0,95.44999694824219,94.25,94.4000015258789,0.0,30199800
2018-02-27,86.4963150024414,94.19999694824219,0.0,95.83999633789062,94.19999694824219,95.73999786376953,0.0,25869100
2018-02-28,86.10150909423828,93.7699966430664,0.0,95.70999908447266,93.62999725341797,94.83999633789062,0.0,31167300
2018-03-01,85.25672912597656,92.8499984741211,0.0,94.56999969482422,91.83999633789062,93.98999786376953,0.0,37135600
2018-03-02,85.44039154052734,93.05000305175781,0.0,93.1500015258789,90.86000061035156,91.58000183105469,0.0,32830400
2018-03-05,85.98212432861328,93.63999938964844,0.0,94.2699966430664,92.26000213623047,92.33999633789062,0.0,23901600
2018-03-06,85.68831634521484,93.31999969482422,0.0,94.48999786376953,92.94000244140625,94.33999633789062,0.0,22175800
2018-03-07,86.18414306640625,93.86000061035156,0.0,93.94000244140625,92.43000030517578,93.16000366210938,0.0,26716100
2018-03-08,86.70751953125,94.43000030517578,0.0,95.0999984741211,93.7699966430664,94.2699966430664,0.0,25887800
2018-03-09,88.64498138427734,96.54000091552734,0.0,96.54000091552734,95.0,95.29000091552734,0.0,36937300
2018-03-12,88.85614776611328,96.7699966430664,0.0,97.20999908447266,96.04000091552734,96.5,0.0,26073700
2018-03-13,86.6891860961914,94.41000366210938,0.0,97.23999786376953,93.97000122070312,97.0,0.0,35387800
2018-03-14,86.17495727539062,93.8499984741211,0.0,95.41000366210938,93.5,95.12000274658203,0.0,32132000
2018-03-15,86.47795867919922,94.18000030517578,0.0,94.58000183105469,92.83000183105469,93.52999877929688,0.0,27611000
2018-03-16,86.8636245727539,94.5999984741211,0.0,95.37999725341797,93.91999816894531,94.68000030517578,0.0,49081300
2018-03-19,85.29345703125,92.88999938964844,0.0,93.9000015258789,92.11000061035156,93.73999786376953,0.0,33344100
2018-03-20,85.51383209228516,93.12999725341797,0.0,93.7699966430664,93.0,93.05000305175781,0.0,23075200
2018-03-21,84.91703033447266,92.4800033569336,0.0,94.05000305175781,92.20999908447266,92.93000030517578,0.0,24457100
2018-03-22,82.44699096679688,89.79000091552734,0.0,91.75,89.66000366210938,91.2699966430664,0.0,38604700
2018-03-23,80.05045318603516,87.18000030517578,0.0,90.45999908447266,87.08000183105469,89.5,0.0,44068900
2018-03-26,86.11067962646484,93.77999877929688,0.0,94.0,90.4000015258789,90.61000061035156,0.0,56396800
2018-03-27,82.15318298339844,89.47000122070312,0.0,95.13999938964844,88.51000213623047,94.94000244140625,0.0,56569000
2018-03-28,82.0797119140625,89.38999938964844,0.0,91.2300033569336,88.87000274658203,89.81999969482422,0.0,52501100
2018-03-29,83.80593872070312,91.2699966430664,0.0,92.29000091552734,88.4000015258789,90.18000030517578,0.0,45867500
2018-04-02,81.28082275390625,88.5199966430664,0.0,90.87999725341797,87.51000213623047,90.47000122070312,0.0,48515400
2018-04-03,82.3735580444336,89.70999908447266,0.0,90.05000305175781,87.88999938964844,89.58000183105469,0.0,37213800
2018-04-04,84.77926635742188,92.33000183105469,0.0,92.76000213623047,87.7300033569336,87.8499984741211,0.0,35560000
2018-04-05,84.82518005371094,92.37999725341797,0.0,93.06999969482422,91.4000015258789,92.44000244140625,0.0,29771900
2018-04-06,82.85101318359375,90.2300033569336,0.0,92.45999908447266,89.4800033569336,91.48999786376953,0.0,38026000
2018-04-09,83.34684753417969,90.7699966430664,0.0,93.16999816894531,90.62000274658203,91.04000091552734,0.0,31533900
2018-04-10,85.28429412841797,92.87999725341797,0.0,93.27999877929688,91.63999938964844,92.38999938964844,0.0,26812000
2018-04-11,84.34770965576172,91.86000061035156,0.0,93.29000091552734,91.4800033569336,92.01000213623047,0.0,24872100
2018-04-12,85.92704772949219,93.58000183105469,0.0,94.16000366210938,92.43000030517578,92.43000030517578,0.0,26758900
2018-04-13,85.46794891357422,93.08000183105469,0.0,94.18000030517578,92.44000244140625,94.05000305175781,0.0,23346100
2018-04-16,86.46880340576172,94.16999816894531,0.0,94.66000366210938,93.41999816894531,94.06999969482422,0.0,20288100
2018-04-17,88.2134017944336,96.06999969482422,0.0,96.54000091552734,94.87999725341797,95.0,0.0,26771000
2018-04-18,88.55315399169922,96.44000244140625,0.0,96.72000122070312,95.5199966430664,96.22000122070312,0.0,21043300
2018-04-19,88.25011444091797,96.11000061035156,0.0,97.06999969482422,95.33999633789062,96.44000244140625,0.0,23552500
2018-04-20,87.23091888427734,95.0,0.0,96.11000061035156,94.05000305175781,95.91000366210938,0.0,31154400
2018-04-23,87.55227661132812,95.3499984741211,0.0,96.29000091552734,94.62999725341797,95.73999786376953,0.0,22331800
2018-04-24,85.50469207763672,93.12000274658203,0.0,96.47000122070312,92.41000366210938,96.23999786376953,0.0,34524800
2018-04-25,84.76091003417969,92.30999755859375,0.0,93.30000305175781,90.27999877929688,93.30000305175781,0.0,33729300
2018-04-26,86.55143737792969,94.26000213623047,0.0,95.1500015258789,93.0999984741211,93.55000305175781,0.0,42529000
2018-04-27,87.98385620117188,95.81999969482422,0.0,97.9000015258789,93.91000366210938,97.5999984741211,0.0,48272800
2018-04-30,85.87195587158203,93.5199966430664,0.0,96.4000015258789,93.1500015258789,96.33000183105469,0.0,41523600
2018-05-01,87.23091888427734,95.0,0.0,95.29000091552734,92.79000091552734,93.20999908447266,0.0,31408900
2018-05-02,85.86275482177734,93.51000213623047,0.0,95.16999816894531,93.19000244140625,94.98999786376953,0.0,27471000
2018-05-03,86.37696075439453,94.06999969482422,0.0,94.93000030517578,92.44999694824219,92.95999908447266,0.0,31142500
2018-05-04,87.37784576416016,95.16000366210938,0.0,95.37000274658203,92.91999816894531,93.31999969482422,0.0,22531300
2018-05-07,88.35114288330078,96.22000122070312,0.0,96.70999908447266,95.0999984741211,95.16999816894531,0.0,24242000
2018-05-08,87.97468566894531,95.80999755859375,0.0,96.16000366210938,95.05999755859375,95.8499984741211,0.0,23484600
2018-05-09,89.01226806640625,96.94000244140625,0.0,96.97000122070312,95.05000305175781,96.01000213623047,0.0,27327400
2018-05-10,89.9029541015625,97.91000366210938,0.0,97.94999694824219,97.05000305175781,97.45999908447266,0.0,22388100
2018-05-11,89.71011352539062,97.69999694824219,0.0,97.87000274658203,97.04000091552734,97.80000305175781,0.0,16778300
2018-05-14,90.01310729980469,98.02999877929688,0.0,98.69000244140625,97.30999755859375,97.91999816894531,0.0,19454100
2018-05-15,89.3612060546875,97.31999969482422,0.0,97.8499984741211,96.33999633789062,97.23999786376953,0.0,24594000
2018-05-16,89.59172058105469,97.1500015258789,0.42,97.4000015258789,96.62000274658203,97.36000061035156,0.0,17384700
2018-05-17,88.69720458984375,96.18000030517578,0.0,97.54000091552734,95.83000183105469,96.76000213623047,0.0,17246700
2018-05-18,88.86321258544922,96.36000061035156,0.0,96.93000030517578,96.01000213623047,96.01000213623047,0.0,17865800
2018-05-21,90.00672912597656,97.5999984741211,0.0,98.01000213623047,96.80000305175781,97.0,0.0,19422500
2018-05-22,89.91450500488281,97.5,0.0,98.16999816894531,97.19999694824219,97.68000030517578,0.0,15441200
2018-05-23,90.98424530029297,98.66000366210938,0.0,98.7300033569336,96.31999969482422,96.70999908447266,0.0,21251200
2018-05-24,90.66150665283203,98.30999755859375,0.0,98.94000244140625,96.80999755859375,98.7300033569336,0.0,26649300
2018-05-25,90.70760345458984,98.36000061035156,0.0,98.9800033569336,97.86000061035156,98.30000305175781,0.0,18363900
2018-05-29,90.38482666015625,98.01000213623047,0.0,98.87999725341797,97.2300033569336,97.83999633789062,0.0,28671000
2018-05-30,91.25171661376953,98.94999694824219,0.0,99.25,97.91000366210938,98.30999755859375,0.0,22158500
2018-05-31,91.15027618408203,98.83999633789062,0.0,99.98999786376953,98.61000061035156,99.29000091552734,0.0,34140900
2018-06-01,92.94856262207031,100.79000091552734,0.0,100.86000061035156,99.16999816894531,99.27999877929688,0.0,28655600
2018-06-04,93.76009368896484,101.66999816894531,0.0,101.86000061035156,100.8499984741211,101.26000213623047,0.0,27281600
2018-06-05,94.23961639404297,102.19000244140625,0.0,102.33000183105469,101.52999877929688,102.0,0.0,23514400
2018-06-06,94.51629638671875,102.48999786376953,0.0,102.5999984741211,101.9000015258789,102.4800033569336,0.0,21122900
2018-06-07,93.03153228759766,100.87999725341797,0.0,102.69000244140625,100.37999725341797,102.6500015258789,0.0,28232200
2018-06-08,93.72320556640625,101.62999725341797,0.0,101.94999694824219,100.54000091552734,101.08999633789062,0.0,22165100
2018-06-11,93.18833923339844,101.05000305175781,0.0,101.58999633789062,100.66999816894531,101.01000213623047,0.0,23490900
2018-06-12,93.4281005859375,101.30999755859375,0.0,101.44999694824219,100.75,101.0999984741211,0.0,18325200
2018-06-13,93.00389099121094,100.8499984741211,0.0,102.01000213623047,100.55999755859375,101.72000122070312,0.0,29492900
2018-06-14,93.529541015625,101.41999816894531,0.0,102.02999877929688,101.0,101.6500015258789,0.0,25691800
2018-06-15,92.33988952636719,100.12999725341797,0.0,101.52999877929688,100.06999969482422,101.51000213623047,0.0,65738600
2018-06-18,93.01310729980469,100.86000061035156,0.0,101.11000061035156,99.41999816894531,100.01000213623047,0.0,23586000
2018-06-19,93.01310729980469,100.86000061035156,0.0,101.0,99.5,99.6500015258789,0.0,28653100
2018-06-20,93.94454193115234,101.87000274658203,0.0,102.5199966430664,101.12000274658203,101.37000274658203,0.0,26180800
2018-06-21,93.27128601074219,101.13999938964844,0.0,102.45999908447266,100.87999725341797,102.08000183105469,0.0,23198200
2018-06-22,92.5981216430664,100.41000366210938,0.0,100.7699966430664,99.62999725341797,100.41000366210938,0.0,38923100
2018-06-25,90.73526763916016,98.38999938964844,0.0,100.11000061035156,97.30000305175781,100.0,0.0,35433300
2018-06-26,91.3716049194336,99.08000183105469,0.0,100.08000183105469,98.75,98.81999969482422,0.0,26897200
2018-06-27,89.95140838623047,97.54000091552734,0.0,100.0199966430664,97.4000015258789,99.58000183105469,0.0,31298400
2018-06-28,90.95659637451172,98.62999725341797,0.0,99.11000061035156,97.26000213623047,97.37999725341797,0.0,26650700
2018-06-29,90.93814849853516,98.61000061035156,0.0,99.91000366210938,98.33000183105469,98.93000030517578,0.0,28053200
2018-07-02,92.22924041748047,100.01000213623047,0.0,100.05999755859375,98.0,98.0999984741211,0.0,19564500
2018-07-03,91.34390258789062,99.05000305175781,0.0,100.62999725341797,98.94000244140625,100.4800033569336,0.0,14670300
2018-07-05,91.99870300292969,99.76000213623047,0.0,99.91999816894531,99.02999877929688,99.5,0.0,18977400
2018-07-06,93.28976440429688,101.16000366210938,0.0,101.43000030517578,99.66999816894531,99.88999938964844,0.0,19234600
2018-07-09,93.92608642578125,101.8499984741211,0.0,102.25,101.25,101.6500015258789,0.0,18212000
2018-07-10,94.17505645751953,102.12000274658203,0.0,102.51000213623047,101.86000061035156,102.0,0.0,19293100
2018-07-11,94.04597473144531,101.9800033569336,0.0,102.33999633789062,101.0999984741211,101.1500015258789,0.0,19644600
2018-07-12,96.08402252197266,104.19000244140625,0.0,104.41000366210938,102.7300033569336,102.7699966430664,0.0,24335900
2018-07-13,97.2275390625,105.43000030517578,0.0,105.5999984741211,104.08999633789062,104.37000274658203,0.0,24635200
2018-07-16,96.74799346923828,104.91000366210938,0.0,105.81999969482422,104.5199966430664,105.4000015258789,0.0,21786900
2018-07-17,97.70710754394531,105.94999694824219,0.0,106.5,104.31999969482422,104.61000061035156,0.0,25901700
2018-07-18,96.94171142578125,105.12000274658203,0.0,106.05000305175781,104.72000122070312,105.94000244140625,0.0,29493900
2018-07-19,96.27770233154297,104.4000015258789,0.0,105.30999755859375,103.88999938964844,104.93000030517578,0.0,40171600
2018-07-20,98.00221252441406,106.2699966430664,0.0,108.19999694824219,106.08000183105469,108.08000183105469,0.0,56004000
2018-07-23,99.5699462890625,107.97000122070312,0.0,108.13999938964844,106.12999725341797,106.30000305175781,0.0,29707000
2018-07-24,99.2840805053711,107.66000366210938,0.0,108.81999969482422,107.26000213623047,108.56999969482422,0.0,26316600
2018-07-25,102.20744323730469,110.83000183105469,0.0,111.1500015258789,107.5999984741211,107.95999908447266,0.0,30702100
2018-07-26,101.09158325195312,109.62000274658203,0.0,111.0,109.5,110.73999786376953,0.0,31372100
2018-07-27,99.30250549316406,107.68000030517578,0.0,110.18000030517578,106.13999938964844,110.18000030517578,0.0,37005300
2018-07-30,97.1722412109375,105.37000274658203,0.0,107.52999877929688,104.76000213623047,107.19000244140625,0.0,34668300
2018-07-31,97.8270034790039,106.08000183105469,0.0,106.72000122070312,105.37999725341797,106.48999786376953,0.0,27655200
2018-08-01,98.01141357421875,106.27999877929688,0.0,106.44999694824219,105.41999816894531,106.02999877929688,0.0,23628700
2018-08-02,99.2010498046875,107.56999969482422,0.0,108.08999633789062,104.83999633789062,105.4000015258789,0.0,26104300
2018-08-03,99.63450622558594,108.04000091552734,0.0,108.05000305175781,106.81999969482422,107.80000305175781,0.0,18659600
2018-08-06,99.717529296875,108.12999725341797,0.0,108.41999816894531,107.55999755859375,108.12000274658203,0.0,20265900
2018-08-07,100.40914916992188,108.87999725341797,0.0,109.0999984741211,108.16999816894531,108.55999755859375,0.0,16080200
2018-08-08,100.97172546386719,109.48999786376953,0.0,109.75,108.76000213623047,109.33000183105469,0.0,15487500
2018-08-09,101.1376953125,109.66999816894531,0.0,110.16000366210938,109.5999984741211,109.70999908447266,0.0,13677200
2018-08-10,100.51981353759766,109.0,0.0,109.69000244140625,108.37999725341797,109.41999816894531,0.0,18183700
2018-08-13,99.7912826538086,108.20999908447266,0.0,109.58000183105469,108.0999984741211,109.23999786376953,0.0,18472500
2018-08-14,101.03623962402344,109.55999755859375,0.0,109.75,108.04000091552734,108.55999755859375,0.0,16788300
2018-08-15,99.66614532470703,107.66000366210938,0.42,108.98999786376953,106.81999969482422,108.48999786376953,0.0,29982800
2018-08-16,99.64759826660156,107.63999938964844,0.0,108.86000061035156,107.30000305175781,108.30000305175781,0.0,21384300
2018-08-17,99.59209442138672,107.58000183105469,0.0,107.9000015258789,106.69000244140625,107.36000061035156,0.0,18061500
2018-08-20,98.93478393554688,106.87000274658203,0.0,107.9000015258789,106.4800033569336,107.51000213623047,0.0,17914200
2018-08-21,98.1108627319336,105.9800033569336,0.0,107.3499984741211,105.8499984741211,106.91999816894531,0.0,22881900
2018-08-22,99.11070251464844,107.05999755859375,0.0,107.33999633789062,105.77999877929688,105.8499984741211,0.0,18000600
2018-08-23,99.57357025146484,107.55999755859375,0.0,108.18000030517578,106.87000274658203,107.1500015258789,0.0,18167700
2018-08-24,100.3511962890625,108.4000015258789,0.0,108.55999755859375,107.55999755859375,107.66999816894531,0.0,17234000
2018-08-27,101.46209716796875,109.5999984741211,0.0,109.63999938964844,108.51000213623047,109.2699966430664,0.0,19662300
2018-08-28,102.0730972290039,110.26000213623047,0.0,110.5,109.79000091552734,109.94000244140625,0.0,19151500
2018-08-29,103.70236206054688,112.0199966430664,0.0,112.02999877929688,110.2699966430664,110.44999694824219,0.0,20818000
2018-08-30,103.63761138916016,111.94999694824219,0.0,112.61000061035156,111.44000244140625,111.66999816894531,0.0,22798700
2018-08-31,103.98937225341797,112.33000183105469,0.0,112.77999877929688,111.5199966430664,111.69000244140625,0.0,23222700
2018-09-04,103.41543579101562,111.70999908447266,0.0,111.95999908447266,110.22000122070312,110.8499984741211,0.0,22634600
2018-09-05,100.43451690673828,108.48999786376953,0.0,111.41999816894531,108.0999984741211,111.01000213623047,0.0,32872400
2018-09-06,100.66593170166016,108.73999786376953,0.0,108.98999786376953,107.51000213623047,108.25,0.0,23477600
2018-09-07,100.17530059814453,108.20999908447266,0.0,108.72000122070312,107.2300033569336,108.2300033569336,0.0,22498600
2018-09-10,101.25840759277344,109.37999725341797,0.0,109.63999938964844,108.36000061035156,108.83999633789062,0.0,20727900
2018-09-11,102.98033905029297,111.23999786376953,0.0,111.58999633789062,108.88999938964844,108.9000015258789,0.0,24301800
2018-09-12,103.41543579101562,111.70999908447266,0.0,111.8499984741211,110.51000213623047,111.43000030517578,0.0,18891100
2018-09-13,104.52633666992188,112.91000366210938,0.0,113.7300033569336,112.12000274658203,112.12000274658203,0.0,26055600
2018-09-14,104.95215606689453,113.37000274658203,0.0,113.7300033569336,112.44000244140625,113.36000061035156,0.0,19122300
2018-09-17,103.81348419189453,112.13999938964844,0.0,113.69999694824219,111.86000061035156,113.69000244140625,0.0,20736500
2018-09-18,104.80406951904297,113.20999908447266,0.0,113.69999694824219,111.72000122070312,112.19000244140625,0.0,22170900
2018-09-19,103.4061508178711,111.69999694824219,0.0,113.31999969482422,111.04000091552734,113.05000305175781,0.0,21728400
2018-09-20,105.13731384277344,113.56999969482422,0.0,113.80000305175781,111.93000030517578,112.27999877929688,0.0,23714500
2018-09-21,105.7761001586914,114.26000213623047,0.0,115.29000091552734,113.51000213623047,114.0,0.0,71229700
2018-09-24,106.15565490722656,114.66999816894531,0.0,114.9000015258789,112.22000122070312,113.02999877929688,0.0,27334500
2018-09-25,105.95197296142578,114.44999694824219,0.0,115.0999984741211,113.75,114.80000305175781,0.0,22668000
2018-09-26,105.51688385009766,113.9800033569336,0.0,115.05999755859375,113.73999786376953,114.47000122070312,0.0,19352000
2018-09-27,105.91497039794922,114.41000366210938,0.0,114.91000366210938,114.19999694824219,114.77999877929688,0.0,19091300
2018-09-28,105.87792205810547,114.37000274658203,0.0,114.56999969482422,113.68000030517578,114.19000244140625,0.0,21647800
2018-10-01,107.0258560180664,115.61000061035156,0.0,115.68000030517578,114.7300033569336,114.75,0.0,18883100
2018-10-02,106.60001373291016,115.1500015258789,0.0,115.83999633789062,114.44000244140625,115.30000305175781,0.0,20787200
2018-10-03,106.6185302734375,115.16999816894531,0.0,116.18000030517578,114.93000030517578,115.41999816894531,0.0,16648000
2018-10-04,104.41522216796875,112.79000091552734,0.0,114.76000213623047,111.62999725341797,114.61000061035156,0.0,34821700
2018-10-05,103.80424499511719,112.12999725341797,0.0,113.16999816894531,110.63999938964844,112.62999725341797,0.0,29068900
2018-10-08,102.61924743652344,110.8499984741211,0.0,112.02999877929688,109.33999633789062,111.66000366210938,0.0,29640600
2018-10-09,103.92457580566406,112.26000213623047,0.0,113.08000183105469,110.80000305175781,111.13999938964844,0.0,26198600
2018-10-10,98.27751159667969,106.16000366210938,0.0,111.5,105.79000091552734,111.23999786376953,0.0,61376300
2018-10-11,98.04607391357422,105.91000366210938,0.0,108.93000030517578,104.19999694824219,105.3499984741211,0.0,63904300
2018-10-12,101.43435668945312,109.56999969482422,0.0,111.23999786376953,107.12000274658203,109.01000213623047,0.0,47742100
2018-10-15,99.61060333251953,107.5999984741211,0.0,109.4800033569336,106.94999694824219,108.91000366210938,0.0,32068100
2018-10-16,102.75811767578125,111.0,0.0,111.41000366210938,108.94999694824219,109.54000091552734,0.0,31610200
2018-10-17,102.48966217041016,110.70999908447266,0.0,111.80999755859375,109.55000305175781,111.68000030517578,0.0,26548200
2018-10-18,100.44379425048828,108.5,0.0,110.52999877929688,107.83000183105469,110.0999984741211,0.0,32506200
2018-10-19,100.59187316894531,108.66000366210938,0.0,110.86000061035156,108.20999908447266,108.93000030517578,0.0,32785500
2018-10-22,101.48986053466797,109.62999725341797,0.0,110.54000091552734,108.23999786376953,109.31999969482422,0.0,26545600
2018-10-23,100.07347106933594,108.0999984741211,0.0,108.97000122070312,105.11000061035156,107.7699966430664,0.0,43770400
2018-10-24,94.72264099121094,102.31999969482422,0.0,108.48999786376953,101.58999633789062,108.41000366210938,0.0,63897800
2018-10-25,100.25859832763672,108.30000305175781,0.0,109.2699966430664,106.1500015258789,106.55000305175781,0.0,61646800
2018-10-26,99.01810455322266,106.95999908447266,0.0,108.75,104.76000213623047,105.69000244140625,0.0,55523100
2018-10-29,96.13905334472656,103.8499984741211,0.0,108.69999694824219,101.62999725341797,108.11000061035156,0.0,55162000
2018-10-30,96.02793884277344,103.7300033569336,0.0,104.37999725341797,100.11000061035156,103.66000366210938,0.0,65350900
2018-10-31,98.87926483154297,106.80999755859375,0.0,108.13999938964844,105.38999938964844,105.44000244140625,0.0,51062400
2018-11-01,98.0553207397461,105.91999816894531,0.0,107.31999969482422,105.52999877929688,107.05000305175781,0.0,33384200
2018-11-02,98.27751159667969,106.16000366210938,0.0,107.31999969482422,104.9800033569336,106.4800033569336,0.0,37680200
2018-11-05,99.52726745605469,107.51000213623047,0.0,107.73999786376953,105.9000015258789,106.37000274658203,0.0,27922100
2018-11-06,99.72171020507812,107.72000122070312,0.0,108.83999633789062,106.27999877929688,107.37999725341797,0.0,24340200
2018-11-07,103.6468734741211,111.95999908447266,0.0,112.23999786376953,109.4000015258789,109.44000244140625,0.0,37901700
2018-11-08,103.45246124267578,111.75,0.0,112.20999908447266,110.91000366210938,111.80000305175781,0.0,25644100
2018-11-09,101.43435668945312,109.56999969482422,0.0,111.44999694824219,108.76000213623047,110.8499984741211,0.0,32039200
2018-11-12,98.93478393554688,106.87000274658203,0.0,109.95999908447266,106.0999984741211,109.41999816894531,0.0,33621800
2018-11-13,98.99959564208984,106.94000244140625,0.0,108.73999786376953,106.63999938964844,107.55000305175781,0.0,35374600
2018-11-14,97.59569549560547,104.97000122070312,0.46,108.26000213623047,104.47000122070312,108.0999984741211,0.0,39495100
2018-11-15,99.74341583251953,107.27999877929688,0.0,107.80000305175781,103.91000366210938,104.98999786376953,0.0,38505200
2018-11-16,100.68245697021484,108.29000091552734,0.0,108.87999725341797,106.80000305175781,107.08000183105469,0.0,33502100
2018-11-19,97.27027893066406,104.62000274658203,0.0,108.55999755859375,103.55000305175781,108.2699966430664,0.0,44773900
2018-11-20,94.56470489501953,101.70999908447266,0.0,102.97000122070312,99.3499984741211,101.80000305175781,0.0,64052500
2018-11-21,95.86634826660156,103.11000061035156,0.0,104.43000030517578,102.23999786376953,103.5999984741211,0.0,28130600
2018-11-23,95.82918548583984,103.06999969482422,0.0,103.80999755859375,102.0,102.16999816894531,0.0,13823100
2018-11-26,98.99030303955078,106.47000122070312,0.0,106.62999725341797,104.58000183105469,104.79000091552734,0.0,32336200
2018-11-27,99.61322784423828,107.13999938964844,0.0,107.33000183105469,105.36000061035156,106.2699966430664,0.0,29124500
2018-11-28,103.31364440917969,111.12000274658203,0.0,111.33000183105469,107.86000061035156,107.88999938964844,0.0,46788500
2018-11-29,102.44896697998047,110.19000244140625,0.0,111.12000274658203,109.02999877929688,110.33000183105469,0.0,28123200
2018-11-30,103.09978485107422,110.88999938964844,0.0,110.97000122070312,109.36000061035156,110.69999694824219,0.0,33665600
2018-12-03,104.2154769897461,112.08999633789062,0.0,113.41999816894531,110.7300033569336,113.0,0.0,34732800
2018-12-04,100.89629364013672,108.5199966430664,0.0,112.63999938964844,108.20999908447266,111.94000244140625,0.0,45197000
2018-12-06,101.51921844482422,109.19000244140625,0.0,109.23999786376953,105.0,105.81999969482422,0.0,49107400
2018-12-07,97.45621490478516,104.81999969482422,0.0,109.44999694824219,104.30000305175781,108.37999725341797,0.0,45044900
2018-12-10,100.03160858154297,107.58999633789062,0.0,107.9800033569336,103.88999938964844,104.80000305175781,0.0,40801500
2018-12-11,100.96136474609375,108.58999633789062,0.0,110.94999694824219,107.44000244140625,109.80000305175781,0.0,42381900
2018-12-12,101.41697692871094,109.08000183105469,0.0,111.2699966430664,109.04000091552734,110.88999938964844,0.0,36183000
2018-12-13,101.76094818115234,109.44999694824219,0.0,110.87000274658203,108.62999725341797,109.58000183105469,0.0,31333400
2018-12-14,98.58119201660156,106.02999877929688,0.0,109.26000213623047,105.5,108.25,0.0,47043100
2018-12-17,95.66179656982422,102.88999938964844,0.0,105.80000305175781,101.70999908447266,105.41000366210938,0.0,56957300
2018-12-18,96.66593170166016,103.97000122070312,0.0,104.51000213623047,102.5199966430664,103.75,0.0,49319200
2018-12-19,96.40560913085938,103.69000244140625,0.0,106.87999725341797,101.3499984741211,103.6500015258789,0.0,68198200
2018-12-20,94.37873840332031,101.51000213623047,0.0,104.30999755859375,98.77999877929688,103.05000305175781,0.0,70334200
2018-12-21,91.32918548583984,98.2300033569336,0.0,103.0,97.45999908447266,101.62999725341797,0.0,111242100
2018-12-24,87.51720428466797,94.12999725341797,0.0,97.97000122070312,93.9800033569336,97.68000030517578,0.0,43935200
2018-12-26,93.49547576904297,100.55999755859375,0.0,100.69000244140625,93.95999908447266,95.13999938964844,0.0,51634800
2018-12-27,94.07193756103516,101.18000030517578,0.0,101.19000244140625,96.4000015258789,99.30000305175781,0.0,49498500
2018-12-28,93.33744049072266,100.38999938964844,0.0,102.41000366210938,99.5199966430664,102.08999633789062,0.0,38196300
2018-12-31,94.4345474243164,101.56999969482422,0.0,102.4000015258789,100.44000244140625,101.29000091552734,0.0,33173800
2019-01-02,94.01615142822266,101.12000274658203,0.0,101.75,98.94000244140625,99.55000305175781,0.0,35329300
2019-01-03,90.5574951171875,97.4000015258789,0.0,100.19000244140625,97.19999694824219,100.0999984741211,0.0,42579100
2019-01-04,94.76923370361328,101.93000030517578,0.0,102.51000213623047,98.93000030517578,99.72000122070312,0.0,44060600
2019-01-07,94.89009094238281,102.05999755859375,0.0,103.2699966430664,100.9800033569336,101.63999938964844,0.0,35656100
2019-01-08,95.57813262939453,102.80000305175781,0.0,103.97000122070312,101.70999908447266,103.04000091552734,0.0,31514400
2019-01-09,96.9448471069336,104.2699966430664,0.0,104.87999725341797,103.23999786376953,103.86000061035156,0.0,32280800
2019-01-10,96.32190704345703,103.5999984741211,0.0,103.75,102.37999725341797,103.22000122070312,0.0,30067600
2019-01-11,95.57813262939453,102.80000305175781,0.0,103.44000244140625,101.63999938964844,103.19000244140625,0.0,28314200
2019-01-14,94.88082122802734,102.05000305175781,0.0,102.87000274658203,101.26000213623047,101.9000015258789,0.0,28437100
2019-01-15,97.63286590576172,105.01000213623047,0.0,105.05000305175781,101.87999725341797,102.51000213623047,0.0,31587600
2019-01-16,97.97688293457031,105.37999725341797,0.0,106.26000213623047,104.95999908447266,105.26000213623047,0.0,29853900
2019-01-17,98.66490936279297,106.12000274658203,0.0,106.62999725341797,104.76000213623047,105.0,0.0,28393000
2019-01-18,100.14320373535156,107.70999908447266,0.0,107.9000015258789,105.91000366210938,107.45999908447266,0.0,37427600
2019-01-22,98.25580596923828,105.68000030517578,0.0,107.0999984741211,104.86000061035156,106.75,0.0,32371300
2019-01-23,99.21344757080078,106.70999908447266,0.0,107.04000091552734,105.33999633789062,106.12000274658203,0.0,25874300
2019-01-24,98.7392807006836,106.19999694824219,0.0,107.0,105.33999633789062,106.86000061035156,0.0,23164800
2019-01-25,99.64111328125,107.16999816894531,0.0,107.87999725341797,106.19999694824219,107.23999786376953,0.0,31225600
2019-01-28,97.69795989990234,105.08000183105469,0.0,106.4800033569336,104.66000366210938,106.26000213623047,0.0,29476700
2019-01-29,95.7082748413086,102.94000244140625,0.0,104.97000122070312,102.16999816894531,104.87999725341797,0.0,31490500
2019-01-30,98.90663146972656,106.37999725341797,0.0,106.37999725341797,104.33000183105469,104.62000274658203,0.0,49471900
2019-01-31,97.0936279296875,104.43000030517578,0.0,105.22000122070312,103.18000030517578,103.80000305175781,0.0,55636400
2019-02-01,95.55953216552734,102.77999877929688,0.0,104.0999984741211,102.3499984741211,103.77999877929688,0.0,35535700
2019-02-04,98.31157684326172,105.73999786376953,0.0,105.80000305175781,102.7699966430664,102.87000274658203,0.0,31315100
2019-02-05,99.68762969970703,107.22000122070312,0.0,107.2699966430664,105.95999908447266,106.05999755859375,0.0,27325400
2019-02-06,98.58119201660156,106.02999877929688,0.0,107.0,105.52999877929688,107.0,0.0,20609800
2019-02-07,97.87460327148438,105.2699966430664,0.0,105.58999633789062,104.29000091552734,105.19000244140625,0.0,29760700
2019-02-08,98.24650573730469,105.66999816894531,0.0,105.77999877929688,104.26000213623047,104.38999938964844,0.0,21461100
2019-02-11,97.85598754882812,105.25,0.0,106.58000183105469,104.97000122070312,106.19999694824219,0.0,18914100
2019-02-12,99.38079071044922,106.88999938964844,0.0,107.13999938964844,105.4800033569336,106.13999938964844,0.0,25056600
2019-02-13,99.30641174316406,106.80999755859375,0.0,107.77999877929688,106.70999908447266,107.5,0.0,18394900
2019-02-14,99.39008331298828,106.9000015258789,0.0,107.29000091552734,105.66000366210938,106.30999755859375,0.0,21784700
2019-02-15,100.61734771728516,108.22000122070312,0.0,108.30000305175781,107.36000061035156,107.91000366210938,0.0,26606900
2019-02-19,100.57086944580078,108.16999816894531,0.0,108.66000366210938,107.77999877929688,107.79000091552734,0.0,18038500
2019-02-20,100.0479965209961,107.1500015258789,0.46,107.94000244140625,106.29000091552734,107.86000061035156,0.0,21607700
2019-02-21,102.1582260131836,109.41000366210938,0.0,109.4800033569336,106.87000274658203,106.9000015258789,0.0,29063200
2019-02-22,103.61479187011719,110.97000122070312,0.0,111.19999694824219,109.81999969482422,110.05000305175781,0.0,27763200
2019-02-25,104.1937255859375,111.58999633789062,0.0,112.18000030517578,111.26000213623047,111.76000213623047,0.0,23750600
2019-02-26,104.91265869140625,112.36000061035156,0.0,113.23999786376953,111.16999816894531,111.26000213623047,0.0,21536700
2019-02-27,104.7352523803711,112.16999816894531,0.0,112.36000061035156,110.87999725341797,111.69000244140625,0.0,21487100
2019-02-28,104.60453796386719,112.02999877929688,0.0,112.87999725341797,111.7300033569336,112.04000091552734,0.0,29083900
2019-03-01,105.07140350341797,112.52999877929688,0.0,113.0199966430664,111.66999816894531,112.88999938964844,0.0,23501200
2019-03-04,104.8193130493164,112.26000213623047,0.0,113.25,110.80000305175781,113.0199966430664,0.0,26608000
2019-03-05,104.29642486572266,111.69999694824219,0.0,112.38999938964844,111.2300033569336,112.25,0.0,19538300
2019-03-06,104.34307861328125,111.75,0.0,112.66000366210938,111.43000030517578,111.87000274658203,0.0,17687000
2019-03-07,103.0732421875,110.38999938964844,0.0,111.55000305175781,109.87000274658203,111.4000015258789,0.0,25339000
2019-03-08,103.18529510498047,110.51000213623047,0.0,110.70999908447266,108.80000305175781,109.16000366210938,0.0,22818400
2019-03-11,105.35153198242188,112.83000183105469,0.0,112.94999694824219,110.9800033569336,110.98999786376953,0.0,26491600
2019-03-12,106.08914184570312,113.62000274658203,0.0,113.98999786376953,112.6500015258789,112.81999969482422,0.0,26132700
2019-03-13,106.91082763671875,114.5,0.0,115.0,113.77999877929688,114.12999725341797,0.0,35513800
2019-03-14,106.99483489990234,114.58999633789062,0.0,115.19999694824219,114.33000183105469,114.54000091552734,0.0,30763400
2019-03-15,108.22738647460938,115.91000366210938,0.0,117.25,114.58999633789062,115.33999633789062,0.0,54681100
2019-03-18,109.77735137939453,117.56999969482422,0.0,117.61000061035156,116.05000305175781,116.16999816894531,0.0,31207600
2019-03-19,109.85202026367188,117.6500015258789,0.0,118.44000244140625,116.98999786376953,118.08999633789062,0.0,37588700
2019-03-20,109.73066711425781,117.5199966430664,0.0,118.75,116.70999908447266,117.38999938964844,0.0,28113300
2019-03-21,112.25170135498047,120.22000122070312,0.0,120.81999969482422,117.08999633789062,117.13999938964844,0.0,29854400
2019-03-22,109.29180908203125,117.05000305175781,0.0,119.58999633789062,117.04000091552734,119.5,0.0,33624500
2019-03-25,109.86138153076172,117.66000366210938,0.0,118.01000213623047,116.31999969482422,116.55999755859375,0.0,27067100
2019-03-26,110.0948257446289,117.91000366210938,0.0,118.70999908447266,116.8499984741211,118.62000274658203,0.0,26097700
2019-03-27,109.03034210205078,116.7699966430664,0.0,118.20999908447266,115.5199966430664,117.87999725341797,0.0,22733400
2019-03-28,109.17976379394531,116.93000030517578,0.0,117.58000183105469,116.12999725341797,117.44000244140625,0.0,18334800
2019-03-29,110.1228256225586,117.94000244140625,0.0,118.31999969482422,116.95999908447266,118.06999969482422,0.0,25399800
2019-04-01,111.1312255859375,119.0199966430664,0.0,119.11000061035156,118.0999984741211,118.94999694824219,0.0,22789100
2019-04-02,111.28998565673828,119.19000244140625,0.0,119.4800033569336,118.5199966430664,119.05999755859375,0.0,18142300
2019-04-03,112.01827239990234,119.97000122070312,0.0,120.43000030517578,119.1500015258789,119.86000061035156,0.0,22860700
2019-04-04,111.44869995117188,119.36000061035156,0.0,120.2300033569336,118.37999725341797,120.0999984741211,0.0,20112800
2019-04-05,111.94356536865234,119.88999938964844,0.0,120.2300033569336,119.37000274658203,119.38999938964844,0.0,15826200
2019-04-08,111.9809341430664,119.93000030517578,0.0,120.0199966430664,118.63999938964844,119.80999755859375,0.0,15116200
2019-04-09,111.37398529052734,119.27999877929688,0.0,119.54000091552734,118.58000183105469,118.62999725341797,0.0,17612000
2019-04-10,112.22369384765625,120.19000244140625,0.0,120.3499984741211,119.54000091552734,119.76000213623047,0.0,16477200
2019-04-11,112.35437774658203,120.33000183105469,0.0,120.8499984741211,119.91999816894531,120.54000091552734,0.0,14209100
2019-04-12,112.93331146240234,120.94999694824219,0.0,120.9800033569336,120.37000274658203,120.63999938964844,0.0,19745100
2019-04-15,113.02667236328125,121.05000305175781,0.0,121.58000183105469,120.56999969482422,120.94000244140625,0.0,15792600
2019-04-16,112.76526641845703,120.7699966430664,0.0,121.6500015258789,120.0999984741211,121.63999938964844,0.0,14071800
2019-04-17,113.69896697998047,121.7699966430664,0.0,121.8499984741211,120.54000091552734,121.23999786376953,0.0,19300900
2019-04-18,115.19292449951172,123.37000274658203,0.0,123.5199966430664,121.30000305175781,122.19000244140625,0.0,27991000
2019-04-22,115.55708312988281,123.76000213623047,0.0,124.0,122.56999969482422,122.62000274658203,0.0,15648700
2019-04-23,117.12570190429688,125.44000244140625,0.0,125.58000183105469,123.83000183105469,124.0999984741211,0.0,24025500
2019-04-24,116.7242202758789,125.01000213623047,0.0,125.8499984741211,124.5199966430664,125.79000091552734,0.0,31257000
2019-04-25,120.58981323242188,129.14999389648438,0.0,131.3699951171875,128.8300018310547,130.05999755859375,0.0,38033900
2019-04-26,121.28074645996094,129.88999938964844,0.0,130.52000427246094,129.02000427246094,129.6999969482422,0.0,23654900
2019-04-29,121.168701171875,129.77000427246094,0.0,130.17999267578125,129.35000610351562,129.89999389648438,0.0,16324200
2019-04-30,121.94373321533203,130.60000610351562,0.0,130.6999969482422,129.38999938964844,129.80999755859375,0.0,24166500
2019-05-01,119.40399932861328,127.87999725341797,0.0,130.64999389648438,127.69999694824219,130.52999877929688,0.0,26821700
2019-05-02,117.84469604492188,126.20999908447266,0.0,128.0,125.5199966430664,127.9800033569336,0.0,27350200
2019-05-03,120.35636901855469,128.89999389648438,0.0,129.42999267578125,127.25,127.36000061035156,0.0,24911100
2019-05-06,119.65608215332031,128.14999389648438,0.0,128.55999755859375,126.11000061035156,126.38999938964844,0.0,24239800
2019-05-07,117.20039367675781,125.5199966430664,0.0,127.18000030517578,124.22000122070312,126.45999908447266,0.0,36017700
2019-05-08,117.19107818603516,125.51000213623047,0.0,126.37000274658203,124.75,125.44000244140625,0.0,28419000
2019-05-09,117.18170166015625,125.5,0.0,125.79000091552734,123.56999969482422,124.29000091552734,0.0,27235800
2019-05-10,118.70370483398438,127.12999725341797,0.0,127.93000030517578,123.81999969482422,124.91000366210938,0.0,30915100
2019-05-13,115.17424011230469,123.3499984741211,0.0,125.55000305175781,123.04000091552734,124.11000061035156,0.0,33944900
2019-05-14,116.4627685546875,124.7300033569336,0.0,125.87999725341797,123.69999694824219,123.87000274658203,0.0,25266300
2019-05-15,118.10282897949219,126.0199966430664,0.46,126.70999908447266,123.69999694824219,124.26000213623047,0.0,24722700
2019-05-16,120.82999420166016,128.92999267578125,0.0,129.3800048828125,126.45999908447266,126.75,0.0,30112200
2019-05-17,120.02406311035156,128.07000732421875,0.0,130.4600067138672,127.91999816894531,128.30999755859375,0.0,25770500
2019-05-20,118.2902603149414,126.22000122070312,0.0,127.58999633789062,125.76000213623047,126.5199966430664,0.0,23706900
2019-05-21,118.92755126953125,126.9000015258789,0.0,127.52999877929688,126.58000183105469,127.43000030517578,0.0,15293300
2019-05-22,119.64915466308594,127.66999816894531,0.0,128.24000549316406,126.5199966430664,126.62000274658203,0.0,15396500
2019-05-23,118.2527847290039,126.18000030517578,0.0,126.29000091552734,124.73999786376953,126.19999694824219,0.0,23603800
2019-05-24,118.30899047851562,126.23999786376953,0.0,127.41999816894531,125.97000122070312,126.91000366210938,0.0,14123400
2019-05-28,118.2340316772461,126.16000366210938,0.0,128.0,126.05000305175781,126.9800033569336,0.0,23128400
2019-05-29,117.09066009521484,124.94000244140625,0.0,125.38999938964844,124.04000091552734,125.37999725341797,0.0,22763100
2019-05-30,117.8310546875,125.7300033569336,0.0,125.76000213623047,124.77999877929688,125.26000213623047,0.0,16829600
2019-05-31,115.90984344482422,123.68000030517578,0.0,124.62000274658203,123.31999969482422,124.2300033569336,0.0,26646800
2019-06-03,112.31107330322266,119.83999633789062,0.0,124.37000274658203,119.01000213623047,123.8499984741211,0.0,37983600
2019-06-04,115.42250061035156,123.16000366210938,0.0,123.27999877929688,120.6500015258789,121.27999877929688,0.0,29382600
2019-06-05,117.92475891113281,125.83000183105469,0.0,125.87000274658203,124.20999908447266,124.94999694824219,0.0,24926100
2019-06-06,119.78974151611328,127.81999969482422,0.0,127.97000122070312,125.5999984741211,126.44000244140625,0.0,21459000
2019-06-07,123.14482879638672,131.39999389648438,0.0,132.25,128.25999450683594,129.19000244140625,0.0,33885600
2019-06-10,124.26945495605469,132.60000610351562,0.0,134.0800018310547,132.0,132.39999389648438,0.0,26477100
2019-06-11,123.80084228515625,132.10000610351562,0.0,134.24000549316406,131.27999877929688,133.8800048828125,0.0,23913700
2019-06-12,123.22917175292969,131.49000549316406,0.0,131.97000122070312,130.7100067138672,131.39999389648438,0.0,17092500
2019-06-13,124.00701141357422,132.32000732421875,0.0,133.0,131.55999755859375,131.97999572753906,0.0,17200800
2019-06-14,124.12887573242188,132.4499969482422,0.0,133.7899932861328,131.63999938964844,132.25999450683594,0.0,17821700
2019-06-17,124.5037612915039,132.85000610351562,0.0,133.72999572753906,132.52999877929688,132.6300048828125,0.0,14517800
2019-06-18,126.66864013671875,135.16000366210938,0.0,135.24000549316406,133.57000732421875,134.19000244140625,0.0,25934500
2019-06-19,127.16533660888672,135.69000244140625,0.0,135.92999267578125,133.80999755859375,135.0,0.0,23744400
2019-06-20,128.34616088867188,136.9499969482422,0.0,137.66000366210938,135.72000122070312,137.4499969482422,0.0,33042600
2019-06-21,128.3649139404297,136.97000122070312,0.0,137.72999572753906,136.4600067138672,136.5800018310547,0.0,36727900
2019-06-24,129.12403869628906,137.77999877929688,0.0,138.39999389648438,137.0,137.0,0.0,20628800
2019-06-25,125.04730987548828,133.42999267578125,0.0,137.58999633789062,132.72999572753906,137.25,0.0,33327400
2019-06-26,125.515869140625,133.92999267578125,0.0,135.74000549316406,133.60000610351562,134.35000610351562,0.0,23657700
2019-06-27,125.7220687866211,134.14999389648438,0.0,134.7100067138672,133.50999450683594,134.13999938964844,0.0,16557500
2019-06-28,125.54405212402344,133.9600067138672,0.0,134.60000610351562,133.16000366210938,134.57000732421875,0.0,30043000
2019-07-01,127.15595245361328,135.67999267578125,0.0,136.6999969482422,134.97000122070312,136.6300048828125,0.0,22613500
2019-07-02,127.99942016601562,136.5800018310547,0.0,136.58999633789062,135.33999633789062,136.1199951171875,0.0,15237800
2019-07-03,128.82415771484375,137.4600067138672,0.0,137.74000549316406,136.2899932861328,136.8000030517578,0.0,13629300
2019-07-05,128.44923400878906,137.05999755859375,0.0,137.3300018310547,135.72000122070312,135.94000244140625,0.0,18141100
2019-07-08,128.3555450439453,136.9600067138672,0.0,137.10000610351562,135.3699951171875,136.39999389648438,0.0,16779700
2019-07-09,127.88693237304688,136.4600067138672,0.0,136.97000122070312,135.8000030517578,136.0,0.0,19953100
2019-07-10,129.1896209716797,137.85000610351562,0.0,138.5800018310547,137.02000427246094,137.1300048828125,0.0,24204400
2019-07-11,129.70506286621094,138.39999389648438,0.0,139.22000122070312,137.8699951171875,138.1999969482422,0.0,22327900
2019-07-12,130.1736297607422,138.89999389648438,0.0,139.1300048828125,138.00999450683594,138.85000610351562,0.0,18936800
2019-07-15,130.1736297607422,138.89999389648438,0.0,139.5399932861328,138.4600067138672,139.44000244140625,0.0,16651500
2019-07-16,128.4679718017578,137.0800018310547,0.0,139.0500030517578,136.52000427246094,138.9600067138672,0.0,22726100
2019-07-17,127.70885467529297,136.27000427246094,0.0,137.92999267578125,136.22000122070312,137.6999969482422,0.0,20211000
2019-07-18,127.84947967529297,136.4199981689453,0.0,136.6199951171875,134.6699981689453,135.5500030517578,0.0,30381800
2019-07-19,128.03684997558594,136.6199951171875,0.0,140.6699981689453,136.4499969482422,140.22000122070312,0.0,48992400
2019-07-22,129.733154296875,138.42999267578125,0.0,139.19000244140625,137.3300018310547,137.41000366210938,0.0,25074900
2019-07-23,130.5391387939453,139.2899932861328,0.0,139.99000549316406,138.02999877929688,139.75999450683594,0.0,18034600
2019-07-24,131.87933349609375,140.72000122070312,0.0,140.74000549316406,138.85000610351562,138.89999389648438,0.0,20738300
2019-07-25,131.38255310058594,140.19000244140625,0.0,140.61000061035156,139.32000732421875,140.42999267578125,0.0,18356900
2019-07-26,132.4603271484375,141.33999633789062,0.0,141.67999267578125,140.3000030517578,140.3699951171875,0.0,19037600
2019-07-29,132.16986083984375,141.02999877929688,0.0,141.50999450683594,139.3699951171875,141.5,0.0,16605900
2019-07-30,131.53256225585938,140.35000610351562,0.0,141.22000122070312,139.8000030517578,140.13999938964844,0.0,16846500
2019-07-31,127.70885467529297,136.27000427246094,0.0,140.49000549316406,135.0800018310547,140.3300018310547,0.0,38598800
2019-08-01,129.38641357421875,138.05999755859375,0.0,140.94000244140625,136.92999267578125,137.0,0.0,40557500
2019-08-02,128.29928588867188,136.89999389648438,0.0,138.32000732421875,135.25999450683594,138.08999633789062,0.0,30791600
2019-08-05,123.90394592285156,132.2100067138672,0.0,133.92999267578125,130.77999877929688,133.3000030517578,0.0,42749600
2019-08-06,126.22815704345703,134.69000244140625,0.0,135.67999267578125,133.2100067138672,133.8000030517578,0.0,32696700
2019-08-07,126.7811050415039,135.27999877929688,0.0,135.64999389648438,131.8300018310547,133.7899932861328,0.0,33414500
2019-08-08,130.16424560546875,138.88999938964844,0.0,138.99000549316406,135.92999267578125,136.60000610351562,0.0,27496500
2019-08-09,129.05841064453125,137.7100067138672,0.0,139.3800048828125,136.4600067138672,138.61000061035156,0.0,23466700
2019-08-12,127.2590103149414,135.7899932861328,0.0,137.86000061035156,135.24000549316406,137.07000732421875,0.0,20484300
2019-08-13,129.8925323486328,138.60000610351562,0.0,138.8000030517578,135.0,136.0500030517578,0.0,25154600
2019-08-14,125.98086547851562,133.97999572753906,0.46,136.9199981689453,133.6699981689453,136.36000061035156,0.0,32527300
2019-08-15,125.6987533569336,133.67999267578125,0.0,134.5800018310547,132.25,134.38999938964844,0.0,28074400
2019-08-16,128.0025177001953,136.1300048828125,0.0,136.4600067138672,134.72000122070312,134.8800048828125,0.0,24449100
2019-08-19,130.14637756347656,138.41000366210938,0.0,138.5500030517578,136.88999938964844,137.85000610351562,0.0,24355700
2019-08-20,129.06500244140625,137.25999450683594,0.0,138.7100067138672,137.24000549316406,138.2100067138672,0.0,21170800
2019-08-21,130.50367736816406,138.7899932861328,0.0,139.49000549316406,138.0,138.5500030517578,0.0,14970300
2019-08-22,129.55401611328125,137.77999877929688,0.0,139.1999969482422,136.2899932861328,138.66000366210938,0.0,18697000
2019-08-23,125.4261245727539,133.38999938964844,0.0,138.35000610351562,132.8000030517578,137.19000244140625,0.0,38508600
2019-08-26,127.36308288574219,135.4499969482422,0.0,135.55999755859375,133.89999389648438,134.99000549316406,0.0,20312600
2019-08-27,127.63583374023438,135.74000549316406,0.0,136.72000122070312,134.66000366210938,136.38999938964844,0.0,23102100
2019-08-28,127.4665298461914,135.55999755859375,0.0,135.75999450683594,133.5500030517578,134.8800048828125,0.0,17393300
2019-08-29,129.8737030029297,138.1199951171875,0.0,138.44000244140625,136.91000366210938,137.25,0.0,20168700
2019-08-30,129.6291961669922,137.86000061035156,0.0,139.17999267578125,136.27000427246094,139.14999389648438,0.0,23940100
2019-09-03,127.91790771484375,136.0399932861328,0.0,137.1999969482422,135.6999969482422,136.61000061035156,0.0,18869300
2019-09-04,129.4129638671875,137.6300048828125,0.0,137.69000244140625,136.47999572753906,137.3000030517578,0.0,17995900
2019-09-05,131.68844604492188,140.0500030517578,0.0,140.3800048828125,138.75999450683594,139.11000061035156,0.0,26101800
2019-09-06,130.79518127441406,139.10000610351562,0.0,140.17999267578125,138.1999969482422,140.02999877929688,0.0,20824500
2019-09-09,129.30950927734375,137.52000427246094,0.0,139.75,136.4600067138672,139.58999633789062,0.0,25773900
2019-09-10,127.9554672241211,136.0800018310547,0.0,136.88999938964844,134.50999450683594,136.8000030517578,0.0,28903400
2019-09-11,127.99308776855469,136.1199951171875,0.0,136.27000427246094,135.08999633789062,135.91000366210938,0.0,24726100
2019-09-12,129.30950927734375,137.52000427246094,0.0,138.4199981689453,136.8699951171875,137.85000610351562,0.0,27010000
2019-09-13,129.12149047851562,137.32000732421875,0.0,138.05999755859375,136.57000732421875,137.77999877929688,0.0,23363100
2019-09-16,128.1905517578125,136.3300018310547,0.0,136.6999969482422,135.66000366210938,135.8300018310547,0.0,16731400
2019-09-17,129.18727111816406,137.38999938964844,0.0,137.52000427246094,136.42999267578125,136.9600067138672,0.0,17814200
2019-09-18,130.2498016357422,138.52000427246094,0.0,138.6699981689453,136.52999877929688,137.36000061035156,0.0,23982100
2019-09-19,132.64755249023438,141.07000732421875,0.0,142.3699951171875,140.07000732421875,140.3000030517578,0.0,35772100
2019-09-20,131.11488342285156,139.44000244140625,0.0,141.64999389648438,138.25,141.00999450683594,0.0,39167300
2019-09-23,130.8328094482422,139.13999938964844,0.0,139.6300048828125,138.44000244140625,139.22999572753906,0.0,17139300
2019-09-24,129.17787170410156,137.3800048828125,0.0,140.69000244140625,136.8800048828125,140.36000061035156,0.0,29773200
2019-09-25,131.03964233398438,139.36000061035156,0.0,139.9600067138672,136.02999877929688,137.5,0.0,21382000
2019-09-26,131.20889282226562,139.5399932861328,0.0,140.17999267578125,138.44000244140625,139.44000244140625,0.0,17456600
2019-09-27,129.50698852539062,137.72999572753906,0.0,140.36000061035156,136.64999389648438,140.14999389648438,0.0,22477700
2019-09-30,130.72933959960938,139.02999877929688,0.0,139.22000122070312,137.77999877929688,138.0500030517578,0.0,17280900
2019-10-01,128.8864288330078,137.07000732421875,0.0,140.25,137.0,139.66000366210938,0.0,21466600
2019-10-02,126.6108627319336,134.64999389648438,0.0,136.3699951171875,133.5800018310547,136.25,0.0,30521700
2019-10-03,128.1435546875,136.27999877929688,0.0,136.75,133.22000122070312,134.9499969482422,0.0,24132900
2019-10-04,129.8737030029297,138.1199951171875,0.0,138.25,136.4199981689453,136.75,0.0,22897700
2019-10-07,128.93341064453125,137.1199951171875,0.0,138.17999267578125,137.02000427246094,137.13999938964844,0.0,15303700
2019-10-08,127.56995391845703,135.6699981689453,0.0,137.75999450683594,135.6199951171875,137.0800018310547,0.0,25550500
2019-10-09,129.98651123046875,138.24000549316406,0.0,138.6999969482422,136.97000122070312,137.4600067138672,0.0,19749900
2019-10-10,130.79518127441406,139.10000610351562,0.0,139.6699981689453,138.25,138.49000549316406,0.0,17654600
2019-10-11,131.3405303955078,139.67999267578125,0.0,141.02999877929688,139.5,140.1199951171875,0.0,25446000
2019-10-14,131.21832275390625,139.5500030517578,0.0,140.2899932861328,139.52000427246094,139.69000244140625,0.0,13304300
2019-10-15,133.11770629882812,141.57000732421875,0.0,141.7899932861328,139.80999755859375,140.05999755859375,0.0,19695700
2019-10-16,132.02696228027344,140.41000366210938,0.0,140.99000549316406,139.52999877929688,140.7899932861328,0.0,20751600
2019-10-17,131.3499298095703,139.69000244140625,0.0,141.4199981689453,139.02000427246094,140.9499969482422,0.0,21460600
2019-10-18,129.20611572265625,137.41000366210938,0.0,140.0,136.55999755859375,139.75999450683594,0.0,32273500
2019-10-21,130.16514587402344,138.42999267578125,0.0,138.5,137.00999450683594,138.4499969482422,0.0,20078200
2019-10-22,128.22817993164062,136.3699951171875,0.0,140.00999450683594,136.25999450683594,138.97000122070312,0.0,27431000
2019-10-23,129.04620361328125,137.24000549316406,0.0,137.4499969482422,135.61000061035156,136.8800048828125,0.0,29844600
2019-10-24,131.58505249023438,139.94000244140625,0.0,140.4199981689453,138.6699981689453,139.38999938964844,0.0,37029300
2019-10-25,132.32786560058594,140.72999572753906,0.0,141.13999938964844,139.1999969482422,139.33999633789062,0.0,25959700
2019-10-28,135.58131408691406,144.19000244140625,0.0,145.6699981689453,143.50999450683594,144.39999389648438,0.0,35280100
2019-10-29,134.30247497558594,142.8300018310547,0.0,144.5,142.64999389648438,144.0800018310547,0.0,20589500
2019-10-30,135.97618103027344,144.61000061035156,0.0,145.0,142.7899932861328,143.52000427246094,0.0,18496600
2019-10-31,134.81024169921875,143.3699951171875,0.0,144.92999267578125,142.99000549316406,144.89999389648438,0.0,24605100
2019-11-01,135.13938903808594,143.72000122070312,0.0,144.4199981689453,142.97000122070312,144.25999450683594,0.0,33128400
2019-11-04,135.9197540283203,144.5500030517578,0.0,145.0,144.16000366210938,144.8300018310547,0.0,16912000
2019-11-05,135.8351593017578,144.4600067138672,0.0,145.02000427246094,143.91000366210938,144.97000122070312,0.0,18250200
2019-11-06,135.45904541015625,144.05999755859375,0.0,144.52000427246094,143.1999969482422,144.3699951171875,0.0,16575800
2019-11-07,135.64712524414062,144.25999450683594,0.0,144.8800048828125,143.77000427246094,143.83999633789062,0.0,17786700
2019-11-08,137.24560546875,145.9600067138672,0.0,145.99000549316406,143.75999450683594,143.97999572753906,0.0,16732700
2019-11-11,137.38665771484375,146.11000061035156,0.0,146.4199981689453,144.72999572753906,145.33999633789062,0.0,14362600
2019-11-12,138.28933715820312,147.07000732421875,0.0,147.57000732421875,146.05999755859375,146.27999877929688,0.0,18641600
2019-11-13,138.5149688720703,147.30999755859375,0.0,147.4600067138672,146.27999877929688,146.74000549316406,0.0,16919200
2019-11-14,139.22027587890625,148.05999755859375,0.0,148.41000366210938,147.0,147.02000427246094,0.0,19729800
2019-11-15,141.0162353515625,149.97000122070312,0.0,149.99000549316406,148.27000427246094,148.92999267578125,0.0,23485700
2019-11-18,141.3640899658203,150.33999633789062,0.0,150.5500030517578,148.97999572753906,150.07000732421875,0.0,21534000
2019-11-19,141.4110870361328,150.38999938964844,0.0,151.3300018310547,150.1999969482422,150.8800048828125,0.0,23935700
2019-11-20,141.16580200195312,149.6199951171875,0.51,150.83999633789062,148.4600067138672,150.30999755859375,0.0,25696800
2019-11-21,141.03372192382812,149.47999572753906,0.0,149.8000030517578,148.5,149.39999389648438,0.0,18576100
2019-11-22,141.1375274658203,149.58999633789062,0.0,150.3000030517578,148.82000732421875,150.07000732421875,0.0,15901800
2019-11-25,142.6848602294922,151.22999572753906,0.0,151.35000610351562,149.9199981689453,150.0,0.0,22420900
2019-11-26,143.4396514892578,152.02999877929688,0.0,152.4199981689453,151.32000732421875,151.36000061035156,0.0,24620100
2019-11-27,143.71324157714844,152.32000732421875,0.0,152.5,151.52000427246094,152.3300018310547,0.0,15184400
2019-11-29,142.826416015625,151.3800048828125,0.0,152.3000030517578,151.27999877929688,152.10000610351562,0.0,11977300
2019-12-02,141.09979248046875,149.5500030517578,0.0,151.8300018310547,148.32000732421875,151.80999755859375,0.0,27418400
2019-12-03,140.87338256835938,149.30999755859375,0.0,149.42999267578125,146.64999389648438,147.49000549316406,0.0,24066000
2019-12-04,141.38282775878906,149.85000610351562,0.0,150.17999267578125,149.1999969482422,150.13999938964844,0.0,17574700
2019-12-05,141.4582977294922,149.92999267578125,0.0,150.32000732421875,149.47999572753906,150.0500030517578,0.0,17869100
2019-12-06,143.17544555664062,151.75,0.0,151.8699951171875,150.27000427246094,150.99000549316406,0.0,16403500
2019-12-09,142.80746459960938,151.36000061035156,0.0,152.2100067138672,150.91000366210938,151.07000732421875,0.0,16687400
2019-12-10,142.59048461914062,151.1300048828125,0.0,151.88999938964844,150.75999450683594,151.2899932861328,0.0,16476100
2019-12-11,143.12831115722656,151.6999969482422,0.0,151.8699951171875,150.3300018310547,151.5399932861328,0.0,18856600
2019-12-12,144.581298828125,153.24000549316406,0.0,153.44000244140625,151.02000427246094,151.64999389648438,0.0,24612100
2019-12-13,145.79840087890625,154.52999877929688,0.0,154.88999938964844,152.8300018310547,153.0,0.0,23845400
2019-12-16,146.74188232421875,155.52999877929688,0.0,155.89999389648438,154.82000732421875,155.11000061035156,0.0,24144200
2019-12-17,145.94931030273438,154.69000244140625,0.0,155.7100067138672,154.4499969482422,155.4499969482422,0.0,25425600
2019-12-18,145.6474151611328,154.3699951171875,0.0,155.47999572753906,154.17999267578125,154.3000030517578,0.0,24129200
2019-12-19,146.9117431640625,155.7100067138672,0.0,155.77000427246094,153.75,154.0,0.0,24958900
2019-12-20,148.51565551757812,157.41000366210938,0.0,158.49000549316406,156.2899932861328,157.35000610351562,0.0,53477500
2019-12-23,148.51565551757812,157.41000366210938,0.0,158.1199951171875,157.27000427246094,158.1199951171875,0.0,17718200
2019-12-24,148.48736572265625,157.3800048828125,0.0,157.7100067138672,157.1199951171875,157.47999572753906,0.0,8989200
2019-12-26,149.70443725585938,158.6699981689453,0.0,158.72999572753906,157.39999389648438,157.55999755859375,0.0,14520600
2019-12-27,149.97802734375,158.9600067138672,0.0,159.5500030517578,158.22000122070312,159.4499969482422,0.0,18412800
2019-12-30,148.68548583984375,157.58999633789062,0.0,159.02000427246094,156.72999572753906,158.99000549316406,0.0,16348400
2019-12-31,148.7892608642578,157.6999969482422,0.0,157.77000427246094,156.4499969482422,156.77000427246094,0.0,18369400
2020-01-02,151.54425048828125,160.6199951171875,0.0,160.72999572753906,158.3300018310547,158.77999877929688,0.0,22622100
2020-01-03,149.6572723388672,158.6199951171875,0.0,159.9499969482422,158.05999755859375,158.32000732421875,0.0,21116200
2020-01-06,150.04405212402344,159.02999877929688,0.0,159.10000610351562,156.50999450683594,157.0800018310547,0.0,20813700
2020-01-07,148.67604064941406,157.5800018310547,0.0,159.6699981689453,157.32000732421875,159.32000732421875,0.0,21634100
2020-01-08,151.044189453125,160.08999633789062,0.0,160.8000030517578,157.9499969482422,158.92999267578125,0.0,27746500
2020-01-09,152.9312286376953,162.08999633789062,0.0,162.22000122070312,161.02999877929688,161.83999633789062,0.0,21385000
2020-01-10,152.2235565185547,161.33999633789062,0.0,163.22000122070312,161.17999267578125,162.82000732421875,0.0,20725900
2020-01-13,154.05397033691406,163.27999877929688,0.0,163.30999755859375,161.25999450683594,161.75999450683594,0.0,21626500
2020-01-14,152.9689483642578,162.1300048828125,0.0,163.60000610351562,161.72000122070312,163.38999938964844,0.0,23477400
2020-01-15,153.95960998535156,163.17999267578125,0.0,163.94000244140625,162.57000732421875,162.6199951171875,0.0,21417900
2020-01-16,156.78067016601562,166.1699981689453,0.0,166.24000549316406,164.02999877929688,164.35000610351562,0.0,23865400
2020-01-17,157.65814208984375,167.10000610351562,0.0,167.47000122070312,165.42999267578125,167.4199981689453,0.0,34371700
2020-01-21,157.09202575683594,166.5,0.0,168.19000244140625,166.42999267578125,166.67999267578125,0.0,29517200
2020-01-22,156.33721923828125,165.6999969482422,0.0,167.49000549316406,165.67999267578125,167.39999389648438,0.0,24138800
2020-01-23,157.29962158203125,166.72000122070312,0.0,166.8000030517578,165.27000427246094,166.19000244140625,0.0,19680800
2020-01-24,155.71449279785156,165.0399932861328,0.0,167.52999877929688,164.4499969482422,167.50999450683594,0.0,24918100
2020-01-27,153.11045837402344,162.27999877929688,0.0,163.3800048828125,160.1999969482422,161.14999389648438,0.0,32078100
2020-01-28,156.11080932617188,165.4600067138672,0.0,165.75999450683594,163.07000732421875,163.77999877929688,0.0,24899900
2020-01-29,158.54501342773438,168.0399932861328,0.0,168.75,165.69000244140625,167.83999633789062,0.0,34754500
2020-01-30,163.01719665527344,172.77999877929688,0.0,174.0500030517578,170.7899932861328,174.0500030517578,0.0,51597500
2020-01-31,160.6112823486328,170.22999572753906,0.0,172.39999389648438,169.5800018310547,172.2100067138672,0.0,36142700
2020-02-03,164.5267333984375,174.3800048828125,0.0,174.5,170.39999389648438,170.42999267578125,0.0,30107000
2020-02-04,169.9424591064453,180.1199951171875,0.0,180.63999938964844,176.30999755859375,177.13999938964844,0.0,36433300
2020-02-05,169.73484802246094,179.89999389648438,0.0,184.1999969482422,178.41000366210938,184.02999877929688,0.0,39186300
2020-02-06,173.2541046142578,183.6300048828125,0.0,183.82000732421875,180.05999755859375,180.97000122070312,0.0,27751400
2020-02-07,173.4994354248047,183.88999938964844,0.0,185.6300048828125,182.47999572753906,182.85000610351562,0.0,33529100
2020-02-10,178.03761291503906,188.6999969482422,0.0,188.83999633789062,183.25,183.5800018310547,0.0,35844300
2020-02-11,174.0183563232422,184.44000244140625,0.0,190.6999969482422,183.5,190.64999389648438,0.0,53159900
2020-02-12,174.2731170654297,184.7100067138672,0.0,185.85000610351562,181.85000610351562,185.5800018310547,0.0,47062900
2020-02-13,173.32960510253906,183.7100067138672,0.0,186.22999572753906,182.8699951171875,183.0800018310547,0.0,35295800
2020-02-14,174.876953125,185.35000610351562,0.0,185.41000366210938,182.64999389648438,183.25,0.0,23149500
2020-02-18,176.6506805419922,187.22999572753906,0.0,187.6999969482422,185.5,185.61000061035156,0.0,27792200
2020-02-19,177.18052673339844,187.27999877929688,0.51,188.17999267578125,186.47000122070312,188.05999755859375,0.0,29997500
2020-02-20,174.4747314453125,184.4199981689453,0.0,187.25,181.10000610351562,186.9499969482422,0.0,36862400
2020-02-21,168.95913696289062,178.58999633789062,0.0,183.5,177.25,183.1699981689453,0.0,48572600
2020-02-24,161.67434692382812,170.88999938964844,0.0,174.5500030517578,163.22999572753906,167.77000427246094,0.0,68311100
2020-02-25,159.00643920898438,168.07000732421875,0.0,174.83999633789062,167.64999389648438,174.1999969482422,0.0,68073300
2020-02-26,160.9931640625,170.1699981689453,0.0,173.25999450683594,168.2100067138672,169.7100067138672,0.0,56206100
2020-02-27,149.64976501464844,158.17999267578125,0.0,167.02999877929688,157.97999572753906,163.32000732421875,0.0,93174900
2020-02-28,153.27322387695312,162.00999450683594,0.0,163.7100067138672,152.0,152.41000366210938,0.0,97012700
2020-03-02,163.47193908691406,172.7899932861328,0.0,172.9199981689453,162.30999755859375,165.30999755859375,0.0,71030800
2020-03-03,155.638427734375,164.50999450683594,0.0,175.0,162.25999450683594,173.8000030517578,0.0,71677000
2020-03-04,161.3527069091797,170.5500030517578,0.0,170.6999969482422,165.6199951171875,168.49000549316406,0.0,49814400
2020-03-05,157.30348205566406,166.27000427246094,0.0,170.8699951171875,165.69000244140625,166.0500030517578,0.0,47817300
2020-03-06,152.8569793701172,161.57000732421875,0.0,163.11000061035156,156.0,162.61000061035156,0.0,72821100
2020-03-09,142.4974822998047,150.6199951171875,0.0,157.75,150.0,151.0,0.0,70419300
2020-03-10,152.2420196533203,160.9199981689453,0.0,161.02999877929688,152.5800018310547,158.16000366210938,0.0,65354400
2020-03-11,145.3451690673828,153.6300048828125,0.0,157.6999969482422,151.14999389648438,157.1300048828125,0.0,56371600
2020-03-12,131.56085205078125,139.05999755859375,0.0,153.47000122070312,138.5800018310547,145.3000030517578,0.0,93226400
2020-03-13,150.2647247314453,158.8300018310547,0.0,161.91000366210938,140.72999572753906,147.5,0.0,92727400
2020-03-16,128.11717224121094,135.4199981689453,0.0,149.35000610351562,135.0,140.0,0.0,87905900
2020-03-17,138.66586303710938,146.57000732421875,0.0,147.5,135.0,140.0,0.0,81059800
2020-03-18,132.82859802246094,140.39999389648438,0.0,146.0,135.02000427246094,138.0,0.0,81593200
2020-03-19,135.01405334472656,142.7100067138672,0.0,150.14999389648438,139.0,142.77000427246094,0.0,85922700
2020-03-20,129.943115234375,137.35000610351562,0.0,147.10000610351562,135.86000061035156,146.0,0.0,84866200
2020-03-23,128.64697265625,135.97999572753906,0.0,140.57000732421875,132.52000427246094,137.00999450683594,0.0,78975200
2020-03-24,140.3404083251953,148.33999633789062,0.0,149.60000610351562,141.27000427246094,143.75,0.0,82516700
2020-03-25,138.99700927734375,146.9199981689453,0.0,154.3300018310547,144.44000244140625,148.91000366210938,0.0,75638200
2020-03-26,147.69140625,156.11000061035156,0.0,156.66000366210938,148.3699951171875,148.39999389648438,0.0,64568100
2020-03-27,141.6270751953125,149.6999969482422,0.0,154.88999938964844,149.1999969482422,151.75,0.0,57042300
2020-03-30,151.58924865722656,160.22999572753906,0.0,160.60000610351562,150.00999450683594,152.44000244140625,0.0,63420300
2020-03-31,149.205078125,157.7100067138672,0.0,164.77999877929688,156.55999755859375,159.39999389648438,0.0,77927200
2020-04-01,143.9071502685547,152.11000061035156,0.0,157.75,150.82000732421875,153.0,0.0,57969900
2020-04-02,146.88726806640625,155.25999450683594,0.0,155.47999572753906,150.36000061035156,151.86000061035156,0.0,49630700
2020-04-03,145.53439331054688,153.8300018310547,0.0,157.3800048828125,152.19000244140625,155.10000610351562,0.0,41243300
2020-04-06,156.3574676513672,165.27000427246094,0.0,166.5,157.5800018310547,160.32000732421875,0.0,67111700
2020-04-07,154.67343139648438,163.49000549316406,0.0,170.0,163.25999450683594,169.58999633789062,0.0,62769000
2020-04-08,156.2250213623047,165.1300048828125,0.0,166.6699981689453,163.5,165.6699981689453,0.0,48318200
2020-04-09,156.23446655273438,165.13999938964844,0.0,167.3699951171875,163.3300018310547,166.36000061035156,0.0,51385100
2020-04-13,156.58448791503906,165.50999450683594,0.0,165.57000732421875,162.3000030517578,164.35000610351562,0.0,41905300
2020-04-14,164.3328094482422,173.6999969482422,0.0,173.75,168.0,169.0,0.0,52874300
2020-04-15,162.6109619140625,171.8800048828125,0.0,173.57000732421875,169.24000549316406,171.1999969482422,0.0,40940800
2020-04-16,167.4927215576172,177.0399932861328,0.0,177.27999877929688,172.89999389648438,174.3000030517578,0.0,50479600
2020-04-17,168.96859741210938,178.60000610351562,0.0,180.0,175.8699951171875,179.5,0.0,52765600
2020-04-20,165.61949157714844,175.05999755859375,0.0,178.75,174.99000549316406,176.6300048828125,0.0,36669600
2020-04-21,158.76992797851562,167.82000732421875,0.0,173.6699981689453,166.11000061035156,173.5,0.0,56203700
2020-04-22,164.1625518798828,173.52000427246094,0.0,174.0,170.82000732421875,171.38999938964844,0.0,34620200
2020-04-23,162.17579650878906,171.4199981689453,0.0,175.05999755859375,170.91000366210938,174.11000061035156,0.0,32790800
2020-04-24,165.136962890625,174.5500030517578,0.0,174.55999755859375,170.7100067138672,172.05999755859375,0.0,34277600
2020-04-27,164.66395568847656,174.0500030517578,0.0,176.89999389648438,173.3000030517578,176.58999633789062,0.0,33194400
2020-04-28,160.65260314941406,169.80999755859375,0.0,175.6699981689453,169.38999938964844,175.58999633789062,0.0,34392700
2020-04-29,167.8616485595703,177.42999267578125,0.0,177.67999267578125,171.8800048828125,173.22000122070312,0.0,51286600
2020-04-30,169.5457000732422,179.2100067138672,0.0,180.39999389648438,176.22999572753906,180.0,0.0,53875900
2020-05-01,165.15589904785156,174.57000732421875,0.0,178.63999938964844,174.00999450683594,175.8000030517578,0.0,39370500
2020-05-04,169.1956329345703,178.83999633789062,0.0,179.0,173.8000030517578,174.49000549316406,0.0,30372900
2020-05-05,171.01210021972656,180.75999450683594,0.0,183.64999389648438,179.89999389648438,180.6199951171875,0.0,36839200
2020-05-06,172.6961212158203,182.5399932861328,0.0,184.1999969482422,181.6300048828125,182.0800018310547,0.0,32139300
2020-05-07,173.698974609375,183.60000610351562,0.0,184.5500030517578,182.5800018310547,184.1699981689453,0.0,28316000
2020-05-08,174.72073364257812,184.67999267578125,0.0,185.0,183.36000061035156,184.97999572753906,0.0,30877800
2020-05-11,176.6696014404297,186.74000549316406,0.0,187.50999450683594,182.85000610351562,183.14999389648438,0.0,30892700
2020-05-12,172.66769409179688,182.50999450683594,0.0,187.0399932861328,182.3000030517578,186.8000030517578,0.0,32038200
2020-05-13,170.05657958984375,179.75,0.0,184.0500030517578,176.5399932861328,182.5500030517578,0.0,44711500
2020-05-14,170.7945098876953,180.52999877929688,0.0,180.69000244140625,175.67999267578125,177.5399932861328,0.0,41873900
2020-05-15,173.2826690673828,183.16000366210938,0.0,187.05999755859375,177.0,179.05999755859375,0.0,46610400
2020-05-18,174.9382781982422,184.91000366210938,0.0,186.1999969482422,183.9600067138672,185.75,0.0,35264500
2020-05-19,173.72732543945312,183.6300048828125,0.0,186.60000610351562,183.49000549316406,185.02999877929688,0.0,26799100
2020-05-20,176.13702392578125,185.66000366210938,0.51,185.85000610351562,183.94000244140625,184.80999755859375,0.0,31261300
2020-05-21,174.02142333984375,183.42999267578125,0.0,186.6699981689453,183.2899932861328,185.39999389648438,0.0,29119500
2020-05-22,174.09732055664062,183.50999450683594,0.0,184.4600067138672,182.5399932861328,183.19000244140625,0.0,20826900
2020-05-26,172.25689697265625,181.57000732421875,0.0,186.5,181.10000610351562,186.33999633789062,0.0,36073600
2020-05-27,172.48452758789062,181.80999755859375,0.0,181.99000549316406,176.60000610351562,180.1999969482422,0.0,39517100
2020-05-28,172.09555053710938,181.39999389648438,0.0,184.14999389648438,180.3800048828125,180.74000549316406,0.0,33810200
2020-05-29,173.85067749023438,183.25,0.0,184.27000427246094,180.41000366210938,182.72999572753906,0.0,42130400
2020-06-01,173.45225524902344,182.8300018310547,0.0,183.0,181.4600067138672,182.5399932861328,0.0,22622400
2020-06-02,175.42550659179688,184.91000366210938,0.0,185.0,181.35000610351562,184.25,0.0,30794600
2020-06-03,175.85238647460938,185.36000061035156,0.0,185.94000244140625,183.5800018310547,184.82000732421875,0.0,27311000
2020-06-04,173.53753662109375,182.9199981689453,0.0,185.83999633789062,182.3000030517578,184.3000030517578,0.0,28761800
2020-06-05,177.59803771972656,187.1999969482422,0.0,187.72999572753906,182.00999450683594,182.6199951171875,0.0,39893600
2020-06-08,178.6985321044922,188.36000061035156,0.0,188.5500030517578,184.44000244140625,185.94000244140625,0.0,33211600
2020-06-09,180.06471252441406,189.8000030517578,0.0,190.6999969482422,187.25999450683594,188.0,0.0,29783900
2020-06-10,186.74362182617188,196.83999633789062,0.0,198.52000427246094,191.00999450683594,191.1300048828125,0.0,43872300
2020-06-11,176.7157745361328,186.27000427246094,0.0,195.75999450683594,186.07000732421875,193.1300048828125,0.0,52854700
2020-06-12,178.1103515625,187.74000549316406,0.0,191.72000122070312,185.17999267578125,190.5399932861328,0.0,43373600
2020-06-15,179.248779296875,188.94000244140625,0.0,190.82000732421875,184.00999450683594,184.5800018310547,0.0,32770200
2020-06-16,183.64132690429688,193.57000732421875,0.0,195.5800018310547,191.4600067138672,192.88999938964844,0.0,42556700
2020-06-17,184.27694702148438,194.24000549316406,0.0,196.32000732421875,193.69000244140625,195.02999877929688,0.0,25687800
2020-06-18,186.25025939941406,196.32000732421875,0.0,196.49000549316406,194.0,194.0,0.0,23061600
2020-06-19,185.1403045654297,195.14999389648438,0.0,199.2899932861328,194.3699951171875,198.58999633789062,0.0,44441100
2020-06-22,190.28228759765625,200.57000732421875,0.0,200.75999450683594,195.22999572753906,195.7899932861328,0.0,32818900
2020-06-23,191.5535888671875,201.91000366210938,0.0,203.9499969482422,201.42999267578125,202.08999633789062,0.0,30917400
2020-06-24,187.69229125976562,197.83999633789062,0.0,203.25,196.55999755859375,201.60000610351562,0.0,36740600
2020-06-25,190.0640869140625,200.33999633789062,0.0,200.61000061035156,195.47000122070312,197.8000030517578,0.0,27803900
2020-06-26,186.2597198486328,196.3300018310547,0.0,199.88999938964844,194.8800048828125,199.72999572753906,0.0,54675800
2020-06-29,188.26153564453125,198.44000244140625,0.0,198.52999877929688,193.5500030517578,195.77999877929688,0.0,26701600
2020-06-30,193.0714569091797,203.50999450683594,0.0,204.39999389648438,197.74000549316406,197.8800048828125,0.0,34310300
2020-07-01,194.20045471191406,204.6999969482422,0.0,206.35000610351562,201.77000427246094,203.13999938964844,0.0,32061200
2020-07-02,195.68045043945312,206.25999450683594,0.0,208.02000427246094,205.0,205.67999267578125,0.0,29315800
2020-07-06,199.89266967773438,210.6999969482422,0.0,211.1300048828125,208.08999633789062,208.8300018310547,0.0,31897600
2020-07-07,197.56837463378906,208.25,0.0,214.6699981689453,207.99000549316406,210.4499969482422,0.0,33600700
2020-07-08,201.91342163085938,212.8300018310547,0.0,213.25999450683594,208.69000244140625,210.07000732421875,0.0,33600000
2020-07-09,203.32704162597656,214.32000732421875,0.0,216.3800048828125,211.47000122070312,216.3300018310547,0.0,33121700
2020-07-10,202.71038818359375,213.6699981689453,0.0,214.0800018310547,211.0800018310547,213.6199951171875,0.0,26177600
2020-07-13,196.44891357421875,207.07000732421875,0.0,215.8000030517578,206.5,214.47999572753906,0.0,38135600
2020-07-14,197.6632080078125,208.35000610351562,0.0,208.85000610351562,202.02999877929688,206.1300048828125,0.0,37591800
2020-07-15,197.36907958984375,208.0399932861328,0.0,211.3300018310547,205.02999877929688,209.55999755859375,0.0,32179400
2020-07-16,193.46046447753906,203.9199981689453,0.0,205.6999969482422,202.30999755859375,205.39999389648438,0.0,29940700
2020-07-17,192.4738006591797,202.8800048828125,0.0,205.0399932861328,201.38999938964844,204.47000122070312,0.0,31635300
2020-07-20,200.74655151367188,211.60000610351562,0.0,212.3000030517578,203.00999450683594,205.0,0.0,36884800
2020-07-21,198.04269409179688,208.75,0.0,213.94000244140625,208.02999877929688,213.66000366210938,0.0,37990400
2020-07-22,200.88880920410156,211.75,0.0,212.3000030517578,208.38999938964844,209.1999969482422,0.0,49605700
2020-07-23,192.1512451171875,202.5399932861328,0.0,210.9199981689453,202.14999389648438,207.19000244140625,0.0,67457000
2020-07-24,190.97483825683594,201.3000030517578,0.0,202.86000061035156,197.50999450683594,200.4199981689453,0.0,39827000
2020-07-27,193.39402770996094,203.85000610351562,0.0,203.97000122070312,200.86000061035156,201.47000122070312,0.0,30160900
2020-07-28,191.6579132080078,202.02000427246094,0.0,204.6999969482422,201.74000549316406,203.61000061035156,0.0,23251400
2020-07-29,193.59324645996094,204.05999755859375,0.0,204.64999389648438,202.00999450683594,202.5,0.0,19632600
2020-07-30,193.4414520263672,203.89999389648438,0.0,204.4600067138672,199.57000732421875,201.0,0.0,25079600
2020-07-31,194.4945068359375,205.00999450683594,0.0,205.10000610351562,199.00999450683594,204.39999389648438,0.0,51044000
2020-08-03,205.43310546875,216.5399932861328,0.0,217.63999938964844,210.44000244140625,211.52000427246094,0.0,78983000
2020-08-04,202.34979248046875,213.2899932861328,0.0,214.77000427246094,210.30999755859375,214.1699981689453,0.0,49280100
2020-08-05,202.0177764892578,212.94000244140625,0.0,215.0,211.57000732421875,214.89999389648438,0.0,28806400
2020-08-06,205.25286865234375,216.35000610351562,0.0,216.3699951171875,211.5500030517578,212.33999633789062,0.0,32656800
2020-08-07,201.58135986328125,212.47999572753906,0.0,215.6999969482422,210.92999267578125,214.85000610351562,0.0,27820400
2020-08-10,197.56837463378906,208.25,0.0,211.8800048828125,206.35000610351562,211.6699981689453,0.0,36716500
2020-08-11,192.9481964111328,203.3800048828125,0.0,207.64999389648438,203.13999938964844,207.16000366210938,0.0,36446500
2020-08-12,198.46014404296875,209.19000244140625,0.0,210.27999877929688,204.75,205.2899932861328,0.0,28013100
2020-08-13,197.99525451660156,208.6999969482422,0.0,211.35000610351562,208.14999389648438,209.44000244140625,0.0,22588900
2020-08-14,198.18502807617188,208.89999389648438,0.0,209.58999633789062,207.50999450683594,208.75999450683594,0.0,17958900
2020-08-17,199.49424743652344,210.27999877929688,0.0,211.19000244140625,208.9199981689453,209.60000610351562,0.0,20184800
2020-08-18,200.6421356201172,211.49000549316406,0.0,212.36000061035156,209.2100067138672,210.52999877929688,0.0,21336200
2020-08-19,199.42486572265625,209.6999969482422,0.51,212.10000610351562,209.25,211.49000549316406,0.0,27627600
2020-08-20,204.0657958984375,214.5800018310547,0.0,215.0,208.91000366210938,209.5399932861328,0.0,26981500
2020-08-21,202.58221435546875,213.02000427246094,0.0,216.25,212.85000610351562,213.86000061035156,0.0,36249300
2020-08-24,203.21942138671875,213.69000244140625,0.0,215.52000427246094,212.42999267578125,214.7899932861328,0.0,25460100
2020-08-25,205.86317443847656,216.47000122070312,0.0,216.61000061035156,213.10000610351562,213.10000610351562,0.0,23043700
2020-08-26,210.31385803222656,221.14999389648438,0.0,222.08999633789062,217.36000061035156,217.8800048828125,0.0,39600800
2020-08-27,215.477783203125,226.5800018310547,0.0,231.14999389648438,219.39999389648438,222.88999938964844,0.0,57602200
2020-08-28,217.69361877441406,228.91000366210938,0.0,230.63999938964844,226.5800018310547,228.17999267578125,0.0,26292900
2020-08-31,214.47923278808594,225.52999877929688,0.0,228.6999969482422,224.30999755859375,227.0,0.0,28774200
2020-09-01,216.13394165039062,227.27000427246094,0.0,227.4499969482422,224.42999267578125,225.50999450683594,0.0,25725500
2020-09-02,220.29931640625,231.64999389648438,0.0,232.86000061035156,227.35000610351562,227.97000122070312,0.0,34080800
2020-09-03,206.65252685546875,217.3000030517578,0.0,229.30999755859375,214.9600067138672,229.27000427246094,0.0,58400300
2020-09-04,203.75193786621094,214.25,0.0,218.36000061035156,205.19000244140625,215.10000610351562,0.0,59664100
2020-09-08,192.72987365722656,202.66000366210938,0.0,210.02999877929688,202.1999969482422,206.5,0.0,52924300
2020-09-09,200.93695068359375,211.2899932861328,0.0,214.83999633789062,206.6999969482422,207.60000610351562,0.0,45679000
2020-09-10,195.30702209472656,205.3699951171875,0.0,214.74000549316406,204.11000061035156,213.39999389648438,0.0,35461500
2020-09-11,194.03273010253906,204.02999877929688,0.0,208.6300048828125,201.24000549316406,207.1999969482422,0.0,33620100
2020-09-14,195.34507751464844,205.41000366210938,0.0,209.1999969482422,204.02999877929688,204.24000549316406,0.0,30375800
2020-09-15,198.5499725341797,208.77999877929688,0.0,209.77999877929688,206.92999267578125,208.4199981689453,0.0,21823900
2020-09-16,195.00270080566406,205.0500030517578,0.0,210.64999389648438,204.63999938964844,210.6199951171875,0.0,26328100
2020-09-17,192.96762084960938,202.91000366210938,0.0,204.3300018310547,199.9600067138672,200.0500030517578,0.0,34011300
2020-09-18,190.57106018066406,200.38999938964844,0.0,203.64999389648438,196.25,202.8000030517578,0.0,55225300
2020-09-21,192.61572265625,202.5399932861328,0.0,202.7100067138672,196.3800048828125,197.19000244140625,0.0,39839700
2020-09-22,197.25660705566406,207.4199981689453,0.0,208.10000610351562,202.0800018310547,205.05999755859375,0.0,33517100
2020-09-23,190.76123046875,200.58999633789062,0.0,208.10000610351562,200.02999877929688,207.89999389648438,0.0,30803800
2020-09-24,193.23385620117188,203.19000244140625,0.0,205.57000732421875,199.1999969482422,199.85000610351562,0.0,31202500
2020-09-25,197.63702392578125,207.82000732421875,0.0,209.0399932861328,202.5399932861328,203.5500030517578,0.0,29437300
2020-09-28,199.1776123046875,209.44000244140625,0.0,212.57000732421875,208.05999755859375,210.8800048828125,0.0,32004900
2020-09-29,197.1044158935547,207.25999450683594,0.0,210.07000732421875,206.80999755859375,209.35000610351562,0.0,24221900
2020-09-30,200.0240020751953,210.3300018310547,0.0,211.97999572753906,206.5399932861328,207.72999572753906,0.0,33829100
2020-10-01,202.04966735839844,212.4600067138672,0.0,213.99000549316406,211.32000732421875,213.49000549316406,0.0,27158400
2020-10-02,196.08685302734375,206.19000244140625,0.0,210.99000549316406,205.5399932861328,208.0,0.0,33154800
2020-10-05,200.0715789794922,210.3800048828125,0.0,210.41000366210938,206.97999572753906,207.22000122070312,0.0,21331600
2020-10-06,195.8206024169922,205.91000366210938,0.0,210.17999267578125,204.82000732421875,208.82000732421875,0.0,28554300
2020-10-07,199.54856872558594,209.8300018310547,0.0,210.11000061035156,206.72000122070312,207.05999755859375,0.0,25681100
2020-10-08,200.26173400878906,210.5800018310547,0.0,211.19000244140625,208.32000732421875,210.50999450683594,0.0,19925800
2020-10-09,205.23553466796875,215.80999755859375,0.0,215.86000061035156,211.22999572753906,211.22999572753906,0.0,26458000
2020-10-12,210.55160522460938,221.39999389648438,0.0,223.86000061035156,216.80999755859375,218.7899932861328,0.0,40461400
2020-10-13,211.9400634765625,222.86000061035156,0.0,225.2100067138672,220.42999267578125,222.72000122070312,0.0,28950800
2020-10-14,210.03805541992188,220.86000061035156,0.0,224.22000122070312,219.1300048828125,223.0,0.0,23421700
2020-10-15,208.89686584472656,219.66000366210938,0.0,220.36000061035156,216.00999450683594,217.10000610351562,0.0,22733100
2020-10-16,208.89686584472656,219.66000366210938,0.0,222.2899932861328,219.32000732421875,220.14999389648438,0.0,26057900
2020-10-19,203.72341918945312,214.22000122070312,0.0,222.3000030517578,213.72000122070312,220.4199981689453,0.0,27625800
2020-10-20,204.13235473632812,214.64999389648438,0.0,217.3699951171875,213.08999633789062,215.8000030517578,0.0,22753500
2020-10-21,204.2749786376953,214.8000030517578,0.0,216.9199981689453,213.1199951171875,213.1199951171875,0.0,22724900
2020-10-22,204.36058044433594,214.88999938964844,0.0,216.05999755859375,211.6999969482422,213.92999267578125,0.0,22351500
2020-10-23,205.63494873046875,216.22999572753906,0.0,216.27999877929688,213.16000366210938,215.02999877929688,0.0,18879600
2020-10-26,199.7862548828125,210.0800018310547,0.0,216.33999633789062,208.10000610351562,213.85000610351562,0.0,37111600
2020-10-27,202.80091857910156,213.25,0.0,214.6699981689453,210.3300018310547,211.58999633789062,0.0,36700300
2020-10-28,192.7488555908203,202.67999267578125,0.0,208.83999633789062,202.10000610351562,207.6699981689453,0.0,51195600
2020-10-29,194.68887329101562,204.72000122070312,0.0,207.36000061035156,203.3699951171875,204.07000732421875,0.0,31432600
2020-10-30,192.54913330078125,202.47000122070312,0.0,204.2899932861328,199.6199951171875,203.5,0.0,36953700
2020-11-02,192.416015625,202.3300018310547,0.0,205.27999877929688,200.1199951171875,204.2899932861328,0.0,30842200
2020-11-03,196.3151397705078,206.42999267578125,0.0,208.1199951171875,203.1199951171875,203.88999938964844,0.0,27512000
2020-11-04,205.78707885742188,216.38999938964844,0.0,218.32000732421875,212.4199981689453,214.02000427246094,0.0,42311800
2020-11-05,212.3489532470703,223.2899932861328,0.0,224.1199951171875,221.14999389648438,222.0399932861328,0.0,36080100
2020-11-06,212.75791931152344,223.72000122070312,0.0,224.36000061035156,218.02999877929688,222.25999450683594,0.0,25231900
2020-11-09,207.6890869140625,218.38999938964844,0.0,228.1199951171875,217.8800048828125,224.44000244140625,0.0,44395000
2020-11-10,200.6707000732422,211.00999450683594,0.0,216.5,209.72000122070312,214.5,0.0,44045100
2020-11-11,205.93922424316406,216.5500030517578,0.0,218.0399932861328,212.1999969482422,212.38999938964844,0.0,29440800
2020-11-12,204.8836212158203,215.44000244140625,0.0,219.11000061035156,214.4600067138672,217.2100067138672,0.0,21593900
2020-11-13,205.9011688232422,216.50999450683594,0.0,217.4199981689453,214.16000366210938,216.36000061035156,0.0,18621100
2020-11-16,206.58587646484375,217.22999572753906,0.0,217.74000549316406,214.52000427246094,214.8699951171875,0.0,24953300
2020-11-17,203.95164489746094,214.4600067138672,0.0,217.67999267578125,214.0800018310547,216.10000610351562,0.0,24154100
2020-11-18,201.26280212402344,211.0800018310547,0.56,215.1699981689453,210.92999267578125,213.64999389648438,0.0,28372800
2020-11-19,202.54049682617188,212.4199981689453,0.0,213.02999877929688,209.92999267578125,211.3800048828125,0.0,24792700
2020-11-20,200.60488891601562,210.38999938964844,0.0,213.2899932861328,210.0,212.1999969482422,0.0,22843100
2020-11-23,200.3379364013672,210.11000061035156,0.0,212.2899932861328,208.16000366210938,210.9499969482422,0.0,25683500
2020-11-24,203.9135284423828,213.86000061035156,0.0,214.25,208.86000061035156,209.58999633789062,0.0,33979700
2020-11-25,203.92306518554688,213.8699951171875,0.0,215.2899932861328,212.4600067138672,215.11000061035156,0.0,21012900
2020-11-27,205.21978759765625,215.22999572753906,0.0,216.27000427246094,214.0399932861328,214.85000610351562,0.0,14512200
2020-11-30,204.11376953125,214.07000732421875,0.0,214.75999450683594,210.83999633789062,214.10000610351562,0.0,33064800
2020-12-01,206.15420532226562,216.2100067138672,0.0,217.32000732421875,213.35000610351562,214.50999450683594,0.0,30904500
2020-12-02,205.35325622558594,215.3699951171875,0.0,215.47000122070312,212.8000030517578,214.8800048828125,0.0,23724500
2020-12-03,204.27584838867188,214.24000549316406,0.0,216.3800048828125,213.64999389648438,214.61000061035156,0.0,25120900
2020-12-04,204.39024353027344,214.36000061035156,0.0,215.3800048828125,213.17999267578125,214.22000122070312,0.0,24666000
2020-12-07,204.323486328125,214.2899932861328,0.0,215.5399932861328,212.99000549316406,214.3699951171875,0.0,24620000
2020-12-08,205.96353149414062,216.00999450683594,0.0,216.9499969482422,212.88999938964844,213.97000122070312,0.0,23284100
2020-12-09,201.9493408203125,211.8000030517578,0.0,215.22999572753906,211.2100067138672,215.16000366210938,0.0,32440600
2020-12-10,200.72882080078125,210.52000427246094,0.0,213.0800018310547,210.36000061035156,211.77000427246094,0.0,26733300
2020-12-11,203.3414306640625,213.25999450683594,0.0,213.32000732421875,209.11000061035156,210.0500030517578,0.0,30979400
2020-12-14,204.2377166748047,214.1999969482422,0.0,216.2100067138672,212.8800048828125,213.10000610351562,0.0,28798400
2020-12-15,204.17095947265625,214.1300048828125,0.0,215.4199981689453,212.24000549316406,215.1699981689453,0.0,27000600
2020-12-16,209.0814666748047,219.27999877929688,0.0,220.11000061035156,214.72000122070312,214.75,0.0,35023300
2020-12-17,209.2148895263672,219.4199981689453,0.0,220.88999938964844,217.9199981689453,219.8699951171875,0.0,32515800
2020-12-18,208.4235382080078,218.58999633789062,0.0,219.69000244140625,216.02000427246094,218.58999633789062,0.0,63354900
2020-12-21,212.2375030517578,222.58999633789062,0.0,224.0,217.27999877929688,217.5500030517578,0.0,37181900
2020-12-22,213.52468872070312,223.94000244140625,0.0,225.6300048828125,221.85000610351562,222.69000244140625,0.0,22612200
2020-12-23,210.74053955078125,221.02000427246094,0.0,223.55999755859375,220.8000030517578,223.11000061035156,0.0,18699600
2020-12-24,212.39002990722656,222.75,0.0,223.61000061035156,221.1999969482422,221.4199981689453,0.0,10550600
2020-12-28,214.49728393554688,224.9600067138672,0.0,226.02999877929688,223.02000427246094,224.4499969482422,0.0,17933500
2020-12-29,213.72488403320312,224.14999389648438,0.0,227.17999267578125,223.5800018310547,226.30999755859375,0.0,17403200
2020-12-30,211.36976623535156,221.67999267578125,0.0,225.6300048828125,221.47000122070312,225.22999572753906,0.0,20272300
2020-12-31,212.0753631591797,222.4199981689453,0.0,223.0,219.67999267578125,221.6999969482422,0.0,20942100
2021-01-04,207.56541442871094,217.69000244140625,0.0,223.0,214.80999755859375,222.52999877929688,0.0,37130100
2021-01-05,207.76560974121094,217.89999389648438,0.0,218.52000427246094,215.6999969482422,217.25999450683594,0.0,23823000
2021-01-06,202.37838745117188,212.25,0.0,216.49000549316406,211.94000244140625,212.1699981689453,0.0,35930700
2021-01-07,208.13746643066406,218.2899932861328,0.0,219.33999633789062,213.7100067138672,214.0399932861328,0.0,27694500
2021-01-08,209.4055938720703,219.6199951171875,0.0,220.5800018310547,217.02999877929688,218.67999267578125,0.0,22956200
2021-01-11,207.3746795654297,217.49000549316406,0.0,218.91000366210938,216.72999572753906,218.47000122070312,0.0,23031300
2021-01-12,204.9337158203125,214.92999267578125,0.0,217.10000610351562,213.32000732421875,216.5,0.0,23249300
2021-01-13,206.2781524658203,216.33999633789062,0.0,216.75999450683594,213.92999267578125,214.02000427246094,0.0,20087100
2021-01-14,203.11257934570312,213.02000427246094,0.0,217.4600067138672,212.74000549316406,215.91000366210938,0.0,29480800
2021-01-15,202.75979614257812,212.64999389648438,0.0,214.50999450683594,212.02999877929688,213.52000427246094,0.0,31746500
2021-01-19,206.37355041503906,216.44000244140625,0.0,216.97999572753906,212.6300048828125,213.75,0.0,30480900
2021-01-20,213.9061279296875,224.33999633789062,0.0,225.7899932861328,217.2899932861328,217.6999969482422,0.0,37777300
2021-01-21,214.50682067871094,224.97000122070312,0.0,226.3000030517578,222.4199981689453,224.6999969482422,0.0,30709400
2021-01-22,215.44119262695312,225.9499969482422,0.0,230.07000732421875,225.8000030517578,227.0800018310547,0.0,30172700
2021-01-25,218.8546905517578,229.52999877929688,0.0,229.77999877929688,224.22000122070312,229.1199951171875,0.0,33152100
2021-01-26,221.52444458007812,232.3300018310547,0.0,234.17999267578125,230.0800018310547,231.86000061035156,0.0,49169600
2021-01-27,222.0679931640625,232.89999389648438,0.0,240.44000244140625,230.13999938964844,238.0,0.0,69870600
2021-01-28,227.8175506591797,238.92999267578125,0.0,242.63999938964844,235.08999633789062,235.61000061035156,0.0,49111200
2021-01-29,221.17172241210938,231.9600067138672,0.0,238.02000427246094,231.35000610351562,235.99000549316406,0.0,42503100
2021-02-01,228.5040740966797,239.64999389648438,0.0,242.5,232.42999267578125,235.05999755859375,0.0,33314200
2021-02-02,228.3705596923828,239.50999450683594,0.0,242.30999755859375,238.69000244140625,241.3000030517578,0.0,25916300
2021-02-03,231.6982421875,243.0,0.0,245.08999633789062,239.25999450683594,239.57000732421875,0.0,27158100
2021-02-04,230.75425720214844,242.00999450683594,0.0,243.24000549316406,240.3699951171875,242.66000366210938,0.0,25296100
2021-02-05,230.93544006347656,242.1999969482422,0.0,243.27999877929688,240.4199981689453,242.22999572753906,0.0,18054800
2021-02-08,231.19287109375,242.47000122070312,0.0,243.67999267578125,240.80999755859375,243.14999389648438,0.0,22211900
2021-02-09,232.4324493408203,243.77000427246094,0.0,244.75999450683594,241.3800048828125,241.8699951171875,0.0,23565000
2021-02-10,231.52658081054688,242.82000732421875,0.0,245.9199981689453,240.88999938964844,245.0,0.0,22186700
2021-02-11,233.11892700195312,244.49000549316406,0.0,245.14999389648438,242.14999389648438,244.77999877929688,0.0,15751100
2021-02-12,233.59571838378906,244.99000549316406,0.0,245.3000030517578,242.72999572753906,243.92999267578125,0.0,16561100
2021-02-16,232.36566162109375,243.6999969482422,0.0,246.1300048828125,242.9199981689453,245.02999877929688,0.0,26728500
2021-02-17,233.3787078857422,244.1999969482422,0.56,244.30999755859375,240.94000244140625,241.32000732421875,0.0,21653500
2021-02-18,232.98687744140625,243.7899932861328,0.0,243.92999267578125,240.86000061035156,241.8000030517578,0.0,16925600
2021-02-19,230.29183959960938,240.97000122070312,0.0,243.86000061035156,240.17999267578125,243.75,0.0,25262600
2021-02-22,224.1180877685547,234.50999450683594,0.0,237.92999267578125,232.39999389648438,237.4199981689453,0.0,36446900
2021-02-23,222.9330596923828,233.27000427246094,0.0,234.8300018310547,228.72999572753906,230.3300018310547,0.0,30228700
2021-02-24,224.15634155273438,234.5500030517578,0.0,235.1999969482422,229.0,230.00999450683594,0.0,26339700
2021-02-25,218.84271240234375,228.99000549316406,0.0,234.58999633789062,227.8800048828125,232.0800018310547,0.0,39542200
2021-02-26,222.08245849609375,232.3800048828125,0.0,235.3699951171875,229.5399932861328,231.52999877929688,0.0,37819200
2021-03-01,226.4403839111328,236.94000244140625,0.0,237.47000122070312,233.14999389648438,235.89999389648438,0.0,25324000
2021-03-02,223.50645446777344,233.8699951171875,0.0,237.3000030517578,233.4499969482422,237.00999450683594,0.0,22812500
2021-03-03,217.47607421875,227.55999755859375,0.0,233.5800018310547,227.25999450683594,232.16000366210938,0.0,34029500
2021-03-04,216.68283081054688,226.72999572753906,0.0,232.49000549316406,224.25999450683594,226.74000549316406,0.0,44727800
2021-03-05,221.3370361328125,231.60000610351562,0.0,233.27000427246094,226.4600067138672,229.52000427246094,0.0,41872800
2021-03-08,217.31362915039062,227.38999938964844,0.0,233.3699951171875,227.1300048828125,231.3699951171875,0.0,35267400
2021-03-09,223.42042541503906,233.77999877929688,0.0,235.3800048828125,231.6699981689453,232.8800048828125,0.0,33080500
2021-03-10,222.12071228027344,232.4199981689453,0.0,237.0,232.0399932861328,237.0,0.0,29746800
2021-03-11,226.6219482421875,237.1300048828125,0.0,239.1699981689453,234.30999755859375,234.9600067138672,0.0,29907600
2021-03-12,225.30313110351562,235.75,0.0,235.82000732421875,233.22999572753906,234.00999450683594,0.0,22653700
2021-03-15,224.40478515625,234.80999755859375,0.0,235.19000244140625,231.80999755859375,234.9600067138672,0.0,26034900
2021-03-16,227.17630004882812,237.7100067138672,0.0,240.05999755859375,235.94000244140625,236.27999877929688,0.0,28092200
2021-03-17,226.53594970703125,237.0399932861328,0.0,238.5500030517578,233.22999572753906,236.14999389648438,0.0,29562100
2021-03-18,220.4960174560547,230.72000122070312,0.0,234.19000244140625,230.3300018310547,232.55999755859375,0.0,34833000
2021-03-19,220.1424560546875,230.35000610351562,0.0,232.47000122070312,229.35000610351562,231.02000427246094,0.0,46430700
2021-03-22,225.53253173828125,235.99000549316406,0.0,236.89999389648438,230.13999938964844,230.27000427246094,0.0,30127000
2021-03-23,227.0520477294922,237.5800018310547,0.0,241.0500030517578,237.07000732421875,237.49000549316406,0.0,31638400
2021-03-24,225.02598571777344,235.4600067138672,0.0,238.0,235.32000732421875,237.85000610351562,0.0,25620100
2021-03-25,222.0442352294922,232.33999633789062,0.0,236.94000244140625,231.57000732421875,235.3000030517578,0.0,34061900
2021-03-26,226.0008087158203,236.47999572753906,0.0,236.7100067138672,231.5500030517578,231.5500030517578,0.0,25479900
2021-03-29,224.81573486328125,235.24000549316406,0.0,236.8000030517578,231.8800048828125,236.58999633789062,0.0,25227500
2021-03-30,221.57595825195312,231.85000610351562,0.0,233.85000610351562,231.10000610351562,233.52999877929688,0.0,24792000
2021-03-31,225.3222198486328,235.77000427246094,0.0,239.10000610351562,232.38999938964844,232.91000366210938,0.0,43623500
2021-04-01,231.6106719970703,242.35000610351562,0.0,242.83999633789062,238.0500030517578,238.47000122070312,0.0,30338000
2021-04-05,238.0329132080078,249.07000732421875,0.0,249.9600067138672,242.6999969482422,242.75999450683594,0.0,36910600
2021-04-06,236.87646484375,247.86000061035156,0.0,249.39999389648438,246.8800048828125,247.61000061035156,0.0,22931900
2021-04-07,238.8260955810547,249.89999389648438,0.0,250.92999267578125,247.19000244140625,247.80999755859375,0.0,22719800
2021-04-08,242.02761840820312,253.25,0.0,254.13999938964844,252.0,252.77000427246094,0.0,23625200
2021-04-09,244.51246643066406,255.85000610351562,0.0,255.99000549316406,252.44000244140625,252.8699951171875,0.0,24326800
2021-04-12,244.56979370117188,255.91000366210938,0.0,257.6700134277344,254.6199951171875,254.7100067138672,0.0,27148700
2021-04-13,247.03546142578125,258.489990234375,0.0,259.19000244140625,256.8299865722656,257.260009765625,0.0,23837500
2021-04-14,244.2639923095703,255.58999633789062,0.0,258.8299865722656,255.16000366210938,257.4800109863281,0.0,23070900
2021-04-15,248.000732421875,259.5,0.0,259.92999267578125,257.7300109863281,257.92999267578125,0.0,25627500
2021-04-16,249.18569946289062,260.739990234375,0.0,261.0,257.6000061035156,259.4700012207031,0.0,24878600
2021-04-19,247.2744140625,258.739990234375,0.0,261.4800109863281,257.82000732421875,260.19000244140625,0.0,23209300
2021-04-20,246.81570434570312,258.260009765625,0.0,260.20001220703125,256.8399963378906,257.82000732421875,0.0,19722900
2021-04-21,249.03282165527344,260.5799865722656,0.0,260.67999267578125,257.25,258.94000244140625,0.0,24030400
2021-04-22,245.7739715576172,257.1700134277344,0.0,261.7799987792969,255.63999938964844,260.2099914550781,0.0,25606200
2021-04-23,249.57760620117188,261.1499938964844,0.0,261.510009765625,257.2699890136719,257.8800048828125,0.0,21462600
2021-04-26,249.95985412597656,261.54998779296875,0.0,262.44000244140625,260.1700134277344,261.6600036621094,0.0,19763300
2021-04-27,250.3612518310547,261.9700012207031,0.0,263.19000244140625,260.1199951171875,261.5799865722656,0.0,31014200
2021-04-28,243.27957153320312,254.55999755859375,0.0,256.5400085449219,252.9499969482422,256.0799865722656,0.0,46903100
2021-04-29,241.32044982910156,252.50999450683594,0.0,256.1000061035156,249.0,255.4600067138672,0.0,40589000
2021-04-30,241.00506591796875,252.17999267578125,0.0,253.0800018310547,249.60000610351562,249.74000549316406,0.0,30945100
2021-05-03,240.69921875,251.86000061035156,0.0,254.35000610351562,251.1199951171875,253.39999389648438,0.0,19626600
2021-05-04,236.8096160888672,247.7899932861328,0.0,251.2100067138672,245.75999450683594,250.97000122070312,0.0,32756100
2021-05-05,235.548095703125,246.47000122070312,0.0,249.5,245.82000732421875,249.05999755859375,0.0,21901300
2021-05-06,238.6636199951172,249.72999572753906,0.0,249.86000061035156,244.69000244140625,246.4499969482422,0.0,26491100
2021-05-07,241.27267456054688,252.4600067138672,0.0,254.3000030517578,251.1699981689453,252.14999389648438,0.0,27032900
2021-05-10,236.22666931152344,247.17999267578125,0.0,251.72999572753906,247.1199951171875,250.8699951171875,0.0,29299900
2021-05-11,235.3187255859375,246.22999572753906,0.0,246.60000610351562,242.57000732421875,244.5500030517578,0.0,33641600
2021-05-12,228.40916442871094,239.0,0.0,244.3800048828125,238.07000732421875,242.1699981689453,0.0,36684400
2021-05-13,232.26052856445312,243.02999877929688,0.0,245.60000610351562,241.4199981689453,241.8000030517578,0.0,29624300
2021-05-14,237.15365600585938,248.14999389648438,0.0,249.17999267578125,245.49000549316406,245.5800018310547,0.0,23901100
2021-05-17,234.31524658203125,245.17999267578125,0.0,246.58999633789062,243.52000427246094,246.5500030517578,0.0,24970200
2021-05-18,232.3083038330078,243.0800018310547,0.0,246.41000366210938,242.89999389648438,246.27000427246094,0.0,20168000
2021-05-19,232.88308715820312,243.1199951171875,0.56,243.22999572753906,238.60000610351562,239.30999755859375,0.0,25739800
2021-05-20,236.10154724121094,246.47999572753906,0.0,247.9499969482422,243.86000061035156,243.9600067138672,0.0,21800700
2021-05-21,234.8467559814453,245.1699981689453,0.0,248.3300018310547,244.74000549316406,247.57000732421875,0.0,21863100
2021-05-24,240.2205047607422,250.77999877929688,0.0,251.16000366210938,247.50999450683594,247.7899932861328,0.0,21411500
2021-05-25,241.12094116210938,251.72000122070312,0.0,252.75,250.82000732421875,251.77000427246094,0.0,17704300
2021-05-26,240.90065002441406,251.49000549316406,0.0,252.94000244140625,250.75,251.42999267578125,0.0,17771600
2021-05-27,238.81240844726562,249.30999755859375,0.0,251.47999572753906,249.25,251.1699981689453,0.0,24426200
2021-05-28,239.16683959960938,249.67999267578125,0.0,252.0800018310547,249.55999755859375,251.0,0.0,18270200
2021-06-01,236.9828338623047,247.39999389648438,0.0,251.2899932861328,246.9600067138672,251.22999572753906,0.0,23213300
2021-06-02,236.8870849609375,247.3000030517578,0.0,249.27000427246094,245.83999633789062,248.1300048828125,0.0,19406700
2021-06-03,235.36404418945312,245.7100067138672,0.0,246.33999633789062,243.0,245.22000122070312,0.0,25307700
2021-06-04,240.23011779785156,250.7899932861328,0.0,251.64999389648438,247.50999450683594,247.75999450683594,0.0,25281100
2021-06-07,243.12294006347656,253.80999755859375,0.0,254.08999633789062,249.80999755859375,249.97999572753906,0.0,23079200
2021-06-08,241.93515014648438,252.57000732421875,0.0,256.010009765625,252.50999450683594,255.16000366210938,0.0,22455000
2021-06-09,242.91220092773438,253.58999633789062,0.0,255.52999877929688,253.2100067138672,253.80999755859375,0.0,17937600
2021-06-10,246.40853881835938,257.239990234375,0.0,257.4599914550781,253.6699981689453,254.2899932861328,0.0,24563600
2021-06-11,247.03118896484375,257.8900146484375,0.0,258.489990234375,256.6099853515625,257.989990234375,0.0,18999700
2021-06-14,248.94699096679688,259.8900146484375,0.0,259.95001220703125,256.79998779296875,257.8999938964844,0.0,19150500
2021-06-15,247.4813690185547,258.3599853515625,0.0,259.989990234375,257.67999267578125,259.7699890136719,0.0,18038900
2021-06-16,246.54258728027344,257.3800048828125,0.0,260.5799865722656,254.4199981689453,259.3999938964844,0.0,27220000
2021-06-17,249.91439819335938,260.8999938964844,0.0,261.75,256.010009765625,256.07000732421875,0.0,27565500
2021-06-18,248.50625610351562,259.42999267578125,0.0,262.29998779296875,258.75,259.6300048828125,0.0,37202200
2021-06-21,251.57151794433594,262.6300048828125,0.0,263.5199890136719,257.9200134277344,259.82000732421875,0.0,26696100
2021-06-22,254.330322265625,265.510009765625,0.0,265.7900085449219,262.3999938964844,262.7200012207031,0.0,24694100
2021-06-23,254.10040283203125,265.2699890136719,0.0,266.8299865722656,264.42999267578125,265.989990234375,0.0,19518700
2021-06-24,255.46055603027344,266.69000244140625,0.0,267.8500061035156,265.4700012207031,266.1600036621094,0.0,21446900
2021-06-25,253.86094665527344,265.0199890136719,0.0,267.25,264.760009765625,266.2300109863281,0.0,25611100
2021-06-28,257.40509033203125,268.7200012207031,0.0,268.8999938964844,265.9100036621094,266.19000244140625,0.0,19590000
2021-06-29,259.9722595214844,271.3999938964844,0.0,271.6499938964844,267.9800109863281,268.8699951171875,0.0,19937800
2021-06-30,259.4932556152344,270.8999938964844,0.0,271.3599853515625,269.6000061035156,270.69000244140625,0.0,21656500
2021-07-01,260.1639099121094,271.6000061035156,0.0,271.8399963378906,269.6000061035156,269.6099853515625,0.0,16725300
2021-07-02,265.9591064453125,277.6499938964844,0.0,278.0,272.5,272.82000732421875,0.0,26458000
2021-07-06,265.9687194824219,277.6600036621094,0.0,279.3699951171875,274.29998779296875,278.0299987792969,0.0,31565600
2021-07-07,268.14312744140625,279.92999267578125,0.0,280.69000244140625,277.1499938964844,279.3999938964844,0.0,23260000
2021-07-08,265.73876953125,277.4200134277344,0.0,278.7300109863281,274.8699951171875,276.8999938964844,0.0,24618600
2021-07-09,266.23687744140625,277.94000244140625,0.0,278.04998779296875,275.32000732421875,275.7200012207031,0.0,23916700
2021-07-12,265.6430358886719,277.32000732421875,0.0,279.7699890136719,276.5799865722656,279.1600036621094,0.0,18931700
2021-07-13,269.14892578125,280.9800109863281,0.0,282.8500061035156,277.3900146484375,277.5199890136719,0.0,26120100
2021-07-14,270.614501953125,282.510009765625,0.0,283.6600036621094,280.54998779296875,282.3500061035156,0.0,23113700
2021-07-15,269.1968688964844,281.0299987792969,0.0,282.510009765625,279.8299865722656,282.0,0.0,22604200
2021-07-16,268.9285888671875,280.75,0.0,284.1000061035156,279.4599914550781,282.07000732421875,0.0,26186800
2021-07-19,265.34613037109375,277.010009765625,0.0,280.3699951171875,274.45001220703125,278.92999267578125,0.0,32935600
2021-07-20,267.55889892578125,279.32000732421875,0.0,280.9700012207031,276.260009765625,278.0299987792969,0.0,26259700
2021-07-21,269.55120849609375,281.3999938964844,0.0,281.5199890136719,277.2900085449219,278.8999938964844,0.0,24364300
2021-07-22,274.0916442871094,286.1400146484375,0.0,286.4200134277344,283.4200134277344,283.8399963378906,0.0,23384100
2021-07-23,277.47308349609375,289.6700134277344,0.0,289.989990234375,286.5,287.3699951171875,0.0,22768100
2021-07-26,276.8790588378906,289.04998779296875,0.0,289.69000244140625,286.6400146484375,289.0,0.0,23176100
2021-07-27,274.4747619628906,286.5400085449219,0.0,289.5799865722656,282.95001220703125,289.42999267578125,0.0,33604100
2021-07-28,274.1682434082031,286.2200012207031,0.0,290.1499938964844,283.8299865722656,288.989990234375,0.0,33566900
2021-07-29,274.4364929199219,286.5,0.0,288.6199951171875,286.0799865722656,286.239990234375,0.0,18168300
2021-07-30,272.9134826660156,284.9100036621094,0.0,286.6600036621094,283.9100036621094,285.1700134277344,0.0,20944800
2021-08-02,272.8272399902344,284.82000732421875,0.0,286.7699890136719,283.739990234375,286.3599853515625,0.0,16267400
2021-08-03,275.0303039550781,287.1199951171875,0.0,287.2300109863281,284.0,285.4200134277344,0.0,17879000
2021-08-04,274.446044921875,286.510009765625,0.0,287.5899963378906,284.6499938964844,286.2200012207031,0.0,16191300
2021-08-05,277.32928466796875,289.5199890136719,0.0,289.6300048828125,286.1000061035156,286.8800048828125,0.0,13900200
2021-08-06,277.2718505859375,289.4599914550781,0.0,289.5,287.6199951171875,288.510009765625,0.0,16589300
2021-08-09,276.18939208984375,288.3299865722656,0.0,291.54998779296875,287.80999755859375,289.75,0.0,16117600
2021-08-10,274.3790283203125,286.44000244140625,0.0,289.25,285.20001220703125,288.79998779296875,0.0,18616600
2021-08-11,274.86749267578125,286.95001220703125,0.0,288.6600036621094,285.8599853515625,287.2099914550781,0.0,13955900
2021-08-12,277.60711669921875,289.80999755859375,0.0,289.9700012207031,286.3399963378906,286.6300048828125,0.0,14561300
2021-08-13,280.5191345214844,292.8500061035156,0.0,292.8999938964844,289.29998779296875,289.4800109863281,0.0,18249000
2021-08-16,282.1954040527344,294.6000061035156,0.0,294.82000732421875,290.0199890136719,293.19000244140625,0.0,22507600
2021-08-17,280.7394104003906,293.0799865722656,0.0,293.42999267578125,291.0799865722656,292.3900146484375,0.0,20075300
2021-08-18,279.0216064453125,290.7300109863281,0.56,294.82000732421875,290.2699890136719,292.0400085449219,0.0,21813000
2021-08-19,284.8182067871094,296.7699890136719,0.0,297.4700012207031,288.6400146484375,288.69000244140625,0.0,29850500
2021-08-20,292.1025695800781,304.3599853515625,0.0,305.8399963378906,298.05999755859375,299.7200012207031,0.0,40817600
2021-08-23,292.380859375,304.6499938964844,0.0,305.3999938964844,301.8500061035156,303.25,0.0,22830200
2021-08-24,290.4326477050781,302.6199951171875,0.0,305.6499938964844,302.0,305.0199890136719,0.0,18175800
2021-08-25,289.8472900390625,302.010009765625,0.0,304.5899963378906,300.4200134277344,304.29998779296875,0.0,20006100
2021-08-26,287.0447998046875,299.0899963378906,0.0,302.42999267578125,298.95001220703125,300.989990234375,0.0,17666100
2021-08-27,287.64947509765625,299.7200012207031,0.0,300.8699951171875,296.8299865722656,298.989990234375,0.0,22605700
2021-08-30,291.3636169433594,303.5899963378906,0.0,304.2200012207031,301.05999755859375,301.1199951171875,0.0,16348100
2021-08-31,289.7225036621094,301.8800048828125,0.0,304.5,301.5,304.4200134277344,0.0,26285300
2021-09-01,289.67449951171875,301.8299865722656,0.0,305.19000244140625,301.489990234375,302.8699951171875,0.0,18983800
2021-09-02,289.0218505859375,301.1499938964844,0.0,303.3599853515625,300.17999267578125,302.20001220703125,0.0,16285600
2021-09-03,289.01226806640625,301.1400146484375,0.0,302.6000061035156,300.260009765625,300.989990234375,0.0,14747900
2021-09-07,288.09088134765625,300.17999267578125,0.0,301.0899963378906,298.20001220703125,301.010009765625,0.0,17180400
2021-09-08,288.1196594238281,300.2099914550781,0.0,300.6099853515625,297.4700012207031,299.7799987792969,0.0,15046800
2021-09-09,285.2789001464844,297.25,0.0,302.1400146484375,297.0,300.82000732421875,0.0,19927000
2021-09-10,283.8008728027344,295.7099914550781,0.0,299.9200134277344,295.3800048828125,298.4200134277344,0.0,19633400
2021-09-13,285.0294189453125,296.989990234375,0.0,298.5400085449219,294.0799865722656,297.54998779296875,0.0,23652900
2021-09-14,287.7166442871094,299.7900085449219,0.0,301.3900146484375,298.1000061035156,299.55999755859375,0.0,21853400
2021-09-15,292.5440979003906,304.82000732421875,0.0,305.32000732421875,301.82000732421875,303.260009765625,0.0,28356300
2021-09-16,292.927978515625,305.2200012207031,0.0,305.30999755859375,300.760009765625,303.760009765625,0.0,19550800
2021-09-17,287.79339599609375,299.8699951171875,0.0,304.5,299.5299987792969,304.1700134277344,0.0,41372500
2021-09-20,282.44769287109375,294.29998779296875,0.0,298.7200012207031,289.5199890136719,296.3299865722656,0.0,38278700
2021-09-21,282.92755126953125,294.79998779296875,0.0,297.5400085449219,294.07000732421875,295.69000244140625,0.0,22364100
2021-09-22,286.55535888671875,298.5799865722656,0.0,300.2200012207031,294.510009765625,296.7300109863281,0.0,26626300
2021-09-23,287.4958801269531,299.55999755859375,0.0,300.8999938964844,297.5299987792969,298.8500061035156,0.0,18604600
2021-09-24,287.2943420410156,299.3500061035156,0.0,299.79998779296875,296.92999267578125,298.2300109863281,0.0,14999000
2021-09-27,282.322998046875,294.1700134277344,0.0,296.4700012207031,292.94000244140625,296.1400146484375,0.0,23571700
2021-09-28,272.10186767578125,283.5199890136719,0.0,290.7799987792969,282.75,289.79998779296875,0.0,43186200
2021-09-29,272.5625,284.0,0.0,286.7699890136719,283.010009765625,285.1000061035156,0.0,26353700
2021-09-30,270.5662841796875,281.9200134277344,0.0,287.8299865722656,281.6199951171875,285.7099914550781,0.0,32343600
2021-10-01,277.4571838378906,289.1000061035156,0.0,289.9800109863281,281.2900085449219,282.1199951171875,0.0,30086300
2021-10-04,271.7084655761719,283.1099853515625,0.0,287.75,280.25,287.3999938964844,0.0,31350700
2021-10-05,277.130859375,288.760009765625,0.0,290.3999938964844,284.04998779296875,284.04998779296875,0.0,24993000
2021-10-06,281.3056640625,293.1099853515625,0.0,293.6300048828125,285.510009765625,285.7799987792969,0.0,28002600
2021-10-07,282.97552490234375,294.8500061035156,0.0,296.6400146484375,293.9200134277344,295.17999267578125,0.0,20430500
2021-10-08,282.97552490234375,294.8500061035156,0.0,296.6400146484375,293.760009765625,296.2200012207031,0.0,17685700
2021-10-11,282.3805236816406,294.2300109863281,0.0,297.9700012207031,292.75,292.9200134277344,0.0,19298600
2021-10-12,281.08489990234375,292.8800048828125,0.0,295.44000244140625,292.3500061035156,295.3399963378906,0.0,17974100
2021-10-13,284.37677001953125,296.30999755859375,0.0,297.2799987792969,293.489990234375,294.9100036621094,0.0,23416300
2021-10-14,290.557373046875,302.75,0.0,303.2699890136719,297.8299865722656,299.2099914550781,0.0,27262900
2021-10-15,291.9586486816406,304.2099914550781,0.0,304.45001220703125,300.5199890136719,302.3399963378906,0.0,25384800
2021-10-18,294.91455078125,307.2900085449219,0.0,308.2099914550781,302.69000244140625,303.57000732421875,0.0,22729300
2021-10-19,295.8167419433594,308.2300109863281,0.0,309.29998779296875,307.2200012207031,308.3500061035156,0.0,17682100
2021-10-20,295.0298156738281,307.4100036621094,0.0,309.70001220703125,306.1099853515625,309.2099914550781,0.0,16537100
2021-10-21,298.24481201171875,310.760009765625,0.0,311.0199890136719,306.3599853515625,307.1700134277344,0.0,16918100
2021-10-22,296.7092590332031,309.1600036621094,0.0,311.0899963378906,307.79998779296875,310.3999938964844,0.0,17449300
2021-10-25,295.7207946777344,308.1300048828125,0.0,309.3999938964844,306.4599914550781,309.3599853515625,0.0,17554500
2021-10-26,297.62103271484375,310.1099853515625,0.0,312.3999938964844,308.6000061035156,311.0,0.0,28107300
2021-10-27,310.155029296875,323.1700134277344,0.0,326.1000061035156,316.0,316.0,0.0,52588700
2021-10-28,311.2875671386719,324.3500061035156,0.0,324.8699951171875,321.3599853515625,324.3299865722656,0.0,26297900
2021-10-29,318.2647399902344,331.6199951171875,0.0,332.0,323.8999938964844,324.1300048828125,0.0,34766000
2021-11-01,316.1053161621094,329.3699951171875,0.0,331.489990234375,326.3699951171875,331.3599853515625,0.0,27073200
2021-11-02,319.71392822265625,333.1300048828125,0.0,333.45001220703125,330.0,330.30999755859375,0.0,26487100
2021-11-03,320.54888916015625,334.0,0.0,334.8999938964844,330.6499938964844,333.8999938964844,0.0,21500100
2021-11-04,322.890625,336.44000244140625,0.0,336.5400085449219,329.510009765625,332.8900146484375,0.0,23992200
2021-11-05,322.52593994140625,336.05999755859375,0.0,338.7900085449219,334.4200134277344,338.510009765625,0.0,22570100
2021-11-08,323.41851806640625,336.989990234375,0.0,337.6499938964844,334.44000244140625,337.29998779296875,0.0,20897000
2021-11-09,322.4204406738281,335.95001220703125,0.0,338.7200012207031,334.5299987792969,337.1099853515625,0.0,21307400
2021-11-10,317.47772216796875,330.79998779296875,0.0,334.6300048828125,329.9200134277344,334.57000732421875,0.0,25500900
2021-11-11,319.0421142578125,332.42999267578125,0.0,333.7699890136719,330.510009765625,331.25,0.0,16849800
2021-11-12,323.1593322753906,336.7200012207031,0.0,337.2300109863281,333.7900085449219,333.9200134277344,0.0,23831000
2021-11-15,322.53564453125,336.07000732421875,0.0,337.8800048828125,334.0299987792969,337.5400085449219,0.0,16723000
2021-11-16,325.8370056152344,339.510009765625,0.0,340.6700134277344,335.510009765625,335.67999267578125,0.0,20886800
2021-11-17,326.0581359863281,339.1199951171875,0.62,342.19000244140625,338.0,338.94000244140625,0.0,19053400
2021-11-18,328.1252746582031,341.2699890136719,0.0,342.45001220703125,337.1199951171875,338.17999267578125,0.0,22463500
2021-11-19,329.8945007324219,343.1099853515625,0.0,345.1000061035156,342.20001220703125,342.6400146484375,0.0,21963400
2021-11-22,326.7408447265625,339.8299865722656,0.0,349.6700134277344,339.54998779296875,344.6199951171875,0.0,31031100
2021-11-23,324.6736145019531,337.67999267578125,0.0,339.45001220703125,333.55999755859375,337.04998779296875,0.0,30427600
2021-11-24,324.8946838378906,337.9100036621094,0.0,338.1600036621094,333.9100036621094,336.2799987792969,0.0,21661300
2021-11-26,316.9817199707031,329.67999267578125,0.0,337.92999267578125,328.1199951171875,334.3500061035156,0.0,24217200
2021-11-29,323.6640930175781,336.6300048828125,0.0,339.0299987792969,334.739990234375,334.94000244140625,0.0,28563500
2021-11-30,317.85662841796875,330.5899963378906,0.0,337.7799987792969,328.989990234375,335.32000732421875,0.0,42885600
2021-12-01,317.3663024902344,330.0799865722656,0.0,339.2799987792969,329.3900146484375,335.1300048828125,0.0,33337600
2021-12-02,316.7990417480469,329.489990234375,0.0,333.489990234375,327.79998779296875,330.29998779296875,0.0,30766000
2021-12-03,310.568603515625,323.010009765625,0.0,332.70001220703125,318.0299987792969,331.989990234375,0.0,41779300
2021-12-06,313.6261901855469,326.19000244140625,0.0,327.45001220703125,319.2300109863281,323.95001220703125,0.0,30032600
2021-12-07,322.0199279785156,334.9200134277344,0.0,335.79998779296875,330.1000061035156,331.6400146484375,0.0,31021900
2021-12-08,322.0680236816406,334.9700012207031,0.0,335.5,330.79998779296875,335.30999755859375,0.0,24761000
2021-12-09,320.2700500488281,333.1000061035156,0.0,336.489990234375,332.1199951171875,334.4100036621094,0.0,22214200
2021-12-10,329.346435546875,342.5400085449219,0.0,343.0,334.7900085449219,334.9800109863281,0.0,38095700
2021-12-13,326.3274230957031,339.3999938964844,0.0,343.7900085449219,339.0799865722656,340.67999267578125,0.0,28899400
2021-12-14,315.693359375,328.3399963378906,0.0,334.6400146484375,324.1099853515625,333.2200012207031,0.0,44438700
2021-12-15,321.7603454589844,334.6499938964844,0.0,335.19000244140625,324.5,328.6099853515625,0.0,35381100
2021-12-16,312.38592529296875,324.8999938964844,0.0,336.760009765625,323.0199890136719,335.7099914550781,0.0,35034800
2021-12-17,311.3282470703125,323.79998779296875,0.0,324.9200134277344,317.25,320.8800048828125,0.0,47750300
2021-12-20,307.5879821777344,319.9100036621094,0.0,322.79998779296875,317.57000732421875,320.04998779296875,0.0,28326500
2021-12-21,314.6838073730469,327.2900085449219,0.0,327.7300109863281,319.79998779296875,323.2900085449219,0.0,24740600
2021-12-22,320.3661804199219,333.20001220703125,0.0,333.6099853515625,325.75,328.29998779296875,0.0,24831500
2021-12-23,321.7987976074219,334.69000244140625,0.0,336.3900146484375,332.7300109863281,332.75,0.0,19617800
2021-12-27,329.2598876953125,342.45001220703125,0.0,342.4800109863281,335.42999267578125,335.4599914550781,0.0,19947000
2021-12-28,328.1061706542969,341.25,0.0,343.80999755859375,340.32000732421875,343.1499938964844,0.0,15661500
2021-12-29,328.7791442871094,341.95001220703125,0.0,344.29998779296875,339.67999267578125,341.29998779296875,0.0,15042000
2021-12-30,326.2504577636719,339.32000732421875,0.0,343.1300048828125,338.82000732421875,341.9100036621094,0.0,15994500
2021-12-31,323.365966796875,336.32000732421875,0.0,339.3599853515625,335.8500061035156,338.510009765625,0.0,18000800
2022-01-03,321.85650634765625,334.75,0.0,338.0,329.7799987792969,335.3500061035156,0.0,28865100
2022-01-04,316.337646484375,329.010009765625,0.0,335.20001220703125,326.1199951171875,334.8299865722656,0.0,32674300
2022-01-05,304.1940612792969,316.3800048828125,0.0,326.07000732421875,315.9800109863281,325.8599853515625,0.0,40054300
2022-01-06,301.790283203125,313.8800048828125,0.0,318.70001220703125,311.489990234375,313.1499938964844,0.0,39646100
2022-01-07,301.94415283203125,314.0400085449219,0.0,316.5,310.0899963378906,314.1499938964844,0.0,32720000
2022-01-10,302.1653137207031,314.2699890136719,0.0,314.7200012207031,304.69000244140625,309.489990234375,0.0,44289500
2022-01-11,302.8480224609375,314.9800109863281,0.0,316.6099853515625,309.8900146484375,313.3800048828125,0.0,29386800
2022-01-12,306.01123046875,318.2699890136719,0.0,323.4100036621094,317.0799865722656,319.6700134277344,0.0,34372200
2022-01-13,293.06005859375,304.79998779296875,0.0,320.8800048828125,304.0,320.4700012207031,0.0,45366000
2022-01-14,298.2520751953125,310.20001220703125,0.0,310.82000732421875,303.75,304.25,0.0,39846400
2022-01-18,290.992919921875,302.6499938964844,0.0,309.79998779296875,301.739990234375,304.07000732421875,0.0,42333200
2022-01-19,291.6466979980469,303.3299865722656,0.0,313.9100036621094,302.70001220703125,306.2900085449219,0.0,45933900
2022-01-20,289.9833679199219,301.6000061035156,0.0,311.6499938964844,301.1400146484375,309.07000732421875,0.0,35380700
2022-01-21,284.6278076171875,296.0299987792969,0.0,304.1099853515625,295.6099853515625,302.69000244140625,0.0,57984400
2022-01-24,284.954833984375,296.3699951171875,0.0,297.1099853515625,276.04998779296875,292.20001220703125,0.0,85731500
2022-01-25,277.3782958984375,288.489990234375,0.0,294.989990234375,285.1700134277344,291.5199890136719,0.0,72848600
2022-01-26,285.28167724609375,296.7099914550781,0.0,308.5,293.0299987792969,307.989990234375,0.0,90428900
2022-01-27,288.2911071777344,299.8399963378906,0.0,307.29998779296875,297.92999267578125,302.6600036621094,0.0,53481300
2022-01-28,296.3867492675781,308.260009765625,0.0,308.4800109863281,294.45001220703125,300.2300109863281,0.0,49743700
2022-01-31,299.00201416015625,310.9800109863281,0.0,312.3800048828125,306.3699951171875,308.95001220703125,0.0,46444500
2022-02-01,296.8675842285156,308.760009765625,0.0,310.6300048828125,305.1300048828125,310.4100036621094,0.0,40950400
2022-02-02,301.3865051269531,313.4599914550781,0.0,315.1199951171875,308.8800048828125,309.6300048828125,0.0,36636000
2022-02-03,289.64678955078125,301.25,0.0,311.2300109863281,299.9599914550781,309.489990234375,0.0,43730000
2022-02-04,294.15606689453125,305.94000244140625,0.0,308.79998779296875,299.9700012207031,300.2099914550781,0.0,35096500
2022-02-07,289.3583984375,300.95001220703125,0.0,307.8399963378906,299.8999938964844,306.1700134277344,0.0,28533300
2022-02-08,292.8292236328125,304.55999755859375,0.0,305.55999755859375,299.95001220703125,301.25,0.0,32421200
2022-02-09,299.22314453125,311.2099914550781,0.0,311.92999267578125,307.3900146484375,309.8699951171875,0.0,31284700
2022-02-10,290.73321533203125,302.3800048828125,0.0,309.1199951171875,300.70001220703125,304.0400085449219,0.0,45386200
2022-02-11,283.6759948730469,295.0400085449219,0.0,304.2900085449219,294.2200012207031,303.19000244140625,0.0,39175600
2022-02-14,283.637451171875,295.0,0.0,296.760009765625,291.3500061035156,293.7699890136719,0.0,36359500
2022-02-15,288.8968505859375,300.4700012207031,0.0,300.79998779296875,297.0199890136719,300.010009765625,0.0,27058300
2022-02-16,288.5596618652344,299.5,0.62,300.8699951171875,293.67999267578125,298.3699951171875,0.0,29982100
2022-02-17,280.1099548339844,290.7300109863281,0.0,296.79998779296875,290.0,296.3599853515625,0.0,32461600
2022-02-18,277.4122314453125,287.92999267578125,0.0,293.8599853515625,286.30999755859375,293.04998779296875,0.0,34264000
2022-02-22,277.2099304199219,287.7200012207031,0.0,291.5400085449219,284.5,285.0,0.0,41736100
2022-02-23,270.031982421875,280.2699890136719,0.0,291.70001220703125,280.1000061035156,290.17999267578125,0.0,37811200
2022-02-24,283.82891845703125,294.5899963378906,0.0,295.1600036621094,271.5199890136719,272.510009765625,0.0,56989700
2022-02-25,286.44964599609375,297.30999755859375,0.0,297.6300048828125,291.6499938964844,295.1400146484375,0.0,32546700
2022-02-28,287.87554931640625,298.7900085449219,0.0,299.1400146484375,293.0,294.30999755859375,0.0,34627500
2022-03-01,284.17584228515625,294.95001220703125,0.0,299.9700012207031,292.1499938964844,296.3999938964844,0.0,31217800
2022-03-02,289.2244567871094,300.19000244140625,0.0,301.4700012207031,293.70001220703125,295.3599853515625,0.0,31873000
2022-03-03,285.1103515625,295.9200134277344,0.0,303.1300048828125,294.04998779296875,302.8900146484375,0.0,27314500
2022-03-04,279.27178955078125,289.8599853515625,0.0,295.6600036621094,287.1700134277344,294.2900085449219,0.0,32356500
2022-03-07,268.72174072265625,278.9100036621094,0.0,289.69000244140625,278.5299987792969,288.5299987792969,0.0,43157200
2022-03-08,265.7735595703125,275.8500061035156,0.0,283.9599914550781,270.0,277.79998779296875,0.0,48159500
2022-03-09,277.9613952636719,288.5,0.0,289.6000061035156,280.7799987792969,283.44000244140625,0.0,35204500
2022-03-10,275.1576843261719,285.5899963378906,0.0,286.6000061035156,280.5799865722656,283.0199890136719,0.0,30628000
2022-03-11,269.83935546875,280.07000732421875,0.0,289.510009765625,279.42999267578125,287.9599914550781,0.0,27209300
2022-03-14,266.3420104980469,276.44000244140625,0.0,285.3999938964844,275.82000732421875,280.3399963378906,0.0,30660700
2022-03-15,276.6607666015625,287.1499938964844,0.0,287.82000732421875,278.7300109863281,280.3500061035156,0.0,34245100
2022-03-16,283.63623046875,294.3900146484375,0.0,294.57000732421875,283.20001220703125,289.1099853515625,0.0,37826300
2022-03-17,284.4359436035156,295.2200012207031,0.0,295.6099853515625,289.3699951171875,293.2900085449219,0.0,30816600
2022-03-18,289.45562744140625,300.42999267578125,0.0,301.0,292.7300109863281,295.3699951171875,0.0,43390600
2022-03-21,288.2320556640625,299.1600036621094,0.0,300.1400146484375,294.8999938964844,298.8900146484375,0.0,28351200
2022-03-22,292.95306396484375,304.05999755859375,0.0,305.0,298.7699890136719,299.79998779296875,0.0,27599700
2022-03-23,288.5499267578125,299.489990234375,0.0,303.2300109863281,297.7200012207031,300.510009765625,0.0,25715400
2022-03-24,292.9916076660156,304.1000061035156,0.0,304.20001220703125,298.32000732421875,299.1400146484375,0.0,24484500
2022-03-25,292.58697509765625,303.67999267578125,0.0,305.5,299.2900085449219,305.2300109863281,0.0,22566500
2022-03-28,299.3504638671875,310.70001220703125,0.0,310.79998779296875,304.3299865722656,304.3299865722656,0.0,29578200
2022-03-29,303.8884582519531,315.4100036621094,0.0,315.82000732421875,309.04998779296875,313.9100036621094,0.0,30393400
2022-03-30,302.39501953125,313.8599853515625,0.0,315.95001220703125,311.5799865722656,313.760009765625,0.0,28163600
2022-03-31,297.0477600097656,308.30999755859375,0.0,315.1400146484375,307.8900146484375,313.8999938964844,0.0,33422100
2022-04-01,298.11724853515625,309.4200134277344,0.0,310.1300048828125,305.5400085449219,309.3699951171875,0.0,27110500
2022-04-04,303.4644775390625,314.9700012207031,0.0,315.1099853515625,309.7099914550781,310.0899963378906,0.0,24289600
2022-04-05,299.5239562988281,310.8800048828125,0.0,314.8699951171875,309.8699951171875,313.2699890136719,0.0,23156700
2022-04-06,288.5596618652344,299.5,0.0,307.0,296.7099914550781,305.19000244140625,0.0,40110400
2022-04-07,290.3612060546875,301.3699951171875,0.0,303.6499938964844,296.3500061035156,296.6600036621094,0.0,31411200
2022-04-08,286.1220397949219,296.9700012207031,0.0,301.1199951171875,296.2799987792969,300.44000244140625,0.0,24361900
2022-04-11,274.83984375,285.260009765625,0.0,292.6099853515625,285.0,291.7900085449219,0.0,34569300
2022-04-12,271.7567138671875,282.05999755859375,0.0,290.739990234375,280.489990234375,289.239990234375,0.0,30966700
2022-04-13,277.1135559082031,287.6199951171875,0.0,288.5799865722656,281.29998779296875,282.7300109863281,0.0,21907200
2022-04-14,269.6080322265625,279.8299865722656,0.0,288.30999755859375,279.32000732421875,288.0899963378906,0.0,28221600
2022-04-18,270.2728576660156,280.5199890136719,0.0,282.4599914550781,278.3399963378906,278.9100036621094,0.0,20778000
2022-04-19,274.8782958984375,285.29998779296875,0.0,286.1700134277344,278.4100036621094,279.3800048828125,0.0,22297700
2022-04-20,275.899658203125,286.3599853515625,0.0,289.70001220703125,285.3699951171875,289.3999938964844,0.0,22906700
2022-04-21,270.5523376464844,280.80999755859375,0.0,293.29998779296875,280.05999755859375,288.5799865722656,0.0,29454600
2022-04-22,264.02001953125,274.0299987792969,0.0,283.20001220703125,273.3800048828125,281.67999267578125,0.0,29405800
2022-04-25,270.465576171875,280.7200012207031,0.0,281.1099853515625,270.7699890136719,273.2900085449219,0.0,35678900
2022-04-26,260.34918212890625,270.2200012207031,0.0,278.3599853515625,270.0,277.5,0.0,46518400
2022-04-27,272.8743591308594,283.2200012207031,0.0,290.9700012207031,279.1600036621094,282.1000061035156,0.0,63477700
2022-04-28,279.0501708984375,289.6300048828125,0.0,290.9800109863281,281.4599914550781,285.19000244140625,0.0,33646600
2022-04-29,267.38250732421875,277.5199890136719,0.0,289.8800048828125,276.5,288.6099853515625,0.0,37073900
2022-05-02,274.07861328125,284.4700012207031,0.0,284.94000244140625,276.2200012207031,277.7099914550781,0.0,35151100
2022-05-03,271.4869689941406,281.7799987792969,0.0,284.1300048828125,280.1499938964844,283.9599914550781,0.0,25978600
2022-05-04,279.387451171875,289.9800109863281,0.0,290.8800048828125,276.7300109863281,282.5899963378906,0.0,33599300
2022-05-05,267.21875,277.3500061035156,0.0,286.3500061035156,274.3399963378906,285.5400085449219,0.0,43260400
2022-05-06,264.69439697265625,274.7300109863281,0.0,279.25,271.2699890136719,274.80999755859375,0.0,37780300
2022-05-09,254.91522216796875,264.5799865722656,0.0,272.3599853515625,263.32000732421875,270.05999755859375,0.0,47726000
2022-05-10,259.6555480957031,269.5,0.0,273.75,265.07000732421875,271.69000244140625,0.0,39336400
2022-05-11,251.03236389160156,260.54998779296875,0.0,271.3599853515625,259.29998779296875,265.67999267578125,0.0,48975900
2022-05-12,246.0224151611328,255.35000610351562,0.0,259.8800048828125,250.02000427246094,257.69000244140625,0.0,51033800
2022-05-13,251.5815887451172,261.1199951171875,0.0,263.0400085449219,255.35000610351562,257.3500061035156,0.0,34925100
2022-05-16,251.94772338867188,261.5,0.0,265.82000732421875,255.77999877929688,259.9599914550781,0.0,32550900
2022-05-17,257.0733947753906,266.82000732421875,0.0,268.3299865722656,262.4599914550781,266.1099853515625,0.0,28828800
2022-05-18,245.36892700195312,254.0800018310547,0.62,263.6000061035156,252.77000427246094,263.0,0.0,31356000
2022-05-19,244.46112060546875,253.13999938964844,0.0,257.6700134277344,251.8800048828125,253.89999389648438,0.0,32692300
2022-05-20,243.90101623535156,252.55999755859375,0.0,258.5400085449219,246.44000244140625,257.239990234375,0.0,39199300
2022-05-23,251.71368408203125,260.6499938964844,0.0,261.5,253.42999267578125,255.49000549316406,0.0,33175400
2022-05-24,250.718994140625,259.6199951171875,0.0,261.3299865722656,253.5,257.8900146484375,0.0,29043900
2022-05-25,253.51951599121094,262.5199890136719,0.0,264.5799865722656,257.1300048828125,258.1400146484375,0.0,28547900
2022-05-26,256.78363037109375,265.8999938964844,0.0,267.1099853515625,261.42999267578125,262.2699890136719,0.0,25002100
2022-05-27,263.87200927734375,273.239990234375,0.0,273.3399963378906,267.55999755859375,268.4800109863281,0.0,26910800
2022-05-31,262.5490417480469,271.8699951171875,0.0,274.7699890136719,268.92999267578125,272.5299987792969,0.0,37827700
2022-06-01,263.0801086425781,272.4200134277344,0.0,277.69000244140625,270.0400085449219,275.20001220703125,0.0,25292200
2022-06-02,265.1661071777344,274.5799865722656,0.0,274.6499938964844,261.6000061035156,264.45001220703125,0.0,44008200
2022-06-03,260.7623596191406,270.0199890136719,0.0,273.45001220703125,268.4100036621094,270.30999755859375,0.0,28059000
2022-06-06,259.53594970703125,268.75,0.0,274.17999267578125,267.2200012207031,272.05999755859375,0.0,22400300
2022-06-07,263.157470703125,272.5,0.0,273.1300048828125,265.94000244140625,266.6400146484375,0.0,22860700
2022-06-08,261.13909912109375,270.4100036621094,0.0,273.0,269.6099853515625,271.7099914550781,0.0,17372300
2022-06-09,255.7117156982422,264.7900085449219,0.0,272.7099914550781,264.6300048828125,267.7799987792969,0.0,26439700
2022-06-10,244.31629943847656,252.99000549316406,0.0,260.5799865722656,252.52999877929688,260.5799865722656,0.0,31422800
2022-06-13,233.9541778564453,242.25999450683594,0.0,249.02000427246094,241.52999877929688,245.11000061035156,0.0,46135800
2022-06-14,236.10775756835938,244.49000549316406,0.0,245.74000549316406,241.50999450683594,243.86000061035156,0.0,28651500
2022-06-15,243.1284637451172,251.75999450683594,0.0,255.3000030517578,246.4199981689453,248.30999755859375,0.0,33111700
2022-06-16,236.5712432861328,244.97000122070312,0.0,247.4199981689453,243.02000427246094,245.97999572753906,0.0,33169200
2022-06-17,239.15936279296875,247.64999389648438,0.0,250.5,244.02999877929688,244.6999969482422,0.0,43084800
2022-06-21,245.04058837890625,253.74000549316406,0.0,254.75,249.50999450683594,250.25999450683594,0.0,29928300
2022-06-22,244.45152282714844,253.1300048828125,0.0,257.1700134277344,250.3699951171875,251.88999938964844,0.0,25939900
2022-06-23,249.9849853515625,258.8599853515625,0.0,259.3699951171875,253.6300048828125,255.57000732421875,0.0,25861400
2022-06-24,258.52197265625,267.70001220703125,0.0,267.9800109863281,261.7200012207031,261.80999755859375,0.0,33923200
2022-06-27,255.80836486816406,264.8900146484375,0.0,268.29998779296875,263.2799987792969,268.2099914550781,0.0,24615100
2022-06-28,247.68663024902344,256.4800109863281,0.0,266.9100036621094,256.32000732421875,263.9800109863281,0.0,27295500
2022-06-29,251.33700561523438,260.260009765625,0.0,261.9700012207031,255.75999450683594,257.5899963378906,0.0,20069800
2022-06-30,248.0246124267578,256.8299865722656,0.0,259.5299987792969,252.89999389648438,257.04998779296875,0.0,31730900
2022-07-01,250.6803436279297,259.5799865722656,0.0,259.7699890136719,254.61000061035156,256.3900146484375,0.0,22837700
2022-07-05,253.83824157714844,262.8500061035156,0.0,262.9800109863281,254.74000549316406,256.1600036621094,0.0,22941000
2022-07-06,257.08306884765625,266.2099914550781,0.0,267.989990234375,262.3999938964844,263.75,0.0,23824400
2022-07-07,259.19793701171875,268.3999938964844,0.0,269.05999755859375,265.0199890136719,265.1199951171875,0.0,20859900
2022-07-08,258.4833679199219,267.6600036621094,0.0,268.1000061035156,263.2900085449219,264.7900085449219,0.0,19658800
2022-07-11,255.44134521484375,264.510009765625,0.0,266.5299987792969,262.17999267578125,265.6499938964844,0.0,19455200
2022-07-12,244.97296142578125,253.6699981689453,0.0,265.94000244140625,252.0399932861328,265.8800048828125,0.0,35868500
2022-07-13,244.05555725097656,252.72000122070312,0.0,253.5500030517578,248.11000061035156,250.19000244140625,0.0,29497400
2022-07-14,245.36892700195312,254.0800018310547,0.0,255.13999938964844,245.94000244140625,250.57000732421875,0.0,25102800
2022-07-15,247.91839599609375,256.7200012207031,0.0,260.3699951171875,254.77000427246094,255.72000122070312,0.0,29774100
2022-07-18,245.53309631347656,254.25,0.0,260.8399963378906,253.3000030517578,259.75,0.0,20975000
2022-07-19,250.63206481933594,259.5299987792969,0.0,259.7200012207031,253.67999267578125,257.5799865722656,0.0,25012600
2022-07-20,253.27806091308594,262.2699890136719,0.0,264.8699951171875,258.9100036621094,259.8999938964844,0.0,22788300
2022-07-21,255.7599334716797,264.8399963378906,0.0,264.8900146484375,257.0299987792969,259.7900085449219,0.0,22404700
2022-07-22,251.43356323242188,260.3599853515625,0.0,265.3299865722656,259.07000732421875,265.239990234375,0.0,21881300
2022-07-25,249.9560546875,258.8299865722656,0.0,261.5,256.80999755859375,261.0,0.0,21056000
2022-07-26,243.26364135742188,251.89999389648438,0.0,259.8800048828125,249.57000732421875,259.8599853515625,0.0,39348000
2022-07-27,259.5262756347656,268.739990234375,0.0,270.04998779296875,258.8500061035156,261.1600036621094,0.0,45994000
2022-07-28,266.933349609375,276.4100036621094,0.0,277.8399963378906,267.8699951171875,269.75,0.0,33459300
2022-07-29,271.1148681640625,280.739990234375,0.0,282.0,276.6300048828125,277.70001220703125,0.0,32152800
2022-08-01,268.4785461425781,278.010009765625,0.0,281.2799987792969,275.8399963378906,277.82000732421875,0.0,21539600
2022-08-02,265.39794921875,274.82000732421875,0.0,277.8900146484375,272.3800048828125,276.0,0.0,22754200
2022-08-03,272.7855529785156,282.4700012207031,0.0,283.5,276.6099853515625,276.760009765625,0.0,23518900
2022-08-04,273.9251708984375,283.6499938964844,0.0,283.79998779296875,280.1700134277344,281.79998779296875,0.0,18098700
2022-08-05,273.2104797363281,282.9100036621094,0.0,283.6499938964844,278.67999267578125,279.1499938964844,0.0,16774600
2022-08-08,270.7093505859375,280.32000732421875,0.0,285.9200134277344,279.32000732421875,284.04998779296875,0.0,18739200
2022-08-09,272.62139892578125,282.29998779296875,0.0,283.0799865722656,277.6099853515625,279.6400146484375,0.0,23405200
2022-08-10,279.24615478515625,289.1600036621094,0.0,289.80999755859375,286.94000244140625,288.1700134277344,0.0,24687800
2022-08-11,277.1795654296875,287.0199890136719,0.0,291.2099914550781,286.510009765625,290.8500061035156,0.0,20065900
2022-08-12,281.90191650390625,291.9100036621094,0.0,291.9100036621094,286.94000244140625,288.4800109863281,0.0,22619700
2022-08-15,283.40838623046875,293.4700012207031,0.0,294.17999267578125,290.1099853515625,291.0,0.0,18085700
2022-08-16,282.6744689941406,292.7099914550781,0.0,294.0400085449219,290.4200134277344,291.989990234375,0.0,18102900
2022-08-17,281.9292907714844,291.32000732421875,0.62,293.3500061035156,289.4700012207031,289.739990234375,0.0,18253400
2022-08-18,280.81634521484375,290.1700134277344,0.0,291.9100036621094,289.0799865722656,290.19000244140625,0.0,17186200
2022-08-19,276.9259948730469,286.1499938964844,0.0,289.25,285.55999755859375,288.8999938964844,0.0,20570000
2022-08-22,268.7967529296875,277.75,0.0,282.4599914550781,277.2200012207031,282.0799865722656,0.0,25061100
2022-08-23,267.5289611816406,276.44000244140625,0.0,278.8599853515625,275.3999938964844,276.44000244140625,0.0,17527400
2022-08-24,266.8998718261719,275.7900085449219,0.0,277.2300109863281,275.1099853515625,275.4100036621094,0.0,18137000
2022-08-25,269.8612976074219,278.8500061035156,0.0,279.0199890136719,274.5199890136719,277.3299865722656,0.0,16583400
2022-08-26,259.4481506347656,268.0899963378906,0.0,280.3399963378906,267.9800109863281,279.0799865722656,0.0,27549300
2022-08-29,256.6802978515625,265.2300109863281,0.0,267.3999938964844,263.8500061035156,265.8500061035156,0.0,20338500
2022-08-30,254.4931640625,262.9700012207031,0.0,267.04998779296875,260.6600036621094,266.6700134277344,0.0,22767100
2022-08-31,253.04153442382812,261.4700012207031,0.0,267.1099853515625,261.3299865722656,265.3900146484375,0.0,24791800
2022-09-01,252.00601196289062,260.3999938964844,0.0,260.8900146484375,255.41000366210938,258.8699951171875,0.0,23263400
2022-09-02,247.80587768554688,256.05999755859375,0.0,264.739990234375,254.47000122070312,261.70001220703125,0.0,22855400
2022-09-06,245.0865020751953,253.25,0.0,257.8299865722656,251.94000244140625,256.20001220703125,0.0,21328200
2022-09-07,249.7704620361328,258.0899963378906,0.0,258.8299865722656,253.22000122070312,254.6999969482422,0.0,24126700
2022-09-08,250.18666076660156,258.5199890136719,0.0,260.42999267578125,254.7899932861328,257.510009765625,0.0,20319900
2022-09-09,255.9351806640625,264.4599914550781,0.0,265.2300109863281,260.2900085449219,260.5,0.0,22084700
2022-09-12,258.05450439453125,266.6499938964844,0.0,267.45001220703125,265.1600036621094,265.7799987792969,0.0,18747700
2022-09-13,243.86709594726562,251.99000549316406,0.0,260.3999938964844,251.58999633789062,258.8399963378906,0.0,33353300
2022-09-14,244.08970642089844,252.22000122070312,0.0,254.22999572753906,249.86000061035156,253.52999877929688,0.0,23913000
2022-09-15,237.47019958496094,245.3800048828125,0.0,251.39999389648438,244.02000427246094,249.77000427246094,0.0,31530900
2022-09-16,236.85079956054688,244.74000549316406,0.0,245.3000030517578,242.05999755859375,244.25999450683594,0.0,39791800
2022-09-19,236.63790893554688,244.52000427246094,0.0,245.13999938964844,240.85000610351562,242.47000122070312,0.0,26826900
2022-09-20,234.63461303710938,242.4499969482422,0.0,243.50999450683594,239.63999938964844,242.07000732421875,0.0,26660300
2022-09-21,231.24742126464844,238.9499969482422,0.0,247.66000366210938,238.89999389648438,244.27000427246094,0.0,28625600
2022-09-22,233.21200561523438,240.97999572753906,0.0,243.86000061035156,237.57000732421875,237.8699951171875,0.0,31061200
2022-09-23,230.25064086914062,237.9199981689453,0.0,241.1300048828125,235.1999969482422,239.5399932861328,0.0,34176000
2022-09-26,229.79580688476562,237.4499969482422,0.0,241.4499969482422,236.89999389648438,237.0500030517578,0.0,27694200
2022-09-27,228.78933715820312,236.41000366210938,0.0,241.8000030517578,234.5,239.97999572753906,0.0,27018700
2022-09-28,233.29910278320312,241.07000732421875,0.0,242.3300018310547,234.72999572753906,236.80999755859375,0.0,29029700
2022-09-29,229.84420776367188,237.5,0.0,239.9499969482422,234.41000366210938,238.88999938964844,0.0,27484200
2022-09-30,225.39248657226562,232.89999389648438,0.0,240.5399932861328,232.72999572753906,238.2899932861328,0.0,35694800
2022-10-03,232.9797821044922,240.74000549316406,0.0,241.61000061035156,234.66000366210938,235.41000366210938,0.0,28880400
2022-10-04,240.8573455810547,248.8800048828125,0.0,250.36000061035156,244.97999572753906,245.08999633789062,0.0,34888400
2022-10-05,241.1670379638672,249.1999969482422,0.0,250.5800018310547,244.10000610351562,245.99000549316406,0.0,20347100
2022-10-06,238.83474731445312,246.7899932861328,0.0,250.33999633789062,246.0800018310547,247.92999267578125,0.0,20239900
2022-10-07,226.6892852783203,234.24000549316406,0.0,241.32000732421875,233.1699981689453,240.89999389648438,0.0,37769600
2022-10-10,221.86009216308594,229.25,0.0,234.55999755859375,226.72999572753906,233.0500030517578,0.0,29743600
2022-10-11,218.14390563964844,225.41000366210938,0.0,229.05999755859375,224.11000061035156,227.6199951171875,0.0,30474000
2022-10-12,218.4729766845703,225.75,0.0,227.86000061035156,223.9600067138672,225.39999389648438,0.0,21903900
2022-10-13,226.6892852783203,234.24000549316406,0.0,236.10000610351562,219.1300048828125,219.85000610351562,0.0,42551800
2022-10-14,221.19236755371094,228.55999755859375,0.0,237.24000549316406,228.33999633789062,235.5399932861328,0.0,30198600
2022-10-17,229.8732452392578,237.52999877929688,0.0,238.9600067138672,235.13999938964844,235.82000732421875,0.0,28142300
2022-10-18,230.8119659423828,238.5,0.0,243.92999267578125,235.3699951171875,243.24000549316406,0.0,26329600
2022-10-19,228.8570556640625,236.47999572753906,0.0,239.61000061035156,234.2899932861328,237.0399932861328,0.0,19985700
2022-10-20,228.53768920898438,236.14999389648438,0.0,241.30999755859375,234.8699951171875,235.77000427246094,0.0,21811000
2022-10-21,234.31524658203125,242.1199951171875,0.0,243.0,234.5,234.74000549316406,0.0,26299700
2022-10-24,239.27989196777344,247.25,0.0,247.83999633789062,241.3000030517578,243.75999450683594,0.0,24911200
2022-10-25,242.5800018310547,250.66000366210938,0.0,251.0399932861328,245.8300018310547,247.25999450683594,0.0,34775500
2022-10-26,223.86341857910156,231.32000732421875,0.0,238.3000030517578,230.05999755859375,231.1699981689453,0.0,82543200
2022-10-27,219.44070434570312,226.75,0.0,233.69000244140625,225.77999877929688,231.0399932861328,0.0,40424600
2022-10-28,228.26675415039062,235.8699951171875,0.0,236.60000610351562,226.0500030517578,226.24000549316406,0.0,40647700
2022-10-31,224.64730834960938,232.1300048828125,0.0,234.9199981689453,231.14999389648438,233.75999450683594,0.0,28357300
2022-11-01,220.81497192382812,228.1699981689453,0.0,235.74000549316406,227.3300018310547,234.60000610351562,0.0,30592300
2022-11-02,213.005126953125,220.10000610351562,0.0,231.3000030517578,220.0399932861328,229.4600067138672,0.0,38407000
2022-11-03,207.3437042236328,214.25,0.0,220.41000366210938,213.97999572753906,220.08999633789062,0.0,36633900
2022-11-04,214.25350952148438,221.38999938964844,0.0,221.58999633789062,213.42999267578125,217.5500030517578,0.0,36789100
2022-11-07,220.52462768554688,227.8699951171875,0.0,228.41000366210938,221.27999877929688,221.99000549316406,0.0,33498000
2022-11-08,221.49240112304688,228.8699951171875,0.0,231.64999389648438,225.83999633789062,228.6999969482422,0.0,28192500
2022-11-09,217.27291870117188,224.50999450683594,0.0,228.6300048828125,224.3300018310547,227.3699951171875,0.0,27852900
2022-11-10,235.14752197265625,242.97999572753906,0.0,243.3300018310547,235.0,235.42999267578125,0.0,46268000
2022-11-11,239.14443969726562,247.11000061035156,0.0,247.99000549316406,241.92999267578125,242.99000549316406,0.0,34620200
2022-11-14,233.76364135742188,241.5500030517578,0.0,243.91000366210938,239.2100067138672,241.99000549316406,0.0,31123300
2022-11-15,234.1700897216797,241.97000122070312,0.0,247.0,240.02999877929688,245.66000366210938,0.0,31390100
2022-11-16,234.59710693359375,241.72999572753906,0.68,243.8000030517578,240.4199981689453,242.7899932861328,0.0,24093300
2022-11-17,234.54859924316406,241.67999267578125,0.0,243.25,237.6300048828125,237.77999877929688,0.0,23123500
2022-11-18,234.10215759277344,241.22000122070312,0.0,243.74000549316406,239.02999877929688,243.50999450683594,0.0,27613500
2022-11-21,234.9076690673828,242.0500030517578,0.0,244.6699981689453,241.19000244140625,241.42999267578125,0.0,26394700
2022-11-22,237.79974365234375,245.02999877929688,0.0,245.30999755859375,240.7100067138672,243.58999633789062,0.0,19665700
2022-11-23,240.27447509765625,247.5800018310547,0.0,248.27999877929688,244.27000427246094,245.11000061035156,0.0,19508500
2022-11-25,240.18714904785156,247.49000549316406,0.0,248.6999969482422,246.72999572753906,247.30999755859375,0.0,9200800
2022-11-28,234.626220703125,241.75999450683594,0.0,246.64999389648438,240.8000030517578,246.0800018310547,0.0,24778200
2022-11-29,233.23843383789062,240.3300018310547,0.0,242.7899932861328,238.2100067138672,241.39999389648438,0.0,17956300
2022-11-30,247.61141967773438,255.13999938964844,0.0,255.3300018310547,239.86000061035156,240.57000732421875,0.0,47594200
2022-12-01,247.1747283935547,254.69000244140625,0.0,256.1199951171875,250.9199981689453,253.8699951171875,0.0,26041500
2022-12-02,247.4949493408203,255.02000427246094,0.0,256.05999755859375,249.69000244140625,249.82000732421875,0.0,21528500
2022-12-05,242.81719970703125,250.1999969482422,0.0,253.82000732421875,248.05999755859375,252.00999450683594,0.0,23435300
2022-12-06,237.8870849609375,245.1199951171875,0.0,251.86000061035156,243.77999877929688,250.82000732421875,0.0,22463700
2022-12-07,237.15921020507812,244.3699951171875,0.0,246.16000366210938,242.2100067138672,244.8300018310547,0.0,20481500
2022-12-08,240.0998077392578,247.39999389648438,0.0,248.74000549316406,243.05999755859375,244.83999633789062,0.0,22611800
2022-12-09,238.17823791503906,245.4199981689453,0.0,248.30999755859375,244.16000366210938,244.6999969482422,0.0,20609700
2022-12-12,245.05902099609375,252.50999450683594,0.0,252.5399932861328,247.1699981689453,247.4499969482422,0.0,30665100
2022-12-13,249.33888244628906,256.9200134277344,0.0,263.9200134277344,253.07000732421875,261.69000244140625,0.0,42196900
2022-12-14,249.6300506591797,257.2200012207031,0.0,262.5899963378906,254.30999755859375,257.1300048828125,0.0,35410900
2022-12-15,241.66226196289062,249.00999450683594,0.0,254.1999969482422,247.33999633789062,253.72000122070312,0.0,35560400
2022-12-16,237.46978759765625,244.69000244140625,0.0,249.83999633789062,243.50999450683594,248.5500030517578,0.0,86102000
2022-12-19,233.3548583984375,240.4499969482422,0.0,245.2100067138672,238.7100067138672,244.86000061035156,0.0,29696400
2022-12-20,234.6650390625,241.8000030517578,0.0,242.91000366210938,238.4199981689453,239.39999389648438,0.0,25150800
2022-12-21,237.21742248535156,244.42999267578125,0.0,245.6199951171875,240.11000061035156,241.69000244140625,0.0,23690600
2022-12-22,231.16160583496094,238.19000244140625,0.0,241.99000549316406,233.8699951171875,241.25999450683594,0.0,28651700
2022-12-23,231.6856231689453,238.72999572753906,0.0,238.8699951171875,233.94000244140625,236.11000061035156,0.0,21207000
2022-12-27,229.9678497314453,236.9600067138672,0.0,238.92999267578125,235.8300018310547,238.6999969482422,0.0,16688600
2022-12-28,227.6095733642578,234.52999877929688,0.0,239.72000122070312,234.1699981689453,236.88999938964844,0.0,17457100
2022-12-29,233.89834594726562,241.00999450683594,0.0,241.9199981689453,235.64999389648438,235.64999389648438,0.0,19770700
2022-12-30,232.7434844970703,239.82000732421875,0.0,239.9600067138672,236.66000366210938,238.2100067138672,0.0,21938500
2023-01-03,232.51055908203125,239.5800018310547,0.0,245.75,237.39999389648438,243.0800018310547,0.0,25740000
2023-01-04,222.3397979736328,229.10000610351562,0.0,232.8699951171875,225.9600067138672,232.27999877929688,0.0,50623400
2023-01-05,215.75015258789062,222.30999755859375,0.0,227.5500030517578,221.75999450683594,227.1999969482422,0.0,39585600
2023-01-06,218.2928466796875,224.92999267578125,0.0,225.75999450683594,219.35000610351562,223.0,0.0,43613600
2023-01-09,220.41824340820312,227.1199951171875,0.0,231.24000549316406,226.41000366210938,226.4499969482422,0.0,27369800
2023-01-10,222.09716796875,228.85000610351562,0.0,231.30999755859375,227.3300018310547,227.75999450683594,0.0,27033900
2023-01-11,228.81298828125,235.77000427246094,0.0,235.9499969482422,231.11000061035156,231.2899932861328,0.0,28669300
2023-01-12,231.47213745117188,238.50999450683594,0.0,239.89999389648438,233.55999755859375,235.25999450683594,0.0,27269500
2023-01-13,232.17086791992188,239.22999572753906,0.0,239.3699951171875,234.9199981689453,237.0,0.0,21333300
2023-01-17,233.2578582763672,240.35000610351562,0.0,240.91000366210938,237.08999633789062,237.97000122070312,0.0,29831300
2023-01-18,228.85182189941406,235.80999755859375,0.0,242.3800048828125,235.52000427246094,241.57000732421875,0.0,30028700
2023-01-19,225.08627319335938,231.92999267578125,0.0,235.52000427246094,230.67999267578125,233.77999877929688,0.0,28623000
2023-01-20,233.13168334960938,240.22000122070312,0.0,240.74000549316406,234.50999450683594,234.86000061035156,0.0,35389800
2023-01-23,235.4220428466797,242.5800018310547,0.0,245.1699981689453,239.64999389648438,241.10000610351562,0.0,31934000
2023-01-24,234.89794921875,242.0399932861328,0.0,243.9499969482422,240.44000244140625,242.5,0.0,40234400
2023-01-25,233.5101776123047,240.61000061035156,0.0,243.3000030517578,230.89999389648438,234.47999572753906,0.0,66526600
2023-01-26,240.68209838867188,248.0,0.0,248.30999755859375,242.0,243.64999389648438,0.0,33454500
2023-01-27,240.83737182617188,248.16000366210938,0.0,249.8300018310547,246.8300018310547,248.99000549316406,0.0,26498900
2023-01-30,235.54820251464844,242.7100067138672,0.0,245.60000610351562,242.1999969482422,244.50999450683594,0.0,25867400
2023-01-31,240.4976806640625,247.80999755859375,0.0,247.9499969482422,242.9499969482422,243.4499969482422,0.0,26541100
2023-02-01,245.29193115234375,252.75,0.0,255.17999267578125,245.47000122070312,248.0,0.0,31259900
2023-02-02,256.792236328125,264.6000061035156,0.0,264.69000244140625,257.25,258.82000732421875,0.0,39940400
2023-02-03,250.72671508789062,258.3500061035156,0.0,264.20001220703125,257.1000061035156,259.5400085449219,0.0,29077300
2023-02-06,249.19332885742188,256.7699890136719,0.0,258.29998779296875,254.77999877929688,257.44000244140625,0.0,22518000
2023-02-07,259.6649169921875,267.55999755859375,0.0,268.7699890136719,260.0799865722656,260.5299987792969,0.0,50841400
2023-02-08,258.85943603515625,266.7300109863281,0.0,276.760009765625,266.2099914550781,273.20001220703125,0.0,54686000
2023-02-09,255.8412322998047,263.6199951171875,0.0,273.9800109863281,262.79998779296875,273.79998779296875,0.0,42375100
2023-02-10,255.33656311035156,263.1000061035156,0.0,264.0899963378906,260.6600036621094,261.5299987792969,0.0,25818500
2023-02-13,263.3139953613281,271.32000732421875,0.0,274.6000061035156,267.1499938964844,267.6400146484375,0.0,44630900
2023-02-14,264.138916015625,272.1700134277344,0.0,274.9700012207031,269.2799987792969,272.6700134277344,0.0,37047900
2023-02-15,262.0276794433594,269.32000732421875,0.68,270.7300109863281,266.17999267578125,268.32000732421875,0.0,28922400
2023-02-16,255.05181884765625,262.1499938964844,0.0,266.739990234375,261.8999938964844,264.0199890136719,0.0,29603600
2023-02-17,251.072509765625,258.05999755859375,0.0,260.0899963378906,256.0,259.3900146484375,0.0,30000100
2023-02-21,245.82850646972656,252.6699981689453,0.0,255.49000549316406,251.58999633789062,254.47999572753906,0.0,28397400
2023-02-22,244.69989013671875,251.50999450683594,0.0,254.33999633789062,250.33999633789062,254.08999633789062,0.0,22491100
2023-02-23,247.8716278076172,254.77000427246094,0.0,256.8399963378906,250.47999572753906,255.55999755859375,0.0,29219100
2023-02-24,242.471923828125,249.22000122070312,0.0,251.0,248.10000610351562,249.9600067138672,0.0,24990900
2023-02-27,243.386474609375,250.16000366210938,0.0,252.82000732421875,249.38999938964844,252.4600067138672,0.0,21190000
2023-02-28,242.66651916503906,249.4199981689453,0.0,251.49000549316406,248.72999572753906,249.07000732421875,0.0,22491000
2023-03-01,239.60177612304688,246.27000427246094,0.0,250.92999267578125,245.7899932861328,250.75999450683594,0.0,27565300
2023-03-02,244.31072998046875,251.11000061035156,0.0,251.39999389648438,245.61000061035156,246.5500030517578,0.0,24808200
2023-03-03,248.37754821777344,255.2899932861328,0.0,255.6199951171875,251.38999938964844,252.19000244140625,0.0,30760100
2023-03-06,249.91476440429688,256.8699951171875,0.0,260.1199951171875,255.97999572753906,256.42999267578125,0.0,24109800
2023-03-07,247.26841735839844,254.14999389648438,0.0,257.69000244140625,253.38999938964844,256.29998779296875,0.0,21473200
2023-03-08,246.8306121826172,253.6999969482422,0.0,254.5399932861328,250.80999755859375,254.0399932861328,0.0,17340200
2023-03-09,245.4879608154297,252.32000732421875,0.0,259.55999755859375,251.5800018310547,255.82000732421875,0.0,26653400
2023-03-10,241.85894775390625,248.58999633789062,0.0,252.7899932861328,247.60000610351562,251.0800018310547,0.0,28333900
2023-03-13,247.0446319580078,253.9199981689453,0.0,257.9100036621094,245.72999572753906,247.39999389648438,0.0,33339700
2023-03-14,253.72860717773438,260.7900085449219,0.0,261.07000732421875,255.86000061035156,256.75,0.0,33620300
2023-03-15,258.25274658203125,265.44000244140625,0.0,266.4800109863281,259.2099914550781,259.9800109863281,0.0,46028000
2023-03-16,268.72137451171875,276.20001220703125,0.0,276.55999755859375,263.2799987792969,265.2099914550781,0.0,54768800
2023-03-17,271.8639221191406,279.42999267578125,0.0,283.3299865722656,276.32000732421875,278.260009765625,0.0,69527400
2023-03-20,264.8589172363281,272.2300109863281,0.0,277.4800109863281,269.8500061035156,276.9800109863281,0.0,43466600
2023-03-21,266.3668518066406,273.7799987792969,0.0,275.0,269.5199890136719,274.8800048828125,0.0,34558700
2023-03-22,264.91729736328125,272.2900085449219,0.0,281.0400085449219,272.17999267578125,273.3999938964844,0.0,34873300
2023-03-23,270.1418762207031,277.6600036621094,0.0,281.05999755859375,275.20001220703125,277.94000244140625,0.0,36610900
2023-03-24,272.9730529785156,280.57000732421875,0.0,280.6300048828125,275.2799987792969,277.239990234375,0.0,28172000
2023-03-27,268.8965759277344,276.3800048828125,0.0,281.4599914550781,275.5199890136719,280.5,0.0,26840200
2023-03-28,267.7776794433594,275.2300109863281,0.0,276.1400146484375,272.04998779296875,275.7900085449219,0.0,21878600
2023-03-29,272.9147033691406,280.510009765625,0.0,281.1400146484375,278.4100036621094,278.9599914550781,0.0,25087000
2023-03-30,276.3588562011719,284.04998779296875,0.0,284.4599914550781,281.4800109863281,284.2300109863281,0.0,25053400
2023-03-31,280.4937438964844,288.29998779296875,0.0,289.2699890136719,283.0,283.7300109863281,0.0,32766000
2023-04-03,279.4527282714844,287.2300109863281,0.0,288.2699890136719,283.95001220703125,286.5199890136719,0.0,24883300
2023-04-04,279.404052734375,287.17999267578125,0.0,290.45001220703125,285.6700134277344,287.2300109863281,0.0,25824300
2023-04-05,276.6409606933594,284.3399963378906,0.0,287.1499938964844,282.9200134277344,285.8500061035156,0.0,22064800
2023-04-06,283.70440673828125,291.6000061035156,0.0,292.0799865722656,282.0299987792969,283.2099914550781,0.0,29770300
2023-04-10,281.55426025390625,289.3900146484375,0.0,289.6000061035156,284.7099914550781,289.2099914550781,0.0,23103000
2023-04-11,275.171875,282.8299865722656,0.0,285.9800109863281,281.6400146484375,285.75,0.0,27276600
2023-04-12,275.8139953613281,283.489990234375,0.0,287.010009765625,281.9599914550781,284.7900085449219,0.0,27403400
2023-04-13,281.9920349121094,289.8399963378906,0.0,289.8999938964844,283.1700134277344,283.5899963378906,0.0,24222700
2023-04-14,278.3923034667969,286.1400146484375,0.0,288.4800109863281,283.69000244140625,287.0,0.0,20987900
2023-04-17,280.98016357421875,288.79998779296875,0.0,291.6000061035156,286.1600036621094,289.92999267578125,0.0,23836200
2023-04-18,280.5619201660156,288.3699951171875,0.0,291.760009765625,287.010009765625,291.57000732421875,0.0,20161800
2023-04-19,280.6396789550781,288.45001220703125,0.0,289.04998779296875,284.5400085449219,285.989990234375,0.0,17150300
2023-04-20,278.363037109375,286.1099853515625,0.0,289.0299987792969,285.0799865722656,285.25,0.0,23244400
2023-04-21,278.0225524902344,285.760009765625,0.0,286.2699890136719,283.05999755859375,285.010009765625,0.0,21676400
2023-04-24,274.1405334472656,281.7699890136719,0.0,284.95001220703125,278.7200012207031,282.0899963378906,0.0,26611000
2023-04-25,267.9625244140625,275.4200134277344,0.0,281.6000061035156,275.3699951171875,279.510009765625,0.0,45772200
2023-04-26,287.37225341796875,295.3699951171875,0.0,299.57000732421875,292.7300109863281,296.70001220703125,0.0,64599200
2023-04-27,296.5762023925781,304.8299865722656,0.0,305.20001220703125,295.25,295.9700012207031,0.0,46462600
2023-04-28,298.9403381347656,307.260009765625,0.0,308.92999267578125,303.30999755859375,304.010009765625,0.0,36469600
2023-05-01,297.286376953125,305.55999755859375,0.0,308.6000061035156,305.1499938964844,306.9700012207031,0.0,21294100
2023-05-02,297.1404724121094,305.4100036621094,0.0,309.17999267578125,303.9100036621094,307.760009765625,0.0,26404400
2023-05-03,296.1578369140625,304.3999938964844,0.0,308.6099853515625,304.0899963378906,306.6199951171875,0.0,22360800
2023-05-04,297.1404724121094,305.4100036621094,0.0,307.760009765625,303.3999938964844,306.239990234375,0.0,22519900
2023-05-05,302.23858642578125,310.6499938964844,0.0,311.9700012207031,304.2699890136719,305.7200012207031,0.0,28197100
2023-05-08,300.292724609375,308.6499938964844,0.0,310.20001220703125,306.0899963378906,310.1300048828125,0.0,21318600
2023-05-09,298.6873779296875,307.0,0.0,310.0400085449219,306.30999755859375,308.0,0.0,21340800
2023-05-10,303.8536376953125,312.30999755859375,0.0,313.0,307.6700134277344,308.6199951171875,0.0,30078000
2023-05-11,301.7131652832031,310.1099853515625,0.0,311.1199951171875,306.260009765625,310.1000061035156,0.0,31680200
2023-05-12,300.60400390625,308.9700012207031,0.0,310.6499938964844,306.6000061035156,310.54998779296875,0.0,19774700
2023-05-15,301.080810546875,309.4599914550781,0.0,309.8999938964844,307.5899963378906,309.1000061035156,0.0,16336500
2023-05-16,303.29901123046875,311.739990234375,0.0,313.7099914550781,309.8299865722656,309.8299865722656,0.0,26730300
2023-05-17,306.165771484375,314.0,0.68,314.42999267578125,310.739990234375,312.2900085449219,0.0,24315000
2023-05-18,310.57293701171875,318.5199890136719,0.0,319.0400085449219,313.7200012207031,314.5299987792969,0.0,27276000
2023-05-19,310.39739990234375,318.3399963378906,0.0,318.75,316.3699951171875,316.739990234375,0.0,27546700
2023-05-22,313.16656494140625,321.17999267578125,0.0,322.5899963378906,318.010009765625,318.6000061035156,0.0,24115700
2023-05-23,307.394287109375,315.260009765625,0.0,322.7200012207031,315.25,320.0299987792969,0.0,30797200
2023-05-24,306.0194396972656,313.8500061035156,0.0,316.5,312.6099853515625,314.7300109863281,0.0,23384900
2023-05-25,317.78826904296875,325.9200134277344,0.0,326.8999938964844,320.0,323.239990234375,0.0,43301700
2023-05-26,324.5844421386719,332.8900146484375,0.0,333.3999938964844,323.8800048828125,324.0199890136719,0.0,36630600
2023-05-30,322.9462890625,331.2099914550781,0.0,335.739990234375,330.5199890136719,335.2300109863281,0.0,29503100
2023-05-31,320.19671630859375,328.3900146484375,0.0,335.94000244140625,327.3299865722656,332.2900085449219,0.0,45950600
2023-06-01,324.2821350097656,332.5799865722656,0.0,333.5299987792969,324.7200012207031,325.92999267578125,0.0,26773900
2023-06-02,327.03173828125,335.3999938964844,0.0,337.5,332.54998779296875,334.25,0.0,25873800
2023-06-05,327.5583190917969,335.94000244140625,0.0,338.55999755859375,334.6600036621094,335.2200012207031,0.0,21307100
2023-06-06,325.3546447753906,333.67999267578125,0.0,335.3699951171875,332.1700134277344,335.3299865722656,0.0,20396200
2023-06-07,315.31170654296875,323.3800048828125,0.0,334.489990234375,322.5,331.6499938964844,0.0,40717100
2023-06-08,317.1447448730469,325.260009765625,0.0,326.6400146484375,323.3500061035156,323.94000244140625,0.0,23277700
2023-06-09,318.6365661621094,326.7900085449219,0.0,329.989990234375,324.4100036621094,324.989990234375,0.0,22529000
2023-06-12,323.57037353515625,331.8500061035156,0.0,332.1000061035156,325.1600036621094,328.5799865722656,0.0,24260300
2023-06-13,325.9494934082031,334.2900085449219,0.0,336.9800109863281,330.3900146484375,334.4700012207031,0.0,22951300
2023-06-14,328.92333984375,337.3399963378906,0.0,339.0400085449219,332.80999755859375,334.3399963378906,0.0,26003800
2023-06-15,339.4149169921875,348.1000061035156,0.0,349.8399963378906,337.20001220703125,337.4800109863281,0.0,38899100
2023-06-16,333.7889099121094,342.3299865722656,0.0,351.4700012207031,341.95001220703125,351.32000732421875,0.0,46552000
2023-06-20,329.6156311035156,338.04998779296875,0.0,342.0799865722656,335.8599853515625,339.30999755859375,0.0,26375400
2023-06-21,325.2376403808594,333.55999755859375,0.0,337.7300109863281,332.07000732421875,336.3699951171875,0.0,25117800
2023-06-22,331.2342224121094,339.7099914550781,0.0,340.1199951171875,333.3399963378906,334.1199951171875,0.0,23556800
2023-06-23,326.6612243652344,335.0199890136719,0.0,337.9599914550781,333.45001220703125,334.3599853515625,0.0,23146900
2023-06-26,320.4014587402344,328.6000061035156,0.0,336.1099853515625,328.489990234375,333.7200012207031,0.0,21520600
2023-06-27,326.22247314453125,334.57000732421875,0.0,336.1499938964844,329.29998779296875,331.8599853515625,0.0,24354100
2023-06-28,327.4705810546875,335.8500061035156,0.0,337.9800109863281,333.80999755859375,334.6600036621094,0.0,20259500
2023-06-29,326.6905212402344,335.04998779296875,0.0,336.1099853515625,332.6199951171875,334.7099914550781,0.0,16997000
2023-06-30,332.0435485839844,340.5400085449219,0.0,342.7300109863281,337.20001220703125,337.75,0.0,26832800
2023-07-03,329.55712890625,337.989990234375,0.0,340.8999938964844,336.57000732421875,339.19000244140625,0.0,12508700
2023-07-05,329.71319580078125,338.1499938964844,0.0,341.6499938964844,334.7300109863281,335.0899963378906,0.0,18172400
2023-07-06,332.7553405761719,341.2699890136719,0.0,342.989990234375,335.5,337.29998779296875,0.0,28161200
2023-07-07,328.8063659667969,337.2200012207031,0.0,341.7900085449219,337.0,339.32000732421875,0.0,21214800
2023-07-10,323.55084228515625,331.8299865722656,0.0,335.2300109863281,327.5899963378906,334.6000061035156,0.0,32791400
2023-07-11,324.17486572265625,332.4700012207031,0.0,332.8599853515625,327.0,331.05999755859375,0.0,26698200
2023-07-12,328.7868347167969,337.20001220703125,0.0,341.6499938964844,335.6700134277344,336.6000061035156,0.0,29995300
2023-07-13,334.1106262207031,342.6600036621094,0.0,343.739990234375,339.0199890136719,339.55999755859375,0.0,20567200
2023-07-14,336.6262512207031,345.239990234375,0.0,351.42999267578125,344.30999755859375,347.5899963378906,0.0,28352700
2023-07-17,337.1040344238281,345.7300109863281,0.0,346.989990234375,342.20001220703125,345.67999267578125,0.0,20363900
2023-07-18,350.5207214355469,359.489990234375,0.0,366.7799987792969,342.1700134277344,345.8299865722656,0.0,64738600
2023-07-19,346.2208251953125,355.0799865722656,0.0,362.4599914550781,352.44000244140625,361.75,0.0,39732900
2023-07-20,338.215576171875,346.8699951171875,0.0,357.9700012207031,345.3699951171875,353.57000732421875,0.0,33778400
2023-07-21,335.19293212890625,343.7699890136719,0.0,350.29998779296875,339.8299865722656,349.1499938964844,0.0,69405400
2023-07-24,336.49951171875,345.1099853515625,0.0,346.9200134277344,342.30999755859375,345.8500061035156,0.0,26678100
2023-07-25,342.22308349609375,350.9800109863281,0.0,351.8900146484375,345.07000732421875,347.1099853515625,0.0,41637700
2023-07-26,329.34259033203125,337.7699890136719,0.0,344.6700134277344,333.1099853515625,341.44000244140625,0.0,58383700
2023-07-27,322.4685363769531,330.7200012207031,0.0,341.3299865722656,329.04998779296875,340.4800109863281,0.0,39635300
2023-07-28,329.9276428222656,338.3699951171875,0.0,340.010009765625,333.1700134277344,333.6700134277344,0.0,28484900
2023-07-31,327.538818359375,335.9200134277344,0.0,337.70001220703125,333.3599853515625,336.9200134277344,0.0,25446000
2023-08-01,327.9483337402344,336.3399963378906,0.0,338.5400085449219,333.70001220703125,335.19000244140625,0.0,18311900
2023-08-02,319.328857421875,327.5,0.0,333.6300048828125,326.3599853515625,333.6300048828125,0.0,27761300
2023-08-03,318.50982666015625,326.6600036621094,0.0,329.8800048828125,325.95001220703125,326.0,0.0,18253700
2023-08-04,319.6019592285156,327.7799987792969,0.0,335.1400146484375,327.239990234375,331.8800048828125,0.0,23741500
2023-08-07,321.873779296875,330.1099853515625,0.0,331.1099853515625,327.5199890136719,328.3699951171875,0.0,17741500
2023-08-08,317.9150695800781,326.04998779296875,0.0,328.75,323.0,326.9599914550781,0.0,22327600
2023-08-09,314.1903991699219,322.2300109863281,0.0,327.1099853515625,321.04998779296875,326.4700012207031,0.0,22373300
2023-08-10,314.87286376953125,322.92999267578125,0.0,328.260009765625,321.17999267578125,326.0199890136719,0.0,20113700
2023-08-11,313.0008239746094,321.010009765625,0.0,322.4100036621094,319.2099914550781,320.260009765625,0.0,24355500
2023-08-14,315.95526123046875,324.0400085449219,0.0,324.05999755859375,320.0799865722656,321.3900146484375,0.0,18836100
2023-08-15,313.8296203613281,321.8599853515625,0.0,325.0899963378906,320.8999938964844,323.0,0.0,16966300
2023-08-16,313.06744384765625,320.3999938964844,0.68,324.4200134277344,319.79998779296875,320.79998779296875,0.0,20698900
2023-08-17,309.6280212402344,316.8800048828125,0.0,321.8699951171875,316.2099914550781,320.5400085449219,0.0,21257200
2023-08-18,309.2371826171875,316.4800109863281,0.0,318.3800048828125,311.54998779296875,314.489990234375,0.0,24755000
2023-08-21,314.5135803222656,321.8800048828125,0.0,322.7699890136719,317.0400085449219,317.92999267578125,0.0,24040000
2023-08-22,315.080322265625,322.4599914550781,0.0,326.0799865722656,321.4599914550781,325.5,0.0,16084600
2023-08-23,319.51641845703125,327.0,0.0,329.20001220703125,323.4599914550781,323.82000732421875,0.0,21166400
2023-08-24,312.6473083496094,319.9700012207031,0.0,332.9800109863281,319.9599914550781,332.8500061035156,0.0,23281400
2023-08-25,315.58837890625,322.9800109863281,0.0,325.3599853515625,318.79998779296875,321.4700012207031,0.0,21684100
2023-08-28,316.2919006347656,323.70001220703125,0.0,326.1499938964844,321.7200012207031,325.6600036621094,0.0,14808500
2023-08-29,320.8941345214844,328.4100036621094,0.0,328.9800109863281,321.8800048828125,321.8800048828125,0.0,19284600
2023-08-30,321.2654724121094,328.7900085449219,0.0,329.80999755859375,326.45001220703125,328.6700134277344,0.0,15222100
2023-08-31,320.25897216796875,327.760009765625,0.0,330.9100036621094,326.7799987792969,329.20001220703125,0.0,26411000
2023-09-01,321.13836669921875,328.6600036621094,0.0,331.989990234375,326.7799987792969,331.30999755859375,0.0,14942000
2023-09-05,325.91650390625,333.54998779296875,0.0,334.8500061035156,328.6600036621094,329.0,0.0,18553900
2023-09-06,325.2618713378906,332.8800048828125,0.0,334.4599914550781,330.17999267578125,333.3800048828125,0.0,17535800
2023-09-07,322.35980224609375,329.9100036621094,0.0,333.0799865722656,329.0299987792969,331.2900085449219,0.0,18381000
2023-09-08,326.6200256347656,334.2699890136719,0.0,336.1600036621094,329.4599914550781,330.0899963378906,0.0,19530100
2023-09-11,330.2060546875,337.94000244140625,0.0,338.4200134277344,335.42999267578125,337.239990234375,0.0,16583300
2023-09-12,324.17724609375,331.7699890136719,0.0,336.7900085449219,331.4800109863281,335.82000732421875,0.0,17565500
2023-09-13,328.3691101074219,336.05999755859375,0.0,336.8500061035156,331.1700134277344,331.30999755859375,0.0,16544400
2023-09-14,330.9486999511719,338.70001220703125,0.0,340.8599853515625,336.57000732421875,339.1499938964844,0.0,20267000
2023-09-15,322.6627502441406,330.2200012207031,0.0,337.3999938964844,329.6499938964844,336.9200134277344,0.0,37679800
2023-09-18,321.5292663574219,329.05999755859375,0.0,330.3999938964844,326.3599853515625,327.79998779296875,0.0,16834200
2023-09-19,321.1286926269531,328.6499938964844,0.0,329.3900146484375,324.510009765625,326.1700134277344,0.0,16505900
2023-09-20,313.428955078125,320.7699890136719,0.0,329.5899963378906,320.510009765625,329.510009765625,0.0,21436500
2023-09-21,312.2174377441406,319.5299987792969,0.0,325.3500061035156,315.0,319.260009765625,0.0,35560400
2023-09-22,309.7550354003906,317.010009765625,0.0,321.45001220703125,316.1499938964844,321.32000732421875,0.0,21447900
2023-09-25,310.2728576660156,317.5400085449219,0.0,317.6700134277344,315.0,316.5899963378906,0.0,17836000
2023-09-26,304.9964904785156,312.1400146484375,0.0,315.8800048828125,310.0199890136719,315.1300048828125,0.0,26297600
2023-09-27,305.631591796875,312.7900085449219,0.0,314.29998779296875,309.69000244140625,312.29998779296875,0.0,19410100
2023-09-28,306.46221923828125,313.6400146484375,0.0,315.4800109863281,309.45001220703125,310.989990234375,0.0,19683600
2023-09-29,308.5238952636719,315.75,0.0,319.4700012207031,314.9800109863281,317.75,0.0,24147300
2023-10-02,314.43536376953125,321.79998779296875,0.0,321.8900146484375,315.17999267578125,316.2799987792969,0.0,20570000
2023-10-03,306.2179260253906,313.3900146484375,0.0,321.3900146484375,311.2099914550781,320.8299865722656,0.0,21033500
2023-10-04,311.660400390625,318.9599914550781,0.0,320.0400085449219,314.0,314.0299987792969,0.0,20720100
2023-10-05,312.05126953125,319.3599853515625,0.0,319.9800109863281,314.8999938964844,319.0899963378906,0.0,16965600
2023-10-06,319.7705078125,327.260009765625,0.0,329.19000244140625,316.29998779296875,316.54998779296875,0.0,25673600
2023-10-09,322.2718505859375,329.82000732421875,0.0,330.29998779296875,323.17999267578125,324.75,0.0,19891200
2023-10-10,320.8746032714844,328.3900146484375,0.0,331.1000061035156,327.6700134277344,330.9599914550781,0.0,20557100
2023-10-11,324.8123779296875,332.4200134277344,0.0,332.82000732421875,329.1400146484375,331.2099914550781,0.0,20063200
2023-10-12,323.58123779296875,331.1600036621094,0.0,333.6300048828125,328.7200012207031,330.57000732421875,0.0,19313100
2023-10-13,320.22967529296875,327.7300109863281,0.0,333.8299865722656,326.3599853515625,332.3800048828125,0.0,21072400
2023-10-16,325.0273132324219,332.6400146484375,0.0,336.1400146484375,330.6000061035156,331.04998779296875,0.0,22158000
2023-10-17,324.4605712890625,332.05999755859375,0.0,333.4599914550781,327.4100036621094,329.5899963378906,0.0,18338500
2023-10-18,322.55523681640625,330.1099853515625,0.0,335.5899963378906,328.29998779296875,332.489990234375,0.0,23153600
2023-10-19,323.73760986328125,331.32000732421875,0.0,336.8800048828125,330.9100036621094,332.1499938964844,0.0,25052100
2023-10-20,319.1940002441406,326.6700134277344,0.0,331.9200134277344,325.45001220703125,331.7200012207031,0.0,25027700
2023-10-23,321.7833251953125,329.32000732421875,0.0,332.7300109863281,324.3900146484375,325.4700012207031,0.0,24374700
2023-10-24,322.965576171875,330.5299987792969,0.0,331.8399963378906,327.6000061035156,331.29998779296875,0.0,31153600
2023-10-25,332.8735656738281,340.6700134277344,0.0,346.20001220703125,337.6199951171875,345.0199890136719,0.0,55053800
2023-10-26,320.3860778808594,327.8900146484375,0.0,341.6300048828125,326.94000244140625,340.5400085449219,0.0,37828500
2023-10-27,322.2621154785156,329.80999755859375,0.0,336.7200012207031,328.3999938964844,330.42999267578125,0.0,29856500
2023-10-30,329.5904541015625,337.30999755859375,0.0,339.45001220703125,331.8299865722656,333.4100036621094,0.0,22828100
2023-10-31,330.3721618652344,338.1099853515625,0.0,339.0,334.69000244140625,338.8500061035156,0.0,20265300
2023-11-01,338.14996337890625,346.07000732421875,0.0,347.4200134277344,339.6499938964844,339.7900085449219,0.0,28158800
2023-11-02,340.3485412597656,348.32000732421875,0.0,348.8299865722656,344.7699890136719,347.239990234375,0.0,24348100
2023-11-03,344.7259521484375,352.79998779296875,0.0,354.3900146484375,347.3299865722656,349.6300048828125,0.0,23637700
2023-11-06,348.3705749511719,356.5299987792969,0.0,357.5400085449219,353.3500061035156,353.45001220703125,0.0,23828300
2023-11-07,352.279052734375,360.5299987792969,0.0,362.4599914550781,357.6300048828125,359.3999938964844,0.0,25833900
2023-11-08,354.88800048828125,363.20001220703125,0.0,363.8699951171875,360.54998779296875,361.67999267578125,0.0,26767800
2023-11-09,352.4353942871094,360.69000244140625,0.0,364.7900085449219,360.3599853515625,362.29998779296875,0.0,24847300
2023-11-10,361.20989990234375,369.6700134277344,0.0,370.1000061035156,361.07000732421875,361.489990234375,0.0,28042100
2023-11-13,358.288330078125,366.67999267578125,0.0,368.4700012207031,365.8999938964844,368.2200012207031,0.0,19986500
2023-11-14,361.7961730957031,370.2699890136719,0.0,371.95001220703125,367.3500061035156,371.010009765625,0.0,27683900
2023-11-15,361.94305419921875,369.6700134277344,0.75,373.1300048828125,367.1099853515625,371.2799987792969,0.0,26860100
2023-11-16,368.3071594238281,376.1700134277344,0.0,376.3500061035156,370.17999267578125,370.9599914550781,0.0,27182300
2023-11-17,362.11920166015625,369.8500061035156,0.0,374.3699951171875,367.0,373.6099853515625,0.0,40157000
2023-11-20,369.5505676269531,377.44000244140625,0.0,378.8699951171875,371.0,371.2200012207031,0.0,52465100
2023-11-21,365.2719421386719,373.07000732421875,0.0,376.2200012207031,371.1199951171875,375.6700134277344,0.0,28423100
2023-11-22,369.9520568847656,377.8500061035156,0.0,379.7900085449219,374.9700012207031,378.0,0.0,23345300
2023-11-24,369.5408020019531,377.42999267578125,0.0,377.9700012207031,375.1400146484375,377.3299865722656,0.0,10176600
2023-11-27,370.6961364746094,378.6099853515625,0.0,380.6400146484375,376.20001220703125,376.7799987792969,0.0,22179200
2023-11-28,374.70068359375,382.70001220703125,0.0,383.0,378.1600036621094,378.3500061035156,0.0,20453100
2023-11-29,370.93115234375,378.8500061035156,0.0,384.29998779296875,377.44000244140625,383.760009765625,0.0,28963400
2023-11-30,370.9898681640625,378.9100036621094,0.0,380.0899963378906,375.4700012207031,378.489990234375,0.0,30554400
2023-12-01,366.681884765625,374.510009765625,0.0,378.1600036621094,371.30999755859375,376.760009765625,0.0,33040500
2023-12-04,361.4241027832031,369.1400146484375,0.0,369.5199890136719,362.8999938964844,369.1000061035156,0.0,32063300
2023-12-05,364.73345947265625,372.5199890136719,0.0,373.0799865722656,365.6199951171875,366.45001220703125,0.0,23065000
2023-12-06,361.0912170410156,368.79998779296875,0.0,374.17999267578125,368.0299987792969,373.5400085449219,0.0,21182100
2023-12-07,363.1962890625,370.95001220703125,0.0,371.45001220703125,366.32000732421875,368.2300109863281,0.0,23118900
2023-12-08,366.40771484375,374.2300109863281,0.0,374.4599914550781,368.2300109863281,369.20001220703125,0.0,20154400
2023-12-11,363.53887939453125,371.29998779296875,0.0,371.6000061035156,366.1000061035156,368.4800109863281,0.0,27708800
2023-12-12,366.5545349121094,374.3800048828125,0.0,374.4200134277344,370.4599914550781,370.8500061035156,0.0,24838300
2023-12-13,366.5447998046875,374.3699951171875,0.0,377.6400146484375,370.7699890136719,376.0199890136719,0.0,30955500
2023-12-14,358.28118896484375,365.92999267578125,0.0,373.760009765625,364.1300048828125,373.30999755859375,0.0,43277500
2023-12-15,362.9809265136719,370.7300109863281,0.0,372.3999938964844,366.2799987792969,366.8500061035156,0.0,78502300
2023-12-18,364.8606872558594,372.6499938964844,0.0,373.0,368.67999267578125,369.45001220703125,0.0,21802900
2023-12-19,365.4579772949219,373.260009765625,0.0,373.260009765625,369.8399963378906,371.489990234375,0.0,20603700
2023-12-20,362.8731384277344,370.6199951171875,0.0,376.0299987792969,370.5299987792969,375.0,0.0,26316700
2023-12-21,365.73211669921875,373.5400085449219,0.0,374.4100036621094,370.0400085449219,372.55999755859375,0.0,17708000
2023-12-22,366.7503356933594,374.5799865722656,0.0,375.17999267578125,372.7099914550781,373.67999267578125,0.0,17107500
2023-12-26,366.8287048339844,374.6600036621094,0.0,376.94000244140625,373.5,375.0,0.0,12673100
2023-12-27,366.2510681152344,374.07000732421875,0.0,375.05999755859375,372.80999755859375,373.69000244140625,0.0,14905400
2023-12-28,367.4357604980469,375.2799987792969,0.0,376.4599914550781,374.1600036621094,375.3699951171875,0.0,14327000
2023-12-29,368.1797790527344,376.0400085449219,0.0,377.1600036621094,373.4800109863281,376.0,0.0,18730800
2024-01-02,363.1178894042969,370.8699951171875,0.0,375.8999938964844,366.7699890136719,373.8599853515625,0.0,25258600
2024-01-03,362.8535461425781,370.6000061035156,0.0,373.260009765625,368.510009765625,369.010009765625,0.0,23083500
2024-01-04,360.2491760253906,367.94000244140625,0.0,373.1000061035156,367.1700134277344,370.6700134277344,0.0,20901500
2024-01-05,360.0631408691406,367.75,0.0,372.05999755859375,366.5,368.9700012207031,0.0,21004600
2024-01-08,366.8580627441406,374.69000244140625,0.0,375.20001220703125,369.010009765625,369.29998779296875,0.0,23134000
2024-01-09,367.9350891113281,375.7900085449219,0.0,375.989990234375,371.19000244140625,372.010009765625,0.0,20830000
2024-01-10,374.7691650390625,382.7699890136719,0.0,384.1700134277344,376.32000732421875,376.3699951171875,0.0,25514200
2024-01-11,376.59033203125,384.6300048828125,0.0,390.67999267578125,380.3800048828125,386.0,0.0,27850800
2024-01-12,380.35003662109375,388.4700012207031,0.0,388.67999267578125,384.6499938964844,385.489990234375,0.0,21661200
2024-01-16,382.1124267578125,390.2699890136719,0.0,394.0299987792969,387.6199951171875,393.6600036621094,0.0,27202300
2024-01-17,381.3291931152344,389.4700012207031,0.0,390.1099853515625,384.80999755859375,387.9800109863281,0.0,22234100
2024-01-18,385.6371765136719,393.8699951171875,0.0,393.989990234375,390.1199951171875,391.7200012207031,0.0,23392100
2024-01-19,390.3368225097656,398.6700134277344,0.0,398.6700134277344,393.5,395.760009765625,0.0,29331100
2024-01-22,388.2220153808594,396.510009765625,0.0,400.6199951171875,393.5899963378906,400.0199890136719,0.0,27016900
2024-01-23,390.5620422363281,398.8999938964844,0.0,399.3800048828125,393.92999267578125,395.75,0.0,20525900
2024-01-24,394.14556884765625,402.55999755859375,0.0,405.6300048828125,400.45001220703125,401.5400085449219,0.0,24867000
2024-01-25,396.40728759765625,404.8699951171875,0.0,407.010009765625,402.5299987792969,404.32000732421875,0.0,21021200
2024-01-26,395.4869079589844,403.92999267578125,0.0,406.1700134277344,402.42999267578125,404.3699951171875,0.0,17803300
2024-01-29,401.1558532714844,409.7200012207031,0.0,409.9800109863281,404.3299865722656,406.05999755859375,0.0,24510200
2024-01-30,400.0494689941406,408.5899963378906,0.0,413.04998779296875,406.45001220703125,412.260009765625,0.0,33477600
2024-01-31,389.2695617675781,397.5799865722656,0.0,415.32000732421875,397.2099914550781,406.9599914550781,0.0,47871100
2024-02-01,395.3400573730469,403.7799987792969,0.0,408.0,401.79998779296875,401.8299865722656,0.0,30657700
2024-02-02,402.6245422363281,411.2200012207031,0.0,412.6499938964844,403.55999755859375,403.80999755859375,0.0,28256700
2024-02-05,397.1708679199219,405.6499938964844,0.0,411.1600036621094,403.989990234375,409.8999938964844,0.0,25352300
2024-02-06,397.0143127441406,405.489990234375,0.0,407.9700012207031,402.9100036621094,405.8800048828125,0.0,18382600
2024-02-07,405.39532470703125,414.04998779296875,0.0,414.29998779296875,407.3999938964844,407.44000244140625,0.0,22340500
2024-02-08,405.4541931152344,414.1099853515625,0.0,415.55999755859375,412.5299987792969,414.04998779296875,0.0,21225300
2024-02-09,411.75946044921875,420.54998779296875,0.0,420.82000732421875,415.0899963378906,415.25,0.0,22032800
2024-02-12,406.5800476074219,415.260009765625,0.0,420.739990234375,414.75,420.55999755859375,0.0,21202900
2024-02-13,397.82696533203125,406.32000732421875,0.0,410.07000732421875,403.3900146484375,404.94000244140625,0.0,27824900
2024-02-14,401.6720275878906,409.489990234375,0.75,409.8399963378906,404.57000732421875,408.07000732421875,0.0,20401200
2024-02-15,398.79803466796875,406.55999755859375,0.0,409.1300048828125,404.2900085449219,408.1400146484375,0.0,21825500
2024-02-16,396.3457946777344,404.05999755859375,0.0,408.2900085449219,403.44000244140625,407.9599914550781,0.0,22296500
2024-02-20,395.10003662109375,402.7900085449219,0.0,404.489990234375,398.010009765625,403.239990234375,0.0,24307900
2024-02-21,394.501708984375,402.17999267578125,0.0,402.2900085449219,397.2200012207031,400.1700134277344,0.0,18518900
2024-02-22,403.79083251953125,411.6499938964844,0.0,412.8299865722656,408.57000732421875,410.19000244140625,0.0,27009900
2024-02-23,402.5058898925781,410.3399963378906,0.0,415.8599853515625,408.9700012207031,415.6700134277344,0.0,16295900
2024-02-26,399.7593688964844,407.5400085449219,0.0,412.1600036621094,407.3599853515625,411.4599914550781,0.0,16193500
2024-02-27,399.7004699707031,407.4800109863281,0.0,408.32000732421875,403.8500061035156,407.989990234375,0.0,14835800
2024-02-28,399.9359130859375,407.7200012207031,0.0,409.29998779296875,405.32000732421875,408.17999267578125,0.0,13183100
2024-02-29,405.742919921875,413.6400146484375,0.0,414.20001220703125,405.9200134277344,408.6400146484375,0.0,31947300
2024-03-01,407.5673828125,415.5,0.0,415.8699951171875,410.8800048828125,411.2699890136719,0.0,17823400
2024-03-04,406.99847412109375,414.9200134277344,0.0,417.3500061035156,412.32000732421875,413.44000244140625,0.0,17596000
2024-03-05,394.9626770019531,402.6499938964844,0.0,414.25,400.6400146484375,413.9599914550781,0.0,26919200
2024-03-06,394.413330078125,402.0899963378906,0.0,405.1600036621094,398.3900146484375,402.9700012207031,0.0,22344100
2024-03-07,401.328857421875,409.1400146484375,0.0,409.7799987792969,402.239990234375,406.1199951171875,0.0,18718500
2024-03-08,398.4645080566406,406.2200012207031,0.0,410.4200134277344,404.3299865722656,407.9599914550781,0.0,18002200
2024-03-11,396.7969970703125,404.5199890136719,0.0,405.67999267578125,401.260009765625,403.760009765625,0.0,16120800
2024-03-12,407.3515319824219,415.2799987792969,0.0,415.57000732421875,406.7900085449219,407.6199951171875,0.0,22457000
2024-03-13,407.17498779296875,415.1000061035156,0.0,418.17999267578125,411.45001220703125,418.1000061035156,0.0,17115900
2024-03-14,417.1017761230469,425.2200012207031,0.0,427.82000732421875,417.989990234375,420.239990234375,0.0,34157300
2024-03-15,408.46978759765625,416.4200134277344,0.0,422.6000061035156,412.7900085449219,419.2900085449219,0.0,45079900
2024-03-18,409.3526306152344,417.32000732421875,0.0,420.7300109863281,413.7799987792969,414.25,0.0,20106000
2024-03-19,413.3645324707031,421.4100036621094,0.0,421.6700134277344,415.54998779296875,417.8299865722656,0.0,19837900
2024-03-20,417.1116027832031,425.2300109863281,0.0,425.9599914550781,420.6600036621094,422.0,0.0,17860100
2024-03-21,421.172607421875,429.3699951171875,0.0,430.82000732421875,427.1600036621094,429.8299865722656,0.0,21296200
2024-03-22,420.5545654296875,428.739990234375,0.0,429.8599853515625,426.07000732421875,429.70001220703125,0.0,17648500
2024-03-25,414.7868347167969,422.8599853515625,0.0,427.4100036621094,421.6099853515625,425.239990234375,0.0,18060500
2024-03-26,413.5999450683594,421.6499938964844,0.0,425.989990234375,421.3500061035156,425.6099853515625,0.0,16725600
2024-03-27,413.38409423828125,421.42999267578125,0.0,424.45001220703125,419.010009765625,424.44000244140625,0.0,16705000
2024-03-28,412.6876525878906,420.7200012207031,0.0,421.8699951171875,419.1199951171875,420.9599914550781,0.0,21871200
2024-04-01,416.4642028808594,424.57000732421875,0.0,427.8900146484375,422.2200012207031,423.95001220703125,0.0,16316000
2024-04-02,413.39398193359375,421.44000244140625,0.0,422.3800048828125,417.8399963378906,420.1099853515625,0.0,17912000
2024-04-03,412.4228820800781,420.45001220703125,0.0,423.260009765625,419.0899963378906,419.7300109863281,0.0,16502300
2024-04-04,409.90191650390625,417.8800048828125,0.0,428.6700134277344,417.57000732421875,424.989990234375,0.0,19370900
2024-04-05,417.39599609375,425.5199890136719,0.0,426.510009765625,418.32000732421875,420.010009765625,0.0,16554800
2024-04-08,416.48382568359375,424.5899963378906,0.0,427.2799987792969,423.29998779296875,425.1700134277344,0.0,14272400
2024-04-09,418.1415710449219,426.2799987792969,0.0,427.739990234375,421.6199951171875,426.44000244140625,0.0,12496900
2024-04-10,415.17926025390625,423.260009765625,0.0,424.0299987792969,419.70001220703125,422.19000244140625,0.0,16216600
2024-04-11,419.760009765625,427.92999267578125,0.0,429.3699951171875,422.3599853515625,425.82000732421875,0.0,17966400
2024-04-12,413.8451232910156,421.8999938964844,0.0,425.17999267578125,419.7699890136719,424.04998779296875,0.0,19253800
2024-04-15,405.742919921875,413.6400146484375,0.0,426.82000732421875,413.42999267578125,426.6000061035156,0.0,20273500
2024-04-16,406.6649475097656,414.5799865722656,0.0,418.3999938964844,413.7300109863281,414.57000732421875,0.0,16765600
2024-04-17,403.9772033691406,411.8399963378906,0.0,418.8800048828125,410.3299865722656,417.25,0.0,15855500
2024-04-18,396.5517272949219,404.2699890136719,0.0,411.8900146484375,403.95001220703125,410.6300048828125,0.0,21029900
2024-04-19,391.5000915527344,399.1199951171875,0.0,405.4800109863281,397.7699890136719,404.0299987792969,0.0,30565800
2024-04-22,393.304931640625,400.9599914550781,0.0,402.8500061035156,395.75,400.0799865722656,0.0,20286900
2024-04-23,399.7887878417969,407.57000732421875,0.0,408.20001220703125,403.05999755859375,404.239990234375,0.0,15734500
2024-04-24,401.250244140625,409.05999755859375,0.0,412.4700012207031,406.7799987792969,409.55999755859375,0.0,15065300
2024-04-25,391.4216003417969,399.0400085449219,0.0,399.8900146484375,388.0299987792969,394.0299987792969,0.0,40586500
2024-04-26,398.5626220703125,406.32000732421875,0.0,413.0,405.760009765625,412.1700134277344,0.0,29694700
2024-04-29,394.5703430175781,402.25,0.0,406.32000732421875,399.19000244140625,405.25,0.0,19582100
2024-04-30,381.8970031738281,389.3299865722656,0.0,402.1600036621094,389.1700134277344,401.489990234375,0.0,28781400
2024-05-01,387.3998718261719,394.94000244140625,0.0,401.7200012207031,390.30999755859375,392.6099853515625,0.0,23562500
2024-05-02,390.2445373535156,397.8399963378906,0.0,399.92999267578125,394.6499938964844,397.6600036621094,0.0,17709400
2024-05-03,398.8961486816406,406.6600036621094,0.0,407.1499938964844,401.8599853515625,402.2799987792969,0.0,17446700
2024-05-06,405.6448059082031,413.5400085449219,0.0,413.92999267578125,406.3699951171875,408.760009765625,0.0,16996600
2024-05-07,401.52496337890625,409.3399963378906,0.0,414.6700134277344,409.0899963378906,414.6600036621094,0.0,20018200
2024-05-08,402.7020568847656,410.5400085449219,0.0,412.2300109863281,406.7099914550781,408.1700134277344,0.0,11792300
2024-05-09,404.44805908203125,412.32000732421875,0.0,412.7200012207031,409.1000061035156,410.57000732421875,0.0,14689700
2024-05-10,406.82183837890625,414.739990234375,0.0,415.3800048828125,411.79998779296875,412.94000244140625,0.0,13402300
2024-05-13,405.8213195800781,413.7200012207031,0.0,418.3500061035156,410.82000732421875,418.010009765625,0.0,15440200
2024-05-14,408.6071472167969,416.55999755859375,0.0,417.489990234375,411.54998779296875,412.0199890136719,0.0,15109300
2024-05-15,415.7511901855469,423.0799865722656,0.75,423.80999755859375,417.2699890136719,417.8999938964844,0.0,22239500
2024-05-16,413.6973876953125,420.989990234375,0.0,425.4200134277344,420.3500061035156,421.79998779296875,0.0,17530100
2024-05-17,412.9308776855469,420.2099914550781,0.0,422.9200134277344,418.0299987792969,422.5400085449219,0.0,15352200
2024-05-20,417.9720764160156,425.3399963378906,0.0,426.7699890136719,419.989990234375,420.2099914550781,0.0,16272100
2024-05-21,421.60797119140625,429.0400085449219,0.0,432.9700012207031,424.8500061035156,426.8299865722656,0.0,21453300
2024-05-22,423.06231689453125,430.5199890136719,0.0,432.4100036621094,427.1300048828125,430.0899963378906,0.0,18073700
2024-05-23,419.60333251953125,427.0,0.0,433.6000061035156,425.4200134277344,432.9700012207031,0.0,17211700
2024-05-24,422.7085266113281,430.1600036621094,0.0,431.05999755859375,424.4100036621094,427.19000244140625,0.0,11855300
2024-05-28,422.8658142089844,430.32000732421875,0.0,430.82000732421875,426.6000061035156,429.6300048828125,0.0,15718000
2024-05-29,421.73577880859375,429.1700134277344,0.0,430.94000244140625,425.69000244140625,425.69000244140625,0.0,15517100
2024-05-30,407.4869079589844,414.6700134277344,0.0,424.29998779296875,414.239990234375,424.29998779296875,0.0,28394500
2024-05-31,407.9389343261719,415.1300048828125,0.0,416.75,404.510009765625,416.75,0.0,47995300
2024-06-03,406.3567810058594,413.5199890136719,0.0,416.42999267578125,408.9200134277344,415.5299987792969,0.0,17484700
2024-06-04,408.8626708984375,416.07000732421875,0.0,416.44000244140625,409.67999267578125,412.42999267578125,0.0,14348900
2024-06-05,416.66510009765625,424.010009765625,0.0,424.0799865722656,416.29998779296875,417.80999755859375,0.0,16988000
2024-06-06,417.1662292480469,424.5199890136719,0.0,425.30999755859375,420.5799865722656,424.010009765625,0.0,14861300
2024-06-07,416.5078430175781,423.8500061035156,0.0,426.2799987792969,423.0,426.20001220703125,0.0,13621700
2024-06-10,420.458251953125,427.8699951171875,0.0,428.0799865722656,423.8900146484375,424.70001220703125,0.0,13982900
2024-06-11,425.1849365234375,432.67999267578125,0.0,432.82000732421875,425.25,425.4800109863281,0.0,14551100
2024-06-12,433.4197692871094,441.05999755859375,0.0,443.3999938964844,433.25,435.32000732421875,0.0,22366200
2024-06-13,433.9306945800781,441.5799865722656,0.0,443.3900146484375,439.3699951171875,440.8500061035156,0.0,15960600
2024-06-14,434.9035949707031,442.57000732421875,0.0,443.1400146484375,436.7200012207031,438.2799987792969,0.0,13582000
2024-06-17,440.60308837890625,448.3699951171875,0.0,450.94000244140625,440.7200012207031,442.5899963378906,0.0,20790000
2024-06-18,438.6082763671875,446.3399963378906,0.0,450.1400146484375,444.8900146484375,449.7099914550781,0.0,17112500
2024-06-20,437.9793395996094,445.70001220703125,0.0,446.5299987792969,441.2699890136719,446.29998779296875,0.0,19877400
2024-06-21,441.9886779785156,449.7799987792969,0.0,450.5799865722656,446.510009765625,447.3800048828125,0.0,34187100
2024-06-24,439.9152526855469,447.6700134277344,0.0,452.75,446.4100036621094,449.79998779296875,0.0,15913700
2024-06-25,443.1383972167969,450.95001220703125,0.0,451.4200134277344,446.75,448.25,0.0,16413400
2024-06-26,444.3274230957031,452.1600036621094,0.0,453.6000061035156,448.19000244140625,449.0,0.0,16507000
2024-06-27,445.0054931640625,452.8500061035156,0.0,456.1700134277344,451.7699890136719,452.17999267578125,0.0,14806300
2024-06-28,439.2077331542969,446.95001220703125,0.0,455.3800048828125,446.4100036621094,453.07000732421875,0.0,28362300
2024-07-01,448.81829833984375,456.7300109863281,0.0,457.3699951171875,445.6600036621094,448.6600036621094,0.0,17662800
2024-07-02,451.3240966796875,459.2799987792969,0.0,459.5899963378906,453.1099853515625,453.20001220703125,0.0,13979800
2024-07-03,452.7882995605469,460.7699890136719,0.0,461.0199890136719,457.8800048828125,458.19000244140625,0.0,9932800
2024-07-05,459.4607238769531,467.55999755859375,0.0,468.3500061035156,458.9700012207031,459.6099853515625,0.0,16000300
2024-07-08,458.1635437011719,466.239990234375,0.0,467.70001220703125,464.4599914550781,466.54998779296875,0.0,12962300
2024-07-09,451.5796203613281,459.5400085449219,0.0,467.3299865722656,458.0,467.0,0.0,17207200
2024-07-10,458.1733703613281,466.25,0.0,466.4599914550781,458.8599853515625,461.2200012207031,0.0,18196100
2024-07-11,446.8234558105469,454.70001220703125,0.0,464.7799987792969,451.54998779296875,462.9800109863281,0.0,23111200
2024-07-12,445.6933898925781,453.54998779296875,0.0,456.3599853515625,450.6499938964844,454.3299865722656,0.0,16324300
2024-07-15,446.09625244140625,453.9599914550781,0.0,457.260009765625,451.42999267578125,453.29998779296875,0.0,14429400
2024-07-16,441.7331848144531,449.5199890136719,0.0,454.29998779296875,446.6600036621094,454.2200012207031,0.0,17175700
2024-07-17,435.83709716796875,443.5199890136719,0.0,444.8500061035156,439.17999267578125,442.5899963378906,0.0,21778000
2024-07-18,432.74169921875,440.3699951171875,0.0,444.6499938964844,434.3999938964844,444.3399963378906,0.0,20794800
2024-07-19,429.53814697265625,437.1099853515625,0.0,441.1400146484375,432.0,433.1000061035156,0.0,20940400
2024-07-22,435.2672119140625,442.94000244140625,0.0,444.6000061035156,438.9100036621094,441.7900085449219,0.0,15808800
2024-07-23,437.1441345214844,444.8500061035156,0.0,448.3900146484375,443.1000061035156,443.8999938964844,0.0,13107100
2024-07-24,421.47039794921875,428.8999938964844,0.0,441.4800109863281,427.5899963378906,440.45001220703125,0.0,26805800
2024-07-25,411.1522521972656,418.3999938964844,0.0,429.79998779296875,417.510009765625,428.79998779296875,0.0,29943800
2024-07-26,417.9032897949219,425.2699890136719,0.0,428.9200134277344,417.2699890136719,418.20001220703125,0.0,23583800
2024-07-29,419.33795166015625,426.7300109863281,0.0,432.1499938964844,424.70001220703125,431.5799865722656,0.0,15125800
2024-07-30,415.5940246582031,422.9200134277344,0.0,429.04998779296875,417.3599853515625,427.7200012207031,0.0,32687600
2024-07-31,411.1031188964844,418.3500061035156,0.0,421.7799987792969,412.2099914550781,420.5,0.0,42891400
2024-08-01,409.8846130371094,417.1099853515625,0.0,427.4599914550781,413.0899963378906,420.7900085449219,0.0,30296400
2024-08-02,401.4139099121094,408.489990234375,0.0,415.0,404.3399963378906,412.489990234375,0.0,29437900
2024-08-05,388.3050231933594,395.1499938964844,0.0,401.0400085449219,385.5799865722656,389.1700134277344,0.0,40709200
2024-08-06,392.6877136230469,399.6099853515625,0.0,405.6700134277344,398.5,400.0,0.0,24946500
2024-08-07,391.5282287597656,398.42999267578125,0.0,410.0799865722656,397.4700012207031,408.6400146484375,0.0,20650900
2024-08-08,395.7143859863281,402.69000244140625,0.0,405.8599853515625,399.94000244140625,402.44000244140625,0.0,20203000
2024-08-09,398.9867248535156,406.0199890136719,0.0,408.04998779296875,402.260009765625,404.0299987792969,0.0,19276700
2024-08-12,399.7630615234375,406.80999755859375,0.0,408.760009765625,404.239990234375,407.05999755859375,0.0,16762900
2024-08-13,406.83837890625,414.010009765625,0.0,414.95001220703125,409.57000732421875,409.5899963378906,0.0,19414300
2024-08-14,409.6389465332031,416.8599853515625,0.0,417.7200012207031,412.45001220703125,414.79998779296875,0.0,18267000
2024-08-15,414.4824523925781,421.0299987792969,0.75,421.1099853515625,417.6600036621094,419.79998779296875,0.0,20752100
2024-08-16,411.9622497558594,418.4700012207031,0.0,421.3399963378906,417.29998779296875,420.6000061035156,0.0,22775600
2024-08-19,414.9746398925781,421.5299987792969,0.0,421.75,416.4599914550781,418.9599914550781,0.0,15234000
2024-08-20,418.19378662109375,424.79998779296875,0.0,425.8599853515625,421.6400146484375,421.70001220703125,0.0,16387600
2024-08-21,417.5440368652344,424.1400146484375,0.0,426.3999938964844,421.7200012207031,424.0799865722656,0.0,16067300
2024-08-22,409.0876159667969,415.54998779296875,0.0,426.7900085449219,414.6099853515625,424.3599853515625,0.0,19361900
2024-08-23,410.308349609375,416.7900085449219,0.0,419.260009765625,412.0899963378906,416.9800109863281,0.0,18493800
2024-08-26,407.0596618652344,413.489990234375,0.0,417.2799987792969,411.3399963378906,416.3699951171875,0.0,13152800
2024-08-27,407.40423583984375,413.8399963378906,0.0,414.3599853515625,410.25,412.8599853515625,0.0,13492900
2024-08-28,404.2146911621094,410.6000061035156,0.0,415.0,407.30999755859375,414.8800048828125,0.0,14882700
2024-08-29,406.6954345703125,413.1199951171875,0.0,422.04998779296875,410.6000061035156,414.94000244140625,0.0,17045200
2024-08-30,410.6529846191406,417.1400146484375,0.0,417.489990234375,412.1300048828125,415.6000061035156,0.0,24308300
2024-09-03,403.0726623535156,409.44000244140625,0.0,419.8800048828125,407.0299987792969,417.9100036621094,0.0,20313600
2024-09-04,402.541015625,408.8999938964844,0.0,411.239990234375,404.3699951171875,405.9100036621094,0.0,15135800
2024-09-05,402.0389709472656,408.3900146484375,0.0,413.1000061035156,406.1300048828125,407.6199951171875,0.0,14195500
2024-09-06,395.4530944824219,401.70001220703125,0.0,410.6499938964844,400.79998779296875,409.05999755859375,0.0,19609500
2024-09-09,399.4105529785156,405.7200012207031,0.0,408.6499938964844,402.1499938964844,407.239990234375,0.0,15295100
2024-09-10,407.7586669921875,414.20001220703125,0.0,416.3299865722656,407.70001220703125,408.20001220703125,0.0,19594300
2024-09-11,416.461181640625,423.0400085449219,0.0,423.989990234375,409.5799865722656,415.5,0.0,19266900
2024-09-12,420.3595886230469,427.0,0.0,427.3699951171875,419.75,423.30999755859375,0.0,17395700
2024-09-13,423.8937683105469,430.5899963378906,0.0,431.8299865722656,425.4599914550781,425.8299865722656,0.0,15874600
2024-09-16,424.6320495605469,431.3399963378906,0.0,433.5299987792969,428.2200012207031,430.6000061035156,0.0,13834700
2024-09-17,428.3828125,435.1499938964844,0.0,441.8500061035156,432.2699890136719,440.2300109863281,0.0,18874200
2024-09-18,424.1103515625,430.80999755859375,0.0,436.0299987792969,430.4100036621094,435.0,0.0,18898000
2024-09-19,431.8677673339844,438.69000244140625,0.0,441.5,436.8999938964844,441.2300109863281,0.0,21706600
2024-09-20,428.50103759765625,435.2699890136719,0.0,439.239990234375,434.2200012207031,437.2200012207031,0.0,55167100
2024-09-23,426.7683410644531,433.510009765625,0.0,436.4599914550781,430.3900146484375,434.2799987792969,0.0,15128900
2024-09-24,422.495849609375,429.1700134277344,0.0,433.3500061035156,426.1000061035156,433.0,0.0,17015800
2024-09-25,425.39007568359375,432.1099853515625,0.0,433.1199951171875,428.57000732421875,429.8299865722656,0.0,13396400
2024-09-26,424.6025695800781,431.30999755859375,0.0,435.29998779296875,429.1300048828125,435.0899963378906,0.0,14492000
2024-09-27,421.3637390136719,428.0199890136719,0.0,431.8500061035156,427.4700012207031,431.5199890136719,0.0,14896100
2024-09-30,423.6082763671875,430.29998779296875,0.0,430.4200134277344,425.3699951171875,428.2099914550781,0.0,16807300
2024-10-01,414.1477355957031,420.69000244140625,0.0,428.4800109863281,418.80999755859375,428.45001220703125,0.0,19092900
2024-10-02,410.6430358886719,417.1300048828125,0.0,422.82000732421875,416.7099914550781,422.5799865722656,0.0,16582300
2024-10-03,410.062255859375,416.5400085449219,0.0,419.54998779296875,414.2900085449219,417.6300048828125,0.0,13686400
2024-10-04,409.5897216796875,416.05999755859375,0.0,419.75,414.9700012207031,418.239990234375,0.0,19169700
2024-10-07,403.1711120605469,409.5400085449219,0.0,417.1099853515625,409.0,416.0,0.0,20919800
2024-10-08,408.2607116699219,414.7099914550781,0.0,415.6600036621094,408.1700134277344,410.8999938964844,0.0,19229300
2024-10-09,410.9679260253906,417.4599914550781,0.0,420.3800048828125,414.29998779296875,415.8599853515625,0.0,14974300
2024-10-10,409.3731384277344,415.8399963378906,0.0,417.3500061035156,413.1499938964844,415.2300109863281,0.0,13848400
2024-10-11,409.845703125,416.32000732421875,0.0,417.1300048828125,413.25,416.1400146484375,0.0,14144900
2024-10-14,412.621826171875,419.1400146484375,0.0,424.0400085449219,417.5199890136719,417.7699890136719,0.0,16653100
2024-10-15,412.2280578613281,418.739990234375,0.0,422.4800109863281,415.260009765625,422.17999267578125,0.0,18900200
2024-10-16,409.6488037109375,416.1199951171875,0.0,416.3599853515625,410.4800109863281,415.1700134277344,0.0,15508900
2024-10-17,410.2394104003906,416.7200012207031,0.0,422.5,415.5899963378906,422.3599853515625,0.0,14820000
2024-10-18,411.65704345703125,418.1600036621094,0.0,419.6499938964844,416.260009765625,417.1400146484375,0.0,17145300
2024-10-21,412.2674255371094,418.7799987792969,0.0,418.9599914550781,413.75,416.1199951171875,0.0,14206100
2024-10-22,420.8616638183594,427.510009765625,0.0,430.5799865722656,418.0400085449219,418.489990234375,0.0,25482200
2024-10-23,417.9969482421875,424.6000061035156,0.0,431.0799865722656,422.5299987792969,430.8599853515625,0.0,19654400
2024-10-24,418.1249084472656,424.7300109863281,0.0,425.9800109863281,422.3999938964844,425.3299865722656,0.0,13581600
2024-10-25,421.4917297363281,428.1499938964844,0.0,432.5199890136719,426.57000732421875,426.760009765625,0.0,16899100
2024-10-28,419.9559631347656,426.5899963378906,0.0,431.94000244140625,426.29998779296875,431.6600036621094,0.0,14882400
2024-10-29,425.23260498046875,431.95001220703125,0.0,433.1700134277344,425.79998779296875,428.0,0.0,17644100
2024-10-30,425.80364990234375,432.5299987792969,0.0,438.5,432.1000061035156,437.44000244140625,0.0,29749100
2024-10-31,400.03070068359375,406.3500061035156,0.0,416.1600036621094,406.29998779296875,415.3599853515625,0.0,53971000
2024-11-01,403.98822021484375,410.3699951171875,0.0,415.5,407.5,409.010009765625,0.0,24230400
2024-11-04,402.10791015625,408.4599914550781,0.0,410.4200134277344,405.57000732421875,409.79998779296875,0.0,19672300
2024-11-05,405.0612487792969,411.4599914550781,0.0,414.8999938964844,408.0799865722656,408.3699951171875,0.0,17626000
2024-11-06,413.6456604003906,420.17999267578125,0.0,420.45001220703125,410.5199890136719,412.4200134277344,0.0,26681800
2024-11-07,418.8139953613281,425.42999267578125,0.0,426.8500061035156,419.8800048828125,421.2799987792969,0.0,19901800
2024-11-08,415.9689636230469,422.5400085449219,0.0,426.5,421.7799987792969,425.32000732421875,0.0,16891400
2024-11-11,411.5094299316406,418.010009765625,0.0,424.80999755859375,416.0,422.5199890136719,0.0,24503300
2024-11-12,416.4513244628906,423.0299987792969,0.0,424.44000244140625,417.20001220703125,418.25,0.0,19401200
2024-11-13,418.5876159667969,425.20001220703125,0.0,429.3299865722656,418.2099914550781,421.6400146484375,0.0,21502200
2024-11-14,420.2513732910156,426.8900146484375,0.0,428.1700134277344,420.0,425.0,0.0,30246900
2024-11-15,408.54620361328125,415.0,0.0,422.79998779296875,413.6400146484375,419.82000732421875,0.0,28247600
2024-11-18,409.2944030761719,415.760009765625,0.0,418.3999938964844,412.1000061035156,414.8699951171875,0.0,24727000
2024-11-19,411.29278564453125,417.7900085449219,0.0,417.94000244140625,411.54998779296875,413.1099853515625,0.0,18133500
2024-11-20,409.028564453125,415.489990234375,0.0,417.2900085449219,410.5799865722656,416.8699951171875,0.0,19191700
2024-11-21,407.26287841796875,412.8699951171875,0.83,419.7799987792969,410.2900085449219,419.5,0.0,20780200
2024-11-22,411.3368225097656,417.0,0.0,417.3999938964844,411.05999755859375,411.3699951171875,0.0,24814600
2024-11-25,413.10247802734375,418.7900085449219,0.0,421.0799865722656,414.8500061035156,418.3800048828125,0.0,27691100
2024-11-26,422.17755126953125,427.989990234375,0.0,429.0400085449219,418.8500061035156,419.5899963378906,0.0,23458900
2024-11-27,417.2454528808594,422.989990234375,0.0,427.2300109863281,422.0199890136719,425.1099853515625,0.0,18332400
2024-11-29,417.7090759277344,423.4599914550781,0.0,424.8800048828125,417.79998779296875,420.0899963378906,0.0,16271900
2024-12-02,425.1269836425781,430.9800109863281,0.0,433.0,421.30999755859375,421.57000732421875,0.0,20207200
2024-12-03,425.3439636230469,431.20001220703125,0.0,432.4700012207031,427.739990234375,429.8399963378906,0.0,18302000
2024-12-04,431.4794921875,437.4200134277344,0.0,439.6700134277344,432.6300048828125,433.0299987792969,0.0,26009400
2024-12-05,436.6088562011719,442.6199951171875,0.0,444.6600036621094,436.1700134277344,437.9200134277344,0.0,21697800
2024-12-06,437.54595947265625,443.57000732421875,0.0,446.1000061035156,441.7699890136719,442.29998779296875,0.0,18821000
2024-12-09,439.96270751953125,446.0199890136719,0.0,448.3299865722656,440.5,442.6000061035156,0.0,19144400
2024-12-10,437.3092041015625,443.3299865722656,0.0,449.6199951171875,441.6000061035156,444.3900146484375,0.0,18469500
2024-12-11,442.8923645019531,448.989990234375,0.0,450.3500061035156,444.04998779296875,444.04998779296875,0.0,19200200
2024-12-12,443.4546203613281,449.55999755859375,0.0,456.1600036621094,449.1099853515625,449.1099853515625,0.0,20834800
2024-12-13,441.1956787109375,447.2699890136719,0.0,451.42999267578125,445.5799865722656,448.44000244140625,0.0,20177800
2024-12-16,445.45709228515625,451.5899963378906,0.0,452.17999267578125,445.2799987792969,447.2699890136719,0.0,23598800
2024-12-17,448.2880859375,454.4599914550781,0.0,455.2900085449219,449.57000732421875,451.010009765625,0.0,22733500
2024-12-18,431.44989013671875,437.3900146484375,0.0,452.6499938964844,437.0199890136719,451.32000732421875,0.0,24444500
2024-12-19,431.0947570800781,437.0299987792969,0.0,443.17999267578125,436.32000732421875,441.6199951171875,0.0,22963700
2024-12-20,430.67059326171875,436.6000061035156,0.0,443.739990234375,428.6300048828125,433.1099853515625,0.0,64263700
2024-12-23,429.33892822265625,435.25,0.0,437.6499938964844,432.8299865722656,436.739990234375,0.0,19152500
2024-12-24,433.363525390625,439.3299865722656,0.0,439.6000061035156,434.19000244140625,434.6499938964844,0.0,7164500
2024-12-26,432.16009521484375,438.1099853515625,0.0,440.94000244140625,436.6300048828125,439.0799865722656,0.0,8194200
2024-12-27,424.68304443359375,430.5299987792969,0.0,435.2200012207031,426.3500061035156,434.6000061035156,0.0,18117700
2024-12-30,419.0604553222656,424.8299865722656,0.0,427.54998779296875,421.8999938964844,426.05999755859375,0.0,13158700
2024-12-31,415.77569580078125,421.5,0.0,426.7300109863281,420.6600036621094,426.1000061035156,0.0,13246500
2025-01-02,412.8952941894531,418.5799865722656,0.0,426.07000732421875,414.8500061035156,425.5299987792969,0.0,16896500
2025-01-03,417.6005859375,423.3500061035156,0.0,424.0299987792969,419.5400085449219,421.0799865722656,0.0,16662900
2025-01-06,422.0394287109375,427.8500061035156,0.0,434.32000732421875,425.4800109863281,428.0,0.0,20573600
2025-01-07,416.6338806152344,422.3699951171875,0.0,430.6499938964844,420.79998779296875,429.0,0.0,18139100
2025-01-08,418.794189453125,424.55999755859375,0.0,426.9700012207031,421.5400085449219,423.4599914550781,0.0,15054600
2025-01-10,413.26031494140625,418.95001220703125,0.0,424.7099914550781,415.0199890136719,424.6300048828125,0.0,20201100
2025-01-13,411.5242614746094,417.19000244140625,0.0,418.5,412.2900085449219,415.239990234375,0.0,17604800
2025-01-14,410.02490234375,415.6700134277344,0.0,419.739990234375,410.7200012207031,417.80999755859375,0.0,16935900
2025-01-15,420.5203552246094,426.30999755859375,0.0,428.1499938964844,418.2699890136719,419.1300048828125,0.0,19637800
2025-01-16,418.8138427734375,424.5799865722656,0.0,429.489990234375,424.3900146484375,428.70001220703125,0.0,15300000
2025-01-17,423.20343017578125,429.0299987792969,0.0,434.4800109863281,428.1700134277344,434.0899963378906,0.0,26197500
2025-01-21,422.6806335449219,428.5,0.0,430.8999938964844,425.6000061035156,430.20001220703125,0.0,26085700
2025-01-22,440.1402587890625,446.20001220703125,0.0,447.2699890136719,436.0,437.55999755859375,0.0,27803800
2025-01-23,440.643310546875,446.7099914550781,0.0,446.75,441.5,442.0,0.0,18389300
2025-01-24,438.0293273925781,444.05999755859375,0.0,446.6499938964844,441.3999938964844,445.1600036621094,0.0,15549500
2025-01-27,428.6583251953125,434.55999755859375,0.0,435.20001220703125,423.5,424.010009765625,0.0,35647800
2025-01-28,441.1266784667969,447.20001220703125,0.0,448.3800048828125,431.3800048828125,434.6000061035156,0.0,23491700
2025-01-29,436.32281494140625,442.3299865722656,0.0,446.8800048828125,440.3999938964844,446.69000244140625,0.0,23581400
2025-01-30,409.35406494140625,414.989990234375,0.0,422.8599853515625,413.1600036621094,418.7699890136719,0.0,54586300
2025-01-31,409.42315673828125,415.05999755859375,0.0,420.69000244140625,414.9100036621094,418.9800109863281,0.0,34161900
2025-02-03,405.33941650390625,410.9200134277344,0.0,415.4100036621094,408.6600036621094,411.6000061035156,0.0,25679100
2025-02-04,406.7696838378906,412.3699951171875,0.0,413.9200134277344,409.739990234375,412.69000244140625,0.0,20532100
2025-02-05,407.6772155761719,413.2900085449219,0.0,413.8299865722656,410.3999938964844,412.3500061035156,0.0,16316700
2025-02-06,410.1728515625,415.82000732421875,0.0,418.20001220703125,414.0,414.0,0.0,16309800
2025-02-07,404.18524169921875,409.75,0.0,418.6499938964844,408.1000061035156,416.4800109863281,0.0,22886800
2025-02-10,406.6217346191406,412.2200012207031,0.0,415.4599914550781,410.9200134277344,413.7099914550781,0.0,20817900
2025-02-11,405.8523254394531,411.44000244140625,0.0,412.489990234375,409.29998779296875,409.6400146484375,0.0,18140600
2025-02-12,403.48492431640625,409.0400085449219,0.0,410.75,404.3699951171875,407.2099914550781,0.0,19121700
2025-02-13,404.96453857421875,410.5400085449219,0.0,411.0,406.3599853515625,407.0,0.0,23891700
2025-02-14,402.8832092285156,408.42999267578125,0.0,408.9100036621094,405.8800048828125,407.7900085449219,0.0,22758500
2025-02-18,404.0767517089844,409.6400146484375,0.0,410.6000061035156,406.5,408.0,0.0,21423100
2025-02-19,409.1370849609375,414.7699890136719,0.0,415.489990234375,407.6499938964844,407.8800048828125,0.0,24114200
2025-02-20,411.30169677734375,416.1300048828125,0.83,419.30999755859375,412.5400085449219,415.2900085449219,0.0,23508700
2025-02-21,403.47357177734375,408.2099914550781,0.0,418.04998779296875,407.8900146484375,417.3399963378906,0.0,27524800
2025-02-24,399.3124694824219,404.0,0.0,409.3699951171875,399.32000732421875,408.510009765625,0.0,26443700
2025-02-25,393.2831726074219,397.8999938964844,0.0,401.9200134277344,396.70001220703125,401.1000061035156,0.0,29387400
2025-02-26,395.09197998046875,399.7300109863281,0.0,403.6000061035156,394.25,398.010009765625,0.0,19619000
2025-02-27,387.97552490234375,392.5299987792969,0.0,405.739990234375,392.1700134277344,401.2699890136719,0.0,21127400
2025-02-28,392.3837585449219,396.989990234375,0.0,397.6300048828125,386.57000732421875,392.6600036621094,0.0,32845700
2025-03-03,383.9823913574219,388.489990234375,0.0,398.82000732421875,386.1600036621094,398.82000732421875,0.0,23007700
2025-03-04,384.1009521484375,388.6099853515625,0.0,392.5799865722656,381.0,383.3999938964844,0.0,29342900
2025-03-05,396.36700439453125,401.0199890136719,0.0,401.6700134277344,388.80999755859375,389.3399963378906,0.0,23433100
2025-03-06,392.2849426269531,396.8900146484375,0.0,402.1499938964844,392.67999267578125,394.2799987792969,0.0,23304600
2025-03-07,388.7464599609375,393.30999755859375,0.0,394.79998779296875,385.5400085449219,392.32000732421875,0.0,22034100
2025-03-10,375.7490539550781,380.1600036621094,0.0,386.3999938964844,377.2200012207031,385.8399963378906,0.0,32840100
2025-03-11,376.0356750488281,380.45001220703125,0.0,386.0,376.9100036621094,379.0,0.0,30380200
2025-03-12,378.8229675292969,383.2699890136719,0.0,385.2200012207031,378.95001220703125,382.95001220703125,0.0,24253600
2025-03-13,374.3751525878906,378.7699890136719,0.0,385.32000732421875,377.45001220703125,383.1600036621094,0.0,20473000
2025-03-14,384.0516052246094,388.55999755859375,0.0,390.2300109863281,379.510009765625,379.7799987792969,0.0,19952800
2025-03-17,384.1899719238281,388.70001220703125,0.0,392.7099914550781,385.57000732421875,386.70001220703125,0.0,22474300
2025-03-18,379.07000732421875,383.5199890136719,0.0,387.3699951171875,381.1000061035156,387.07000732421875,0.0,19486900
2025-03-19,383.3201904296875,387.82000732421875,0.0,389.67999267578125,384.0,385.5299987792969,0.0,19185500
2025-03-20,382.3515625,386.8399963378906,0.0,391.7900085449219,383.2799987792969,385.739990234375,0.0,18470500
2025-03-21,386.72027587890625,391.260009765625,0.0,391.739990234375,382.79998779296875,383.2200012207031,0.0,39675900
2025-03-24,388.51910400390625,393.0799865722656,0.0,395.3999938964844,389.80999755859375,395.3999938964844,0.0,21004500
2025-03-25,390.5749816894531,395.1600036621094,0.0,396.3599853515625,392.6400146484375,393.9200134277344,0.0,15775000
2025-03-26,385.4452209472656,389.9700012207031,0.0,395.30999755859375,388.57000732421875,395.0,0.0,16108400
2025-03-27,386.0480651855469,390.5799865722656,0.0,392.239990234375,387.3999938964844,390.1300048828125,0.0,13766800
2025-03-28,374.40484619140625,378.79998779296875,0.0,389.1300048828125,376.92999267578125,388.0799865722656,0.0,21632000
2025-03-31,371.034423828125,375.3900146484375,0.0,377.07000732421875,367.239990234375,372.5400085449219,0.0,35184700
2025-04-01,377.7554931640625,382.19000244140625,0.0,382.8500061035156,373.2300109863281,374.6499938964844,0.0,19689500
2025-04-02,377.7060852050781,382.1400146484375,0.0,385.0799865722656,376.6199951171875,377.9700012207031,0.0,16092600
2025-04-03,368.78082275390625,373.1099853515625,0.0,377.4800109863281,369.3500061035156,374.7900085449219,0.0,30198000
2025-04-04,355.664794921875,359.8399963378906,0.0,374.5899963378906,359.4800109863281,364.1300048828125,0.0,49209900
2025-04-07,353.7077941894531,357.8599853515625,0.0,371.0,344.7900085449219,350.8800048828125,0.0,50425000
2025-04-08,350.4460754394531,354.55999755859375,0.0,373.6499938964844,350.25,368.260009765625,0.0,35868900
2025-04-09,385.9591979980469,390.489990234375,0.0,393.2300109863281,353.1000061035156,353.5400085449219,0.0,50199700
2025-04-10,376.9252014160156,381.3500061035156,0.0,383.8999938964844,367.79998779296875,382.05999755859375,0.0,38024400
2025-04-11,383.94287109375,388.45001220703125,0.0,390.04998779296875,378.8900146484375,380.6400146484375,0.0,23839200
2025-04-14,383.3102722167969,387.80999755859375,0.0,394.6499938964844,384.2099914550781,393.2200012207031,0.0,19251200
2025-04-15,381.25439453125,385.7300109863281,0.0,391.8900146484375,384.1600036621094,388.510009765625,0.0,17199900
2025-04-16,367.2982177734375,371.6099853515625,0.0,381.6099853515625,368.0,380.6700134277344,0.0,21967800
2025-04-17,363.5126953125,367.7799987792969,0.0,374.32000732421875,366.8900146484375,373.75,0.0,21120200
2025-04-21,354.9531555175781,359.1199951171875,0.0,364.4800109863281,355.6700134277344,362.82000732421875,0.0,20807300
2025-04-22,362.5638122558594,366.82000732421875,0.0,367.7699890136719,359.8599853515625,363.3800048828125,0.0,19485000
2025-04-23,370.0459899902344,374.3900146484375,0.0,380.3900146484375,373.0199890136719,376.05999755859375,0.0,20545500
2025-04-24,382.80615234375,387.29998779296875,0.0,388.45001220703125,375.19000244140625,375.70001220703125,0.0,22232300
2025-04-25,387.3034362792969,391.8500061035156,0.0,392.1600036621094,384.6000061035156,387.0,0.0,18973200
2025-04-28,386.62139892578125,391.1600036621094,0.0,392.739990234375,386.6400146484375,391.9599914550781,0.0,16579400
2025-04-29,389.4679870605469,394.0400085449219,0.0,395.1000061035156,390.3800048828125,391.29998779296875,0.0,14974000
2025-04-30,390.673828125,395.260009765625,0.0,396.6600036621094,384.44000244140625,390.29998779296875,0.0,36461100
2025-05-01,420.4641418457031,425.3999938964844,0.0,436.989990234375,424.8999938964844,431.1099853515625,0.0,58938100
2025-05-02,430.2294921875,435.2799987792969,0.0,439.44000244140625,429.989990234375,431.739990234375,0.0,30757400
2025-05-05,431.1092224121094,436.1700134277344,0.0,439.5,432.1099853515625,432.8699951171875,0.0,20136100
2025-05-06,428.2823486328125,433.30999755859375,0.0,437.7300109863281,431.1700134277344,432.20001220703125,0.0,15104200
2025-05-07,428.3218688964844,433.3500061035156,0.0,438.1199951171875,431.1099853515625,433.8399963378906,0.0,23295300
2025-05-08,433.08599853515625,438.1700134277344,0.0,443.6700134277344,435.6600036621094,437.92999267578125,0.0,23491300
2025-05-09,433.63946533203125,438.7300109863281,0.0,440.739990234375,435.8800048828125,440.0,0.0,15324200
2025-05-12,444.0472717285156,449.260009765625,0.0,449.3699951171875,439.7799987792969,445.94000244140625,0.0,22821900
2025-05-13,443.9287109375,449.1400146484375,0.0,450.6700134277344,445.3599853515625,447.7799987792969,0.0,23618800
2025-05-14,447.6845703125,452.94000244140625,0.0,453.8999938964844,448.1400146484375,448.1400146484375,0.0,19902800
2025-05-15,448.6946105957031,453.1300048828125,0.83,456.19000244140625,450.42999267578125,450.7699890136719,0.0,21992300
2025-05-16,449.82342529296875,454.2699890136719,0.0,454.3599853515625,448.7300109863281,452.04998779296875,0.0,23849800
2025-05-19,454.37841796875,458.8699951171875,0.0,459.5899963378906,450.79998779296875,450.8800048828125,0.0,21336500
2025-05-20,453.685302734375,458.1700134277344,0.0,458.3399963378906,454.32000732421875,455.5899963378906,0.0,15441800
2025-05-21,448.14007568359375,452.57000732421875,0.0,457.7799987792969,451.80999755859375,454.57000732421875,0.0,19216900
2025-05-22,450.40765380859375,454.8599853515625,0.0,460.25,453.8999938964844,454.95001220703125,0.0,18025600
2025-05-23,445.7734680175781,450.17999267578125,0.0,453.69000244140625,448.9100036621094,449.9800109863281,0.0,16883500
2025-05-27,456.18060302734375,460.69000244140625,0.0,460.95001220703125,456.1199951171875,456.4800109863281,0.0,20974300
2025-05-28,452.8831787109375,457.3599853515625,0.0,462.5199890136719,456.92999267578125,461.2200012207031,0.0,17086300
2025-05-29,454.1903076171875,458.67999267578125,0.0,461.7200012207031,455.30999755859375,461.54998779296875,0.0,13974800
2025-05-30,455.8537902832031,460.3599853515625,0.0,461.67999267578125,455.5400085449219,459.7200012207031,0.0,34770500
2025-06-02,457.4480895996094,461.9700012207031,0.0,462.1099853515625,456.8900146484375,457.1400146484375,0.0,16626500
2025-06-03,458.43829345703125,462.9700012207031,0.0,464.1400146484375,460.8599853515625,461.4700012207031,0.0,15743800
2025-06-04,459.3294982910156,463.8699951171875,0.0,465.69000244140625,463.0199890136719,464.0,0.0,14162700
2025-06-05,463.1021728515625,467.67999267578125,0.0,469.6499938964844,464.0299987792969,464.9599914550781,0.0,20131700
2025-06-06,465.7757263183594,470.3800048828125,0.0,473.3399963378906,468.7799987792969,470.0899963378906,0.0,15285600
2025-06-09,468.12255859375,472.75,0.0,473.42999267578125,468.6199951171875,469.70001220703125,0.0,16469900
2025-06-10,466.3104553222656,470.9200134277344,0.0,472.79998779296875,466.9599914550781,471.19000244140625,0.0,15375900
2025-06-11,467.99383544921875,472.6199951171875,0.0,475.4700012207031,469.6600036621094,470.0199890136719,0.0,16399200
2025-06-12,474.1826477050781,478.8699951171875,0.0,480.4200134277344,473.5199890136719,475.0199890136719,0.0,18950600
2025-06-13,470.3109130859375,474.9599914550781,0.0,479.17999267578125,472.760009765625,476.4100036621094,0.0,16814500
2025-06-16,474.45001220703125,479.1400146484375,0.0,480.69000244140625,475.0,475.2099914550781,0.0,15626100
2025-06-17,473.3607482910156,478.0400085449219,0.0,478.739990234375,474.0799865722656,475.3999938964844,0.0,15414100
2025-06-18,475.53924560546875,480.239990234375,0.0,481.0,474.4599914550781,478.0,0.0,17526500
2025-06-20,472.7270202636719,477.3999938964844,0.0,483.4599914550781,476.8699951171875,482.2300109863281,0.0,37576200
2025-06-23,481.24285888671875,486.0,0.0,487.75,472.510009765625,478.2099914550781,0.0,24864000
2025-06-24,485.3125915527344,490.1099853515625,0.0,491.8500061035156,486.79998779296875,488.95001220703125,0.0,22305600
2025-06-25,487.45147705078125,492.2699890136719,0.0,494.55999755859375,489.3900146484375,492.0400085449219,0.0,17495100
2025-06-26,492.580810546875,497.45001220703125,0.0,498.0400085449219,492.80999755859375,492.9800109863281,0.0,21578900
2025-06-27,491.0855712890625,495.94000244140625,0.0,499.29998779296875,493.0299987792969,497.54998779296875,0.0,34539200
2025-06-30,492.5411682128906,497.4100036621094,0.0,500.760009765625,495.3299865722656,497.0400085449219,0.0,28369000
2025-07-01,487.2336120605469,492.04998779296875,0.0,498.04998779296875,490.9800109863281,496.4700012207031,0.0,19945400
2025-07-02,486.28302001953125,491.0899963378906,0.0,493.5,488.70001220703125,489.989990234375,0.0,16319600
2025-07-03,493.9571838378906,498.8399963378906,0.0,500.1300048828125,493.44000244140625,493.80999755859375,0.0,13984800
2025-07-07,492.84814453125,497.7200012207031,0.0,498.75,495.2300109863281,497.3800048828125,0.0,13981600
2025-07-08,491.7589111328125,496.6199951171875,0.0,498.20001220703125,494.1099853515625,497.239990234375,0.0,11846600
2025-07-09,498.58148193359375,503.510009765625,0.0,506.7799987792969,499.739990234375,500.29998779296875,0.0,18659500
2025-07-10,496.5713195800781,501.4800109863281,0.0,504.44000244140625,497.75,503.04998779296875,0.0,16492100
2025-07-11,498.3933410644531,503.32000732421875,0.0,505.0299987792969,497.79998779296875,498.4700012207031,0.0,16459500
2025-07-14,498.0962219238281,503.0199890136719,0.0,503.9700012207031,501.0299987792969,501.5199890136719,0.0,12058800
2025-07-15,500.8688659667969,505.82000732421875,0.0,508.29998779296875,502.7900085449219,503.0199890136719,0.0,14927200
2025-07-16,500.6708068847656,505.6199951171875,0.0,506.7200012207031,501.8900146484375,505.17999267578125,0.0,15154400
2025-07-17,506.6912841796875,511.70001220703125,0.0,513.3699951171875,505.6199951171875,505.67999267578125,0.0,17503100
2025-07-18,505.05743408203125,510.04998779296875,0.0,514.6400146484375,507.42999267578125,514.47998046875,0.0,21209700
2025-07-21,505.0673522949219,510.05999755859375,0.0,512.0900268554688,505.54998779296875,506.7099914550781,0.0,14066800
2025-07-22,500.32421875,505.2699890136719,0.0,511.20001220703125,505.2699890136719,510.9700012207031,0.0,13868600
2025-07-23,500.9183349609375,505.8699951171875,0.0,506.7900085449219,500.70001220703125,506.75,0.0,16396600
2025-07-24,505.87933349609375,510.8800048828125,0.0,513.6699829101562,507.29998779296875,508.7699890136719,0.0,16107000
2025-07-25,508.681640625,513.7100219726562,0.0,518.2899780273438,510.3599853515625,512.469970703125,0.0,19125700
2025-07-28,507.4834899902344,512.5,0.0,515.0,510.1199951171875,514.0800170898438,0.0,14308000
2025-07-29,507.55279541015625,512.5700073242188,0.0,517.6199951171875,511.55999755859375,515.530029296875,0.0,16469200
2025-07-30,508.21624755859375,513.239990234375,0.0,515.9500122070312,509.44000244140625,515.1699829101562,0.0,26380400
2025-07-31,528.2778930664062,533.5,0.0,555.4500122070312,531.9000244140625,555.22998046875,0.0,51617300
2025-08-01,518.9798583984375,524.1099853515625,0.0,535.7999877929688,520.8599853515625,535.0,0.0,28977600
2025-08-04,530.39697265625,535.6400146484375,0.0,538.25,528.1300048828125,528.27001953125,0.0,25349000
2025-08-05,522.5841674804688,527.75,0.0,537.2999877929688,527.239990234375,537.1799926757812,0.0,19171600
2025-08-06,519.8016967773438,524.9400024414062,0.0,531.7000122070312,524.030029296875,530.9000244140625,0.0,21355700
2025-08-07,515.7418823242188,520.8400268554688,0.0,528.0900268554688,517.5499877929688,526.7999877929688,0.0,16079100
2025-08-08,516.9300537109375,522.0399780273438,0.0,524.6599731445312,519.4099731445312,522.5999755859375,0.0,15531000
2025-08-11,516.6627197265625,521.77001953125,0.0,527.5900268554688,519.719970703125,522.2999877929688,0.0,20194400
2025-08-12,524.0595703125,529.239990234375,0.0,530.97998046875,522.7000122070312,523.75,0.0,18667000
2025-08-13,515.4844360351562,520.5800170898438,0.0,532.7000122070312,519.3699951171875,532.1099853515625,0.0,19619200
2025-08-14,517.3657836914062,522.47998046875,0.0,525.9500122070312,520.1400146484375,522.5599975585938,0.0,20269100
2025-08-15,515.0783081054688,520.1699829101562,0.0,526.0999755859375,519.0800170898438,522.77001953125,0.0,25213300
2025-08-18,512.0384521484375,517.0999755859375,0.0,522.8200073242188,514.02001953125,521.5900268554688,0.0,23760600
2025-08-19,504.7801513671875,509.7699890136719,0.0,515.1599731445312,508.54998779296875,515.0,0.0,21481000
2025-08-20,500.76983642578125,505.7200012207031,0.0,511.0,504.44000244140625,509.8699951171875,0.0,27723000
2025-08-21,500.1250915527344,504.239990234375,0.83,507.6300048828125,502.7200012207031,503.69000244140625,0.0,18443300
2025-08-22,503.09075927734375,507.2300109863281,0.0,510.7300109863281,502.4100036621094,504.25,0.0,24324200
2025-08-25,500.1449890136719,504.260009765625,0.0,508.19000244140625,504.1199951171875,506.6300048828125,0.0,21638600
2025-08-26,497.943115234375,502.0400085449219,0.0,504.9800109863281,498.510009765625,504.3599853515625,0.0,30835700
2025-08-27,502.604736328125,506.739990234375,0.0,507.2900085449219,499.8999938964844,502.0,0.0,17277900
2025-08-28,505.4811096191406,509.6400146484375,0.0,511.0899963378906,505.5,507.0899963378906,0.0,18015600
2025-08-29,502.5551452636719,506.69000244140625,0.0,509.6000061035156,504.489990234375,508.6600036621094,0.0,20961600
2025-09-02,500.9979248046875,505.1199951171875,0.0,506.0,496.80999755859375,500.4700012207031,0.0,18128000
2025-09-03,501.22607421875,505.3500061035156,0.0,507.7900085449219,502.32000732421875,503.7900085449219,0.0,16345100
2025-09-04,503.82470703125,507.9700012207031,0.0,508.1499938964844,503.1499938964844,504.29998779296875,0.0,15509500
2025-09-05,490.9605407714844,495.0,0.0,511.9700012207031,492.3699951171875,509.07000732421875,0.0,31994800
2025-09-08,494.1344299316406,498.20001220703125,0.0,501.20001220703125,495.0299987792969,498.1099853515625,0.0,16771000
2025-09-09,494.34271240234375,498.4100036621094,0.0,502.25,497.70001220703125,501.42999267578125,0.0,14410500
2025-09-10,496.2867126464844,500.3699951171875,0.0,503.2300109863281,496.7200012207031,502.9800109863281,0.0,21611800
2025-09-11,496.9215087890625,501.010009765625,0.0,503.1700134277344,497.8800048828125,502.25,0.0,18881600
2025-09-12,505.73895263671875,509.8999938964844,0.0,512.5499877929688,503.8500061035156,506.6499938964844,0.0,23624900
2025-09-15,511.1543884277344,515.3599853515625,0.0,515.469970703125,507.0,508.7900085449219,0.0,17143800
2025-09-16,504.8859558105469,509.0400085449219,0.0,517.22998046875,508.6000061035156,516.8800048828125,0.0,19711900
2025-09-17,505.85797119140625,510.0199890136719,0.0,511.2900085449219,505.92999267578125,510.6199951171875,0.0,15816600
2025-09-18,504.3008117675781,508.45001220703125,0.0,513.0700073242188,507.6600036621094,511.489990234375,0.0,18913700
2025-09-19,513.7034301757812,517.9299926757812,0.0,519.2999877929688,510.30999755859375,510.55999755859375,0.0,52474100
2025-09-22,510.2518310546875,514.4500122070312,0.0,517.739990234375,512.5399780273438,515.5900268554688,0.0,20009300
2025-09-23,505.074462890625,509.2300109863281,0.0,514.5900268554688,507.30999755859375,513.7999877929688,0.0,19799600
2025-09-24,505.9869079589844,510.1499938964844,0.0,512.47998046875,506.9200134277344,510.3800048828125,0.0,13533700
2025-09-25,502.8923645019531,507.0299987792969,0.0,510.010009765625,505.0400085449219,508.29998779296875,0.0,15786500
2025-09-26,507.2861633300781,511.4599914550781,0.0,513.9400024414062,506.6199951171875,510.05999755859375,0.0,16213100
2025-09-29,510.4005432128906,514.5999755859375,0.0,516.8499755859375,508.8800048828125,511.5,0.0,17617800
2025-09-30,513.7232666015625,517.9500122070312,0.0,518.1599731445312,509.6600036621094,513.239990234375,0.0,19728200
2025-10-01,515.4688720703125,519.7100219726562,0.0,520.510009765625,511.69000244140625,514.7999877929688,0.0,22632300
2025-10-02,511.53125,515.739990234375,0.0,521.5999755859375,510.67999267578125,517.6400146484375,0.0,21222900
2025-10-03,513.1281127929688,517.3499755859375,0.0,520.489990234375,515.0,517.0999755859375,0.0,15112300
2025-10-06,524.256591796875,528.5700073242188,0.0,531.030029296875,518.2000122070312,518.6099853515625,0.0,21388600
2025-10-07,519.7040405273438,523.97998046875,0.0,529.7999877929688,521.4400024414062,528.2899780273438,0.0,14615200
2025-10-08,520.56689453125,524.8499755859375,0.0,526.9500122070312,523.0900268554688,523.280029296875,0.0,13363400
2025-10-09,518.136962890625,522.4000244140625,0.0,524.3300170898438,517.4000244140625,522.3400268554688,0.0,18343600
2025-10-10,506.790283203125,510.9599914550781,0.0,523.5800170898438,509.6300048828125,519.6400146484375,0.0,24133800
2025-10-13,509.8551025390625,514.0499877929688,0.0,516.4099731445312,511.67999267578125,516.4099731445312,0.0,14284200
2025-10-14,509.3789367675781,513.5700073242188,0.0,515.280029296875,506.0,510.2300109863281,0.0,14684300
2025-10-15,509.2401428222656,513.4299926757812,0.0,517.1900024414062,510.0,514.9600219726562,0.0,14694700
2025-10-16,507.4349670410156,511.6099853515625,0.0,516.8499755859375,508.1300048828125,512.5800170898438,0.0,15559600
2025-10-17,509.3889465332031,513.5800170898438,0.0,515.47998046875,507.30999755859375,509.0400085449219,0.0,19867800
2025-10-20,512.5726928710938,516.7899780273438,0.0,518.7000122070312,513.4299926757812,514.6099853515625,0.0,14665600
2025-10-21,513.4356079101562,517.6599731445312,0.0,518.6900024414062,513.0399780273438,517.5,0.0,15586200
2025-10-22,516.2920532226562,520.5399780273438,0.0,525.22998046875,517.7100219726562,521.1500244140625,0.0,18962700
2025-10-23,516.3119506835938,520.5599975585938,0.0,523.9500122070312,518.6099853515625,522.4600219726562,0.0,14023500
2025-10-24,519.3370361328125,523.6099853515625,0.0,525.3499755859375,520.7100219726562,522.7899780273438,0.0,15532400
2025-10-27,527.1825561523438,531.52001953125,0.0,534.5800170898438,529.010009765625,531.780029296875,0.0,18734700
2025-10-28,537.6463623046875,542.0700073242188,0.0,553.719970703125,540.77001953125,550.0,0.0,29986700
2025-10-29,537.130615234375,541.5499877929688,0.0,546.27001953125,536.72998046875,544.9400024414062,0.0,36023000
2025-10-30,521.469482421875,525.760009765625,0.0,534.969970703125,522.1199951171875,530.47998046875,0.0,41023100
2025-10-31,513.5843505859375,517.8099975585938,0.0,529.3200073242188,515.0999755859375,528.8800048828125,0.0,34006400
2025-11-03,512.8107299804688,517.030029296875,0.0,524.9600219726562,514.5900268554688,519.8099975585938,0.0,22374700
2025-11-04,510.1328430175781,514.3300170898438,0.0,515.5499877929688,507.8399963378906,511.760009765625,0.0,20958700
2025-11-05,503.02130126953125,507.1600036621094,0.0,514.8300170898438,506.5799865722656,513.2999877929688,0.0,23024300
2025-11-06,493.04339599609375,497.1000061035156,0.0,505.70001220703125,495.80999755859375,505.6600036621094,0.0,27406500
2025-11-07,492.76568603515625,496.82000732421875,0.0,499.3800048828125,493.25,496.95001220703125,0.0,24019800
2025-11-10,501.8707580566406,506.0,0.0,506.8500061035156,498.79998779296875,500.0400085449219,0.0,26101500
2025-11-11,504.5289001464844,508.67999267578125,0.0,509.6000061035156,502.3500061035156,504.79998779296875,0.0,17980000
2025-11-12,506.9688415527344,511.1400146484375,0.0,511.6700134277344,499.1199951171875,509.3599853515625,0.0,26574900
2025-11-13,499.182861328125,503.2900085449219,0.0,513.5,501.2900085449219,510.30999755859375,0.0,25273100
2025-11-14,506.0166931152344,510.17999267578125,0.0,511.6000061035156,497.44000244140625,498.2300109863281,0.0,28505700
2025-11-17,503.3486022949219,507.489990234375,0.0,512.1199951171875,504.9100036621094,508.45001220703125,0.0,19092800
2025-11-18,489.76043701171875,493.7900085449219,0.0,502.9800109863281,486.7799987792969,495.3699951171875,0.0,33815100
2025-11-19,483.1448669433594,487.1199951171875,0.0,495.19000244140625,482.8299865722656,490.1000061035156,0.0,23245300
2025-11-20,475.4139099121094,478.42999267578125,0.91,493.57000732421875,475.5,492.7099914550781,0.0,26802500
2025-11-21,469.1436462402344,472.1199951171875,0.0,478.9200134277344,468.2699890136719,478.5,0.0,31769200
2025-11-24,471.0118408203125,474.0,0.0,476.8999938964844,468.0199890136719,475.0,0.0,34421000
2025-11-25,473.9829406738281,476.989990234375,0.0,479.1499938964844,464.8900146484375,474.07000732421875,0.0,28019800
2025-11-26,482.4393005371094,485.5,0.0,488.30999755859375,481.20001220703125,486.30999755859375,0.0,25709100
2025-11-28,488.9082946777344,492.010009765625,0.0,492.6300048828125,486.6499938964844,487.6000061035156,0.0,14386700
2025-12-01,483.6714782714844,486.739990234375,0.0,489.8599853515625,484.6499938964844,488.44000244140625,0.0,23964000
2025-12-02,486.91094970703125,490.0,0.0,493.5,486.32000732421875,486.7200012207031,0.0,19562700
2025-12-03,474.7182922363281,477.7300109863281,0.0,484.239990234375,475.20001220703125,476.32000732421875,0.0,34615100
2025-12-04,477.8086853027344,480.8399963378906,0.0,481.32000732421875,476.489990234375,479.760009765625,0.0,22318200
2025-12-05,480.11407470703125,483.1600036621094,0.0,483.3999938964844,478.8800048828125,482.5199890136719,0.0,22608700
2025-12-08,487.9245300292969,491.0199890136719,0.0,492.29998779296875,484.3800048828125,484.8900146484375,0.0,21965900
2025-12-09,488.9181823730469,492.0199890136719,0.0,492.1199951171875,488.5,489.1000061035156,0.0,14696100
2025-12-10,475.5430603027344,478.55999755859375,0.0,484.25,475.0799865722656,484.0299987792969,0.0,35756200
2025-12-11,480.422119140625,483.4700012207031,0.0,486.0299987792969,475.8599853515625,476.6300048828125,0.0,24669200
2025-12-12,475.51324462890625,478.5299987792969,0.0,482.45001220703125,476.3399963378906,479.82000732421875,0.0,21248100
2025-12-15,471.82666015625,474.82000732421875,0.0,480.7200012207031,472.5199890136719,480.1000061035156,0.0,23727700
2025-12-16,473.38677978515625,476.3900146484375,0.0,477.8900146484375,470.8800048828125,471.9100036621094,0.0,20705600
2025-12-17,473.1184387207031,476.1199951171875,0.0,480.0,475.0,476.9100036621094,0.0,24527200
2025-12-18,480.92889404296875,483.9800109863281,0.0,489.6000061035156,477.8900146484375,478.19000244140625,0.0,28573500
2025-12-19,482.8566589355469,485.9200134277344,0.0,487.8500061035156,482.489990234375,487.3599853515625,0.0,70836100
2025-12-22,481.8630065917969,484.9200134277344,0.0,488.7300109863281,482.69000244140625,486.1199951171875,0.0,16963000
2025-12-23,483.78082275390625,486.8500061035156,0.0,487.8299865722656,484.739990234375,484.9800109863281,0.0,14683600
2025-12-24,484.94342041015625,488.0199890136719,0.0,489.1600036621094,484.8299865722656,485.67999267578125,0.0,5855900
2025-12-26,484.6354064941406,487.7099914550781,0.0,488.1199951171875,485.9599914550781,486.7099914550781,0.0,8842200
2025-12-29,484.02923583984375,487.1000061035156,0.0,488.3500061035156,484.17999267578125,484.8599853515625,0.0,10893400
2025-12-30,484.4068603515625,487.4800109863281,0.0,489.67999267578125,485.5,485.92999267578125,0.0,13944500
2025-12-31,480.5711669921875,483.6199951171875,0.0,488.1400146484375,483.29998779296875,487.8399963378906,0.0,15601600
2026-01-02,469.95849609375,472.94000244140625,0.0,484.6600036621094,470.1600036621094,484.3900146484375,0.0,25571600
2026-01-05,469.86907958984375,472.8500061035156,0.0,476.07000732421875,469.5,474.05999755859375,0.0,25250300
2026-01-06,475.493408203125,478.510009765625,0.0,478.739990234375,469.75,473.79998779296875,0.0,23037700
2026-01-07,480.422119140625,483.4700012207031,0.0,489.70001220703125,477.95001220703125,479.760009765625,0.0,25564200
2026-01-08,475.09588623046875,478.1099853515625,0.0,482.6600036621094,475.8599853515625,481.239990234375,0.0,18162600
2026-01-09,476.2585144042969,479.2799987792969,0.0,479.82000732421875,472.20001220703125,474.05999755859375,0.0,18491000
2026-01-12,474.1717529296875,477.17999267578125,0.0,480.989990234375,475.67999267578125,476.6700134277344,0.0,23519900
2026-01-13,467.70281982421875,470.6700134277344,0.0,475.7799987792969,465.95001220703125,474.67999267578125,0.0,28545800
2026-01-14,456.4840087890625,459.3800048828125,0.0,468.20001220703125,457.1700134277344,466.4599914550781,0.0,28184300
2026-01-15,453.7811584472656,456.6600036621094,0.0,464.25,455.8999938964844,464.1199951171875,0.0,23225800
2026-01-16,456.9609680175781,459.8599853515625,0.0,463.19000244140625,456.4800109863281,457.8299865722656,0.0,34246700
2026-01-20,451.65460205078125,454.5199890136719,0.0,456.79998779296875,449.2799987792969,451.2200012207031,0.0,26130000
2026-01-21,441.3102111816406,444.1099853515625,0.0,452.69000244140625,438.67999267578125,452.6000061035156,0.0,37980500
2026-01-22,448.2959289550781,451.1400146484375,0.0,452.8399963378906,444.70001220703125,447.6199951171875,0.0,25349400
2026-01-23,463.0125732421875,465.95001220703125,0.0,471.1000061035156,450.5299987792969,451.8699951171875,0.0,38000200
2026-01-26,467.31524658203125,470.2799987792969,0.0,474.25,462.0,465.30999755859375,0.0,29291200
2026-01-27,477.55035400390625,480.5799865722656,0.0,482.8699951171875,473.1600036621094,473.70001220703125,0.0,29213900
2026-01-28,478.59368896484375,481.6300048828125,0.0,483.739990234375,478.0,483.2099914550781,0.0,36875400
2026-01-29,430.76715087890625,433.5,0.0,442.5,421.0199890136719,439.989990234375,0.0,128855300
2026-01-30,427.5773620605469,430.2900085449219,0.0,439.6000061035156,426.45001220703125,439.1700134277344,0.0,58566800
2026-02-02,420.7010192871094,423.3699951171875,0.0,430.739990234375,422.25,430.239990234375,0.0,42219900
2026-02-03,408.6176452636719,411.2099914550781,0.0,422.04998779296875,408.55999755859375,422.010009765625,0.0,61424100
2026-02-04,411.5788879394531,414.19000244140625,0.0,419.79998779296875,409.239990234375,411.0,0.0,45012400
2026-02-05,391.188232421875,393.6700134277344,0.0,408.29998779296875,392.32000732421875,407.44000244140625,0.0,66289200
2026-02-06,398.61114501953125,401.1400146484375,0.0,401.7900085449219,392.9200134277344,399.1700134277344,0.0,53515300
2026-02-09,410.9925842285156,413.6000061035156,0.0,414.8900146484375,400.8699951171875,404.8500061035156,0.0,45480500
2026-02-10,410.6646728515625,413.2699890136719,0.0,423.67999267578125,412.70001220703125,419.6199951171875,0.0,44857900
2026-02-11,401.82073974609375,404.3699951171875,0.0,416.4599914550781,401.010009765625,416.17999267578125,0.0,42491000
2026-02-12,399.30670166015625,401.8399963378906,0.0,406.20001220703125,398.010009765625,405.0,0.0,40802400
2026-02-13,398.7900085449219,401.32000732421875,0.0,405.5400085449219,398.04998779296875,404.45001220703125,0.0,34091600
2026-02-17,394.3581237792969,396.8599853515625,0.0,400.5199890136719,394.5299987792969,399.2200012207031,0.0,32078800
2026-02-18,397.0808410644531,399.6000061035156,0.0,402.55999755859375,396.32000732421875,398.1300048828125,0.0,23223400
2026-02-19,396.8517761230469,398.4599914550781,0.91,404.42999267578125,396.6700134277344,400.69000244140625,0.0,28234000
2026-02-20,395.6267395019531,397.2300109863281,0.0,400.1199951171875,395.1600036621094,396.1099853515625,0.0,34015200
2026-02-23,382.918212890625,384.4700012207031,0.0,395.3599853515625,383.1000061035156,395.0,0.0,43238300
2026-02-24,387.4299621582031,389.0,0.0,389.3599853515625,381.7099914550781,384.1400146484375,0.0,33884700
2026-02-25,398.9831237792969,400.6000061035156,0.0,401.4700012207031,390.1600036621094,390.5299987792969,0.0,43625500
2026-02-26,400.0986022949219,401.7200012207031,0.0,407.489990234375,398.739990234375,404.7099914550781,0.0,34405900
2026-02-27,391.15484619140625,392.739990234375,0.0,396.82000732421875,389.8800048828125,390.8800048828125,0.0,51367200
2026-03-02,396.9413757324219,398.54998779296875,0.0,401.19000244140625,390.6300048828125,392.8599853515625,0.0,35474900
2026-03-03,402.2996826171875,403.92999267578125,0.0,406.70001220703125,392.6700134277344,393.1400146484375,0.0,38199200
2026-03-04,403.5645751953125,405.20001220703125,0.0,411.0299987792969,400.30999755859375,401.2699890136719,0.0,35808000
2026-03-05,409.0224304199219,410.67999267578125,0.0,411.6099853515625,404.3999938964844,404.4200134277344,0.0,39001300
2026-03-06,407.30938720703125,408.9599914550781,0.0,413.04998779296875,408.510009765625,409.20001220703125,0.0,31123900
2026-03-09,407.757568359375,409.4100036621094,0.0,410.2099914550781,403.5,404.9200134277344,0.0,30131900
2026-03-10,404.122314453125,405.760009765625,0.0,410.20001220703125,402.92999267578125,410.0299987792969,0.0,31706400
2026-03-11,403.245849609375,404.8800048828125,0.0,409.010009765625,401.5899963378906,405.57000732421875,0.0,25512100
2026-03-12,400.238037109375,401.8599853515625,0.0,406.1199951171875,401.7099914550781,404.6300048828125,0.0,27263900
2026-03-13,393.9534912109375,395.54998779296875,0.0,404.79998779296875,394.25,401.0,0.0,26848000
2026-03-16,398.33575439453125,399.95001220703125,0.0,400.6300048828125,394.7900085449219,398.07000732421875,0.0,27733700
2026-03-17,397.79791259765625,399.4100036621094,0.0,404.3999938964844,397.75,400.2699890136719,0.0,26228300
2026-03-18,390.2087097167969,391.7900085449219,0.0,398.0,391.0,397.1300048828125,0.0,25908500
2026-03-19,387.4498596191406,389.0199890136719,0.0,392.489990234375,387.05999755859375,390.1000061035156,0.0,25138800
2026-03-20,380.3287353515625,381.8699951171875,0.0,387.0,380.1199951171875,386.7900085449219,0.0,50853200
2026-03-23,381.4541931152344,383.0,0.0,387.2099914550781,381.67999267578125,383.8999938964844,0.0,29680100
2026-03-24,371.2355651855469,372.739990234375,0.0,382.4700012207031,371.8500061035156,382.3599853515625,0.0,42733600
2026-03-25,369.5424499511719,371.0400085449219,0.0,377.05999755859375,369.6300048828125,376.9200134277344,0.0,31181200
2026-03-26,364.492919921875,365.9700012207031,0.0,374.7200012207031,365.19000244140625,370.82000732421875,0.0,36836600
2026-03-27,355.33001708984375,356.7699890136719,0.0,362.45001220703125,356.510009765625,361.8999938964844,0.0,37883400
2026-03-30,357.51116943359375,358.9599914550781,0.0,365.3599853515625,356.2799987792969,361.8999938964844,0.0,44797000
2026-03-31,368.67596435546875,370.1700134277344,0.0,372.8999938964844,363.07000732421875,364.54998779296875,0.0,45244400
2026-04-01,367.8791809082031,369.3699951171875,0.0,373.989990234375,368.20001220703125,373.489990234375,0.0,29417200
2026-04-02,371.9526672363281,373.4599914550781,0.0,373.6400146484375,364.1499938964844,367.2099914550781,0.0,24099100
2026-04-06,371.375,372.8800048828125,0.0,373.7300109863281,369.5,373.489990234375,0.0,16146600
2026-04-07,370.78741455078125,372.2900085449219,0.0,372.45001220703125,366.55999755859375,370.3399963378906,0.0,21443300
2026-04-08,372.81915283203125,374.3299865722656,0.0,385.0,371.4100036621094,384.9800109863281,0.0,33064800
2026-04-09,371.56427001953125,373.07000732421875,0.0,373.5,367.04998779296875,372.5,0.0,30435300
2026-04-10,369.3731384277344,370.8699951171875,0.0,375.6400146484375,370.0299987792969,372.9800109863281,0.0,28111100
2026-04-13,382.8186340332031,384.3699951171875,0.0,384.5400085449219,371.0199890136719,373.6099853515625,0.0,35745800
2026-04-14,391.5233459472656,393.1099853515625,0.0,394.69000244140625,386.5199890136719,387.9200134277344,0.0,37504500
2026-04-15,409.5602722167969,411.2200012207031,0.0,414.3699951171875,396.7300109863281,398.0,0.0,45063400
2026-04-16,418.56378173828125,420.260009765625,0.0,420.82000732421875,412.1400146484375,419.8599853515625,0.0,41642400
2026-04-17,421.0835876464844,422.7900085449219,0.0,431.5799865722656,420.69000244140625,424.82000732421875,0.0,48568200
2026-04-20,416.38262939453125,418.07000732421875,0.0,423.3299865722656,416.29998779296875,421.1499938964844,0.0,27582200
2026-04-21,422.44805908203125,424.1600036621094,0.0,427.17999267578125,417.20001220703125,420.239990234375,0.0,32048500
2026-04-22,431.1726989746094,432.9200134277344,0.0,433.70001220703125,423.6700134277344,426.19000244140625,0.0,29378200
2026-04-23,414.07196044921875,415.75,0.0,423.6600036621094,411.4100036621094,419.8900146484375,0.0,38308000
2026-04-24,422.90618896484375,424.6199951171875,0.0,424.95001220703125,415.79998779296875,416.9700012207031,0.0,27457400
2026-04-27,423.1053771972656,424.82000732421875,0.0,427.1099853515625,417.07000732421875,422.3800048828125,0.0,30867300
2026-04-28,427.5174865722656,429.25,0.0,429.9200134277344,421.8999938964844,424.57000732421875,0.0,30438100
2026-04-29,422.7467956542969,424.4599914550781,0.0,426.82000732421875,420.2900085449219,424.5799865722656,0.0,38288300
2026-04-30,406.1341552734375,407.7799987792969,0.0,414.4200134277344,398.010009765625,410.80999755859375,0.0,70909400
2026-05-01,412.76727294921875,414.44000244140625,0.0,417.1099853515625,410.44000244140625,412.79998779296875,0.0,31372400
2026-05-04,411.9505615234375,413.6199951171875,0.0,420.7799987792969,410.79998779296875,411.5400085449219,0.0,28066500
2026-05-05,409.7196350097656,411.3800048828125,0.0,416.7799987792969,408.79998779296875,415.32000732421875,0.0,25700900
2026-05-06,412.2891845703125,413.9599914550781,0.0,418.4200134277344,405.1099853515625,408.0,0.0,30285900
2026-05-07,419.07171630859375,420.7699890136719,0.0,427.9800109863281,418.760009765625,420.1099853515625,0.0,34942400
2026-05-08,413.44451904296875,415.1199951171875,0.0,418.6300048828125,414.0,417.3900146484375,0.0,33383800
2026-05-11,410.99444580078125,412.6600036621094,0.0,412.69000244140625,405.5,407.8699951171875,0.0,35657900
2026-05-12,406.1241760253906,407.7699890136719,0.0,415.5,406.6400146484375,414.4800109863281,0.0,38594200
2026-05-13,403.57452392578125,405.2099914550781,0.0,406.30999755859375,401.0299987792969,403.20001220703125,0.0,29667100
2026-05-14,407.7774963378906,409.42999267578125,0.0,411.8399963378906,400.8800048828125,404.4800109863281,0.0,27077500
2026-05-15,420.2170715332031,421.9200134277344,0.0,428.1700134277344,412.9100036621094,414.2699890136719,0.0,50771200
2026-05-18,421.83056640625,423.5400085449219,0.0,425.1199951171875,415.6099853515625,416.6199951171875,0.0,32564100
2026-05-19,415.7352600097656,417.4200134277344,0.0,432.70001220703125,416.489990234375,429.8999938964844,0.0,33018700
2026-05-20,419.36053466796875,421.05999755859375,0.0,422.1000061035156,411.29998779296875,414.1700134277344,0.0,27864000
2026-05-21,418.3025207519531,419.0899963378906,0.91,426.3399963378906,415.7099914550781,424.75,0.0,31393500
2026-05-22,417.7835388183594,418.57000732421875,0.0,424.3999938964844,416.3299865722656,419.5400085449219,0.0,22390300
2026-05-26,415.248291015625,416.0299987792969,0.0,419.7699890136719,413.0199890136719,416.42999267578125,0.0,30398000
2026-05-27,411.8946228027344,412.6700134277344,0.0,415.94000244140625,409.5799865722656,411.010009765625,0.0,28901500
2026-05-28,426.18768310546875,426.989990234375,0.0,429.489990234375,412.6700134277344,412.9800109863281,0.0,47250500
2026-05-29,449.3940124511719,450.239990234375,0.0,450.3299865722656,432.3599853515625,432.54998779296875,0.0,79654400
2026-06-01,459.6546936035156,460.5199890136719,0.0,466.32000732421875,458.2699890136719,464.8399963378906,0.0,53628900
2026-06-02,440.48077392578125,441.30999755859375,0.0,453.5,440.42999267578125,446.8800048828125,0.0,37036800
2026-06-03,426.53704833984375,427.3399963378906,0.0,440.3900146484375,424.25,438.45001220703125,0.0,39037000
2026-06-04,427.2456970214844,428.04998779296875,0.0,436.1499938964844,426.4100036621094,435.80999755859375,0.0,26899500
2026-06-05,415.8870849609375,416.6700134277344,0.0,429.4700012207031,414.3999938964844,428.3399963378906,0.0,34782200
2026-06-08,410.9663391113281,411.739990234375,0.0,417.1600036621094,408.55999755859375,414.1400146484375,0.0,32086700
2026-06-09,402.6520080566406,403.4100036621094,0.0,411.9800109863281,398.4800109863281,409.0299987792969,0.0,35317300
2026-06-10,396.61334228515625,397.3599853515625,0.0,405.0400085449219,397.1600036621094,398.54998779296875,0.0,32576000
2026-06-11,389.6065673828125,390.3399963378906,0.0,396.8500061035156,384.0,395.2099914550781,0.0,47224100
2026-06-12,390.00579833984375,390.739990234375,0.0,391.739990234375,382.2699890136719,391.42999267578125,0.0,34865800
2026-06-15,399.0088806152344,399.760009765625,0.0,401.75,392.8500061035156,396.79998779296875,0.0,32266400
2026-06-16,393.0899963378906,393.8299865722656,0.0,396.8399963378906,390.69000244140625,395.7900085449219,0.0,31506800
2026-06-17,378.1980285644531,378.9100036621094,0.0,390.3699951171875,377.32000732421875,390.25,0.0,41987800
2026-06-18,378.6871032714844,379.3999938964844,0.0,381.3699951171875,373.2799987792969,377.82000732421875,0.0,59714200
2026-06-22,366.6497802734375,367.3399963378906,0.0,381.6300048828125,367.07000732421875,375.739990234375,0.0,45171100
2026-06-23,373.23736572265625,373.94000244140625,0.0,377.2200012207031,370.6700134277344,372.3800048828125,0.0,40647600
2026-06-24,364.7733154296875,365.4599914550781,0.0,378.8800048828125,364.7799987792969,371.57000732421875,0.0,44509900
2026-06-25,352.1670227050781,352.8299865722656,0.0,364.2300109863281,349.20001220703125,362.7699890136719,0.0,66179000
2026-06-26,372.2691955566406,372.9700012207031,0.0,376.6099853515625,355.42999267578125,357.1499938964844,0.0,186201600
2026-06-29,367.8774719238281,368.57000732421875,0.0,380.5,359.8999938964844,377.5,0.0,51229900
2026-06-30,372.319091796875,373.0199890136719,0.0,374.1499938964844,367.45001220703125,371.0299987792969,0.0,44945700
2026-07-01,383.5579528808594,384.2799987792969,0.0,388.8299865722656,374.8900146484375,380.8299865722656,0.0,48065800
2026-07-02,389.7562561035156,390.489990234375,0.0,392.20001220703125,383.70001220703125,384.4800109863281,0.0,42128900
2026-07-06,386.0133056640625,386.739990234375,0.0,389.1499938964844,381.2200012207031,387.0400085449219,0.0,34224500
2026-07-07,388.109375,388.8399963378906,0.0,395.57000732421875,388.2200012207031,392.489990234375,0.0,29297500
2026-07-08,382.6197204589844,383.3399963378906,0.0,385.30999755859375,381.3299865722656,384.0299987792969,0.0,25908300
2026-07-09,383.6377868652344,384.3599853515625,0.0,384.6499938964844,373.3500061035156,374.45001220703125,0.0,31083200
2026-07-10,384.37640380859375,385.1000061035156,0.0,391.9100036621094,381.5,387.79998779296875,0.0,24644600
2026-07-13,390.2553405761719,390.989990234375,0.0,393.6499938964844,384.1499938964844,387.75,0.0,28914900
2026-07-14,384.20672607421875,384.92999267578125,0.0,388.19000244140625,378.6499938964844,382.82000732421875,0.0,27863900
2026-07-15,394.8866271972656,395.6300048828125,0.0,398.9599914550781,386.3999938964844,387.79998779296875,0.0,36253700
2026-07-16,400.3463439941406,401.1000061035156,0.0,405.989990234375,392.04998779296875,398.30999755859375,0.0,37047400
2026-07-17,393.08001708984375,393.82000732421875,0.0,398.3900146484375,389.3900146484375,394.8599853515625,0.0,33049800
2026-07-20,401.53411865234375,402.2900085449219,0.0,403.17999267578125,389.6499938964844,391.4100036621094,0.0,27915800
2026-07-21,397.00262451171875,397.75,0.0,401.4700012207031,396.32000732421875,398.80999755859375,0.0,24126600
2026-07-22,389.6065673828125,390.3399963378906,0.0,401.0,386.9599914550781,399.5799865722656,0.0,28142500
2026-07-23,380.8630065917969,381.5799865722656,0.0,391.7799987792969,377.3900146484375,389.9700012207031,0.0,30351800
2026-07-24,380.9828186035156,381.70001220703125,0.0,389.0299987792969,380.6499938964844,387.04998779296875,0.0,27659400
2026-07-27,388.368896484375,389.1000061035156,0.0,394.20001220703125,387.989990234375,390.0799865722656,0.0,27856200
2026-07-28,392.61090087890625,393.3500061035156,0.0,400.32000732421875,391.29998779296875,393.1600036621094,0.0,32367500
2026-07-29,389.8061828613281,390.5400085449219,0.0,401.25,388.739990234375,393.3999938964844,0.0,47209000
2026-07-30,450.2524108886719,451.1000061035156,0.0,458.69000244140625,432.44000244140625,437.8999938964844,0.0,110160700
2026-07-31,463.8468017578125,464.7200012207031,0.0,466.8399963378906,449.3299865722656,450.0,0.0,60846000
2026-08-03,486.73370361328125,487.6499938964844,0.0,491.6499938964844,475.0,476.1300048828125,0.0,66762100
2026-08-04,491.884033203125,492.80999755859375,0.0,499.44000244140625,479.1700134277344,480.8999938964844,0.0,50455500
2026-08-05,486.5440673828125,487.4599914550781,0.0,498.239990234375,485.67999267578125,496.3599853515625,0.0,33388900
2026-08-06,498.9207458496094,499.8599853515625,0.0,501.55999755859375,488.5199890136719,488.54998779296875,0.0,36441500
2026-08-07,499.0505065917969,499.989990234375,0.0,505.17999267578125,498.7300109863281,499.2099914550781,0.0,28846200
2026-08-10,505.109130859375,506.05999755859375,0.0,513.72998046875,502.2699890136719,503.44000244140625,0.0,31206100
2026-08-11,502.86334228515625,503.80999755859375,0.0,505.3299865722656,499.54998779296875,504.3299865722656,0.0,23049800
2026-08-12,491.5047302246094,492.42999267578125,0.0,501.5,491.5199890136719,499.989990234375,0.0,29001500
2026-08-13,495.9463806152344,496.8800048828125,0.0,501.3399963378906,493.010009765625,493.2699890136719,0.0,23039000
2026-08-14,494.4691467285156,495.3999938964844,0.0,500.010009765625,493.9200134277344,496.3599853515625,0.0,16217600
2026-08-17,479.44744873046875,480.3500061035156,0.0,492.6600036621094,478.4100036621094,490.1400146484375,0.0,29635800
2026-08-18,480.72503662109375,481.6300048828125,0.0,484.2699890136719,477.1499938964844,481.5400085449219,0.0,24087600
2026-08-19,483.3999938964844,484.30999755859375,0.0,489.29998779296875,479.3599853515625,480.07000732421875,0.0,19961900
2026-08-20,481.1499938964844,481.1499938964844,0.91,484.1600036621094,479.5,483.29998779296875,0.0,20020800
2026-08-21,483.239990234375,483.239990234375,0.0,486.3599853515625,478.5299987792969,479.8800048828125,0.0,22510800
2026-08-24,487.30999755859375,487.30999755859375,0.0,490.6099853515625,481.8599853515625,483.2099914550781,0.0,17230800
2026-08-25,491.7099914550781,491.7099914550781,0.0,492.44000244140625,484.29998779296875,485.44000244140625,0.0,19519000
2026-08-26,496.3699951171875,496.3699951171875,0.0,497.3999938964844,487.30999755859375,487.8500061035156,0.0,20712000
